label,is_attack,id.resp_p,flow_duration,fwd_pkts_tot,bwd_pkts_tot,fwd_pkts_per_sec,bwd_pkts_per_sec,flow_pkts_per_sec,down_up_ratio,flow_SYN_flag_count,flow_ACK_flag_count,flow_RST_flag_count,fwd_pkts_payload.avg,bwd_pkts_payload.avg,flow_iat.avg,fwd_init_window_size,bwd_init_window_size,proto_tcp,proto_udp,proto_icmp
MQTT_Publish,0,0.68011,0.41502,0.28625,0.21102,0.01077,0.00665,0.01575,0.24000,0.50000,0.29579,0.28906,0.30265,0.26712,0.84160,0.99820,0.91953,1,0,0
MQTT_Publish,0,0.68011,0.35029,0.27487,0.19430,0.01785,0.01046,0.02490,0.22561,0.50000,0.28154,0.28906,0.31084,0.27098,0.81298,0.99820,0.91953,1,0,0
MQTT_Publish,0,0.68011,0.40144,0.28625,0.21102,0.01224,0.00759,0.01780,0.24000,0.50000,0.29579,0.28906,0.30265,0.26712,0.83397,0.99820,0.91953,1,0,0
MQTT_Publish,0,0.68011,0.36445,0.28625,0.21102,0.01723,0.01082,0.02465,0.24000,0.50000,0.29579,0.28906,0.29945,0.26042,0.81312,0.99820,0.91953,1,0,0
MQTT_Publish,0,0.68011,0.41181,0.28625,0.21102,0.01110,0.00686,0.01622,0.24000,0.50000,0.29579,0.28906,0.30265,0.26712,0.83980,0.99820,0.91953,1,0,0
MQTT_Publish,0,0.68011,0.41480,0.28625,0.21102,0.01079,0.00667,0.01578,0.24000,0.50000,0.29579,0.28906,0.30265,0.26712,0.84148,0.99820,0.91953,1,0,0
MQTT_Publish,0,0.68011,0.13873,0.27487,0.19430,0.10006,0.07080,0.11923,0.22561,0.50000,0.28154,0.28906,0.31249,0.27475,0.68207,0.99820,0.91953,1,0,0
MQTT_Publish,0,0.68011,0.37892,0.27487,0.19430,0.01371,0.00794,0.01937,0.22561,0.50000,0.28154,0.28906,0.31084,0.27098,0.82920,0.99820,0.91953,1,0,0
MQTT_Publish,0,0.68011,0.41480,0.27487,0.19430,0.00979,0.00560,0.01400,0.22561,0.50000,0.28154,0.28906,0.31249,0.28197,0.84938,0.99820,0.91953,1,0,0
MQTT_Publish,0,0.68011,0.34987,0.27487,0.19430,0.01792,0.01050,0.02499,0.22561,0.50000,0.28154,0.28906,0.31249,0.27475,0.81274,0.99820,0.91953,1,0,0
MQTT_Publish,0,0.68011,0.35037,0.27487,0.19430,0.01784,0.01045,0.02488,0.22561,0.50000,0.28154,0.28906,0.31249,0.27475,0.81302,0.99820,0.91953,1,0,0
MQTT_Publish,0,0.68011,0.37882,0.27487,0.19430,0.01372,0.00794,0.01938,0.22561,0.50000,0.28154,0.28906,0.31084,0.27098,0.82914,0.99820,0.91953,1,0,0
MQTT_Publish,0,0.68011,0.19535,0.28625,0.21102,0.07050,0.04979,0.08898,0.24000,0.50000,0.29579,0.28906,0.30265,0.26712,0.71283,0.99820,0.91953,1,0,0
MQTT_Publish,0,0.68011,0.37205,0.28625,0.21102,0.01607,0.01006,0.02308,0.24000,0.50000,0.29579,0.28906,0.30265,0.26712,0.81742,0.99820,0.91953,1,0,0
MQTT_Publish,0,0.68011,0.41482,0.28625,0.21102,0.01079,0.00667,0.01578,0.24000,0.50000,0.29579,0.28906,0.30265,0.26712,0.84148,0.99820,0.91953,1,0,0
MQTT_Publish,0,0.68011,0.35021,0.27487,0.19430,0.01786,0.01046,0.02491,0.22561,0.50000,0.28154,0.28906,0.31249,0.27475,0.81294,0.99820,0.91953,1,0,0
MQTT_Publish,0,0.68011,0.26487,0.27487,0.19430,0.03776,0.02334,0.04998,0.22561,0.50000,0.28154,0.28906,0.31249,0.28197,0.76349,0.99820,0.91953,1,0,0
MQTT_Publish,0,0.68011,0.41505,0.28625,0.21102,0.01077,0.00665,0.01575,0.24000,0.50000,0.29579,0.28906,0.30265,0.26712,0.84162,0.99820,0.91953,1,0,0
MQTT_Publish,0,0.68011,0.28957,0.28625,0.21102,0.03333,0.02178,0.04552,0.24000,0.50000,0.29579,0.28906,0.30265,0.26712,0.77013,0.99820,0.91953,1,0,0
MQTT_Publish,0,0.68011,0.41481,0.28625,0.21102,0.01079,0.00667,0.01578,0.24000,0.50000,0.29579,0.28906,0.30265,0.26712,0.84148,0.99820,0.91953,1,0,0
MQTT_Publish,0,0.68011,0.31783,0.28625,0.21102,0.02613,0.01678,0.03640,0.24000,0.50000,0.29579,0.28906,0.30265,0.26712,0.78651,0.99820,0.91953,1,0,0
MQTT_Publish,0,0.68011,0.35002,0.27487,0.19430,0.01790,0.01048,0.02495,0.22561,0.50000,0.28154,0.28906,0.31249,0.27475,0.81283,0.99820,0.91953,1,0,0
MQTT_Publish,0,0.68011,0.17745,0.28625,0.21102,0.08039,0.05781,0.09983,0.24000,0.50000,0.29579,0.28906,0.30265,0.26712,0.70114,0.99820,0.91953,1,0,0
MQTT_Publish,0,0.68011,0.41481,0.28625,0.21102,0.01079,0.00667,0.01578,0.24000,0.50000,0.29579,0.28906,0.29945,0.26042,0.84148,0.99820,0.91953,1,0,0
MQTT_Publish,0,0.68011,0.24823,0.28625,0.21102,0.04687,0.03157,0.06195,0.24000,0.50000,0.29579,0.28906,0.30265,0.26712,0.74564,0.99820,0.91953,1,0,0
MQTT_Publish,0,0.68011,0.41162,0.28625,0.21102,0.01112,0.00688,0.01624,0.24000,0.50000,0.29579,0.28906,0.29945,0.26042,0.83969,0.99820,0.91953,1,0,0
MQTT_Publish,0,0.68011,0.19424,0.28625,0.21102,0.07107,0.05026,0.08962,0.24000,0.50000,0.29579,0.28906,0.29945,0.26042,0.71212,0.99820,0.91953,1,0,0
MQTT_Publish,0,0.68011,0.30538,0.28625,0.21102,0.02912,0.01884,0.04022,0.24000,0.50000,0.29579,0.28906,0.30265,0.26712,0.77932,0.99820,0.91953,1,0,0
MQTT_Publish,0,0.68011,0.13610,0.28625,0.21102,0.10780,0.08101,0.12892,0.24000,0.50000,0.29579,0.28906,0.30106,0.26381,0.67222,0.99820,0.91953,1,0,0
MQTT_Publish,0,0.68011,0.36167,0.27487,0.19430,0.01608,0.00937,0.02255,0.22561,0.50000,0.28154,0.28906,0.30917,0.26712,0.81945,0.99820,0.91953,1,0,0
MQTT_Publish,0,0.68011,0.40994,0.27487,0.19430,0.01025,0.00587,0.01463,0.22561,0.50000,0.28154,0.28906,0.31249,0.27475,0.84665,0.99820,0.91953,1,0,0
MQTT_Publish,0,0.68011,0.32601,0.28625,0.21102,0.02432,0.01555,0.03405,0.24000,0.50000,0.29579,0.28906,0.30265,0.26712,0.79121,0.99820,0.91953,1,0,0
MQTT_Publish,0,0.68011,0.40125,0.27487,0.19430,0.01112,0.00639,0.01584,0.22561,0.50000,0.28154,0.28906,0.31249,0.27475,0.84177,0.99820,0.91953,1,0,0
MQTT_Publish,0,0.68011,0.39370,0.28625,0.21102,0.01315,0.00818,0.01908,0.24000,0.50000,0.29579,0.28906,0.30265,0.26712,0.82963,0.99820,0.91953,1,0,0
MQTT_Publish,0,0.68011,0.34411,0.28625,0.21102,0.02071,0.01312,0.02931,0.24000,0.50000,0.29579,0.28906,0.30265,0.26712,0.80156,0.99820,0.91953,1,0,0
MQTT_Publish,0,0.68011,0.29944,0.28625,0.21102,0.03064,0.01990,0.04215,0.24000,0.50000,0.29579,0.28906,0.30106,0.26381,0.77587,0.99820,0.91953,1,0,0
MQTT_Publish,0,0.68011,0.35031,0.27487,0.19430,0.01785,0.01045,0.02489,0.22561,0.50000,0.28154,0.28906,0.31249,0.27475,0.81299,0.99820,0.91953,1,0,0
MQTT_Publish,0,0.68011,0.41482,0.28625,0.21102,0.01079,0.00667,0.01578,0.24000,0.50000,0.29579,0.28906,0.30265,0.26712,0.84149,0.99820,0.91953,1,0,0
MQTT_Publish,0,0.68011,0.41497,0.27487,0.19430,0.00977,0.00559,0.01398,0.22561,0.50000,0.28154,0.28906,0.31572,0.28884,0.84947,0.99820,0.91953,1,0,0
MQTT_Publish,0,0.68011,0.34387,0.28625,0.21102,0.02075,0.01315,0.02936,0.24000,0.50000,0.29579,0.28906,0.30106,0.26381,0.80142,0.99820,0.91953,1,0,0
MQTT_Publish,0,0.68011,0.38981,0.27487,0.19430,0.01239,0.00714,0.01757,0.22561,0.50000,0.28154,0.28906,0.30917,0.26712,0.83534,0.99820,0.91953,1,0,0
MQTT_Publish,0,0.68011,0.40323,0.28625,0.21102,0.01203,0.00746,0.01752,0.24000,0.50000,0.29579,0.28906,0.30265,0.26712,0.83498,0.99820,0.91953,1,0,0
MQTT_Publish,0,0.68011,0.40677,0.28625,0.21102,0.01164,0.00721,0.01697,0.24000,0.50000,0.29579,0.28906,0.30265,0.26712,0.83697,0.99820,0.91953,1,0,0
MQTT_Publish,0,0.68011,0.35629,0.28625,0.21102,0.01855,0.01169,0.02643,0.24000,0.50000,0.29579,0.28906,0.29945,0.26042,0.80849,0.99820,0.91953,1,0,0
MQTT_Publish,0,0.68011,0.38102,0.27487,0.19430,0.01344,0.00778,0.01901,0.22561,0.50000,0.28154,0.28906,0.31249,0.27475,0.83039,0.99820,0.91953,1,0,0
MQTT_Publish,0,0.68011,0.35100,0.27487,0.19430,0.01773,0.01038,0.02474,0.22561,0.50000,0.28154,0.28906,0.31249,0.27475,0.81339,0.99820,0.91953,1,0,0
MQTT_Publish,0,0.68011,0.40145,0.28625,0.21102,0.01224,0.00759,0.01780,0.24000,0.50000,0.29579,0.28906,0.30106,0.26381,0.83398,0.99820,0.91953,1,0,0
MQTT_Publish,0,0.68011,0.25611,0.27487,0.19430,0.04061,0.02529,0.05341,0.22561,0.50000,0.28154,0.28906,0.31572,0.28884,0.75827,0.99820,0.91953,1,0,0
MQTT_Publish,0,0.68011,0.22076,0.27487,0.19430,0.05406,0.03479,0.06913,0.22561,0.50000,0.28154,0.28906,0.30917,0.26712,0.73677,0.99820,0.91953,1,0,0
MQTT_Publish,0,0.68011,0.27147,0.27487,0.19430,0.03572,0.02197,0.04751,0.22561,0.50000,0.28154,0.28906,0.31572,0.28884,0.76740,0.99820,0.91953,1,0,0
MQTT_Publish,0,0.68011,0.35310,0.27487,0.19430,0.01740,0.01018,0.02430,0.22561,0.50000,0.28154,0.28906,0.31249,0.27475,0.81458,0.99820,0.91953,1,0,0
MQTT_Publish,0,0.68011,0.41175,0.28625,0.21102,0.01111,0.00687,0.01622,0.24000,0.50000,0.29579,0.28906,0.30106,0.26381,0.83976,0.99820,0.91953,1,0,0
MQTT_Publish,0,0.68011,0.19365,0.28625,0.21102,0.07139,0.05051,0.08997,0.24000,0.50000,0.29579,0.28906,0.29945,0.26042,0.71174,0.99820,0.91953,1,0,0
MQTT_Publish,0,0.68011,0.41497,0.28625,0.22550,0.01078,0.00771,0.01663,0.27095,0.50000,0.30226,0.28906,0.30265,0.24919,0.83801,0.99820,0.91953,1,0,0
MQTT_Publish,0,0.68011,0.38789,0.27487,0.19430,0.01261,0.00728,0.01787,0.22561,0.50000,0.28154,0.28906,0.31411,0.28545,0.83426,0.99820,0.91953,1,0,0
MQTT_Publish,0,0.68011,0.16239,0.28625,0.21102,0.08958,0.06544,0.10973,0.24000,0.50000,0.29579,0.28906,0.30106,0.26381,0.69097,0.99820,0.91953,1,0,0
MQTT_Publish,0,0.68011,0.28336,0.28625,0.21102,0.03512,0.02304,0.04774,0.24000,0.50000,0.29579,0.28906,0.30106,0.26381,0.76649,0.99820,0.91953,1,0,0
MQTT_Publish,0,0.68011,0.36410,0.28625,0.21102,0.01728,0.01086,0.02472,0.24000,0.50000,0.29579,0.28906,0.30265,0.26712,0.81292,0.99820,0.91953,1,0,0
MQTT_Publish,0,0.68011,0.32249,0.27487,0.19430,0.02294,0.01363,0.03153,0.22561,0.50000,0.28154,0.28906,0.31249,0.28197,0.79709,0.99820,0.91953,1,0,0
MQTT_Publish,0,0.68011,0.34692,0.28625,0.21102,0.02019,0.01278,0.02862,0.24000,0.50000,0.29579,0.28906,0.30106,0.26381,0.80316,0.99820,0.91953,1,0,0
MQTT_Publish,0,0.68011,0.39376,0.27487,0.19430,0.01193,0.00687,0.01695,0.22561,0.50000,0.28154,0.28906,0.31249,0.27475,0.83756,0.99820,0.91953,1,0,0
MQTT_Publish,0,0.68011,0.39379,0.28625,0.21102,0.01314,0.00817,0.01906,0.24000,0.50000,0.29579,0.28906,0.30265,0.26712,0.82967,0.99820,0.91953,1,0,0
MQTT_Publish,0,0.68011,0.36706,0.28625,0.21102,0.01682,0.01055,0.02410,0.24000,0.50000,0.29579,0.28906,0.29945,0.26042,0.81459,0.99820,0.91953,1,0,0
MQTT_Publish,0,0.68011,0.17966,0.28625,0.21102,0.07911,0.05676,0.09844,0.24000,0.50000,0.29579,0.28906,0.30106,0.26381,0.70261,0.99820,0.91953,1,0,0
MQTT_Publish,0,0.68011,0.41483,0.28625,0.21102,0.01079,0.00667,0.01578,0.24000,0.50000,0.29579,0.28906,0.29945,0.26042,0.84149,0.99820,0.91953,1,0,0
MQTT_Publish,0,0.68011,0.40838,0.28625,0.21102,0.01147,0.00710,0.01673,0.24000,0.50000,0.29579,0.28906,0.30106,0.26381,0.83788,0.99820,0.91953,1,0,0
MQTT_Publish,0,0.68011,0.37181,0.28625,0.21102,0.01610,0.01009,0.02313,0.24000,0.50000,0.29579,0.28906,0.30265,0.26712,0.81728,0.99820,0.91953,1,0,0
MQTT_Publish,0,0.68011,0.38348,0.28625,0.21102,0.01446,0.00902,0.02088,0.24000,0.50000,0.29579,0.28906,0.30265,0.26712,0.82387,0.99820,0.91953,1,0,0
MQTT_Publish,0,0.68011,0.41508,0.28625,0.21102,0.01077,0.00665,0.01574,0.24000,0.50000,0.29579,0.28906,0.30265,0.26712,0.84163,0.99820,0.91953,1,0,0
MQTT_Publish,0,0.68011,0.35018,0.27487,0.19430,0.01787,0.01047,0.02492,0.22561,0.50000,0.28154,0.28906,0.30917,0.26712,0.81292,0.99820,0.91953,1,0,0
MQTT_Publish,0,0.68011,0.38114,0.28625,0.21102,0.01478,0.00922,0.02132,0.24000,0.50000,0.29579,0.28906,0.30265,0.26712,0.82255,0.99820,0.91953,1,0,0
MQTT_Publish,0,0.68011,0.35036,0.27487,0.19430,0.01784,0.01045,0.02488,0.22561,0.50000,0.28154,0.28906,0.31249,0.27475,0.81302,0.99820,0.91953,1,0,0
MQTT_Publish,0,0.68011,0.39366,0.28625,0.21102,0.01316,0.00818,0.01908,0.24000,0.50000,0.29579,0.28906,0.30265,0.26712,0.82960,0.99820,0.91953,1,0,0
MQTT_Publish,0,0.68011,0.41483,0.28625,0.21102,0.01079,0.00667,0.01578,0.24000,0.50000,0.29579,0.28906,0.29945,0.26042,0.84149,0.99820,0.91953,1,0,0
MQTT_Publish,0,0.68011,0.27761,0.27487,0.19430,0.03391,0.02076,0.04530,0.22561,0.50000,0.28154,0.28906,0.31572,0.28884,0.77102,0.99820,0.91953,1,0,0
MQTT_Publish,0,0.68011,0.33398,0.27487,0.19430,0.02069,0.01222,0.02862,0.22561,0.50000,0.28154,0.28906,0.31249,0.27475,0.80368,0.99820,0.91953,1,0,0
MQTT_Publish,0,0.68011,0.30933,0.28625,0.21102,0.02814,0.01816,0.03897,0.24000,0.50000,0.29579,0.28906,0.29945,0.26042,0.78161,0.99820,0.91953,1,0,0
MQTT_Publish,0,0.68011,0.41008,0.28625,0.21102,0.01128,0.00698,0.01647,0.24000,0.50000,0.29579,0.28906,0.29945,0.26042,0.83883,0.99820,0.91953,1,0,0
MQTT_Publish,0,0.68011,0.38115,0.28625,0.21102,0.01478,0.00922,0.02131,0.24000,0.50000,0.29579,0.28906,0.30265,0.26712,0.82256,0.99820,0.91953,1,0,0
MQTT_Publish,0,0.68011,0.41495,0.28625,0.21102,0.01078,0.00666,0.01576,0.24000,0.50000,0.29579,0.28906,0.30265,0.26712,0.84156,0.99820,0.91953,1,0,0
MQTT_Publish,0,0.68011,0.41496,0.28625,0.21102,0.01078,0.00666,0.01576,0.24000,0.50000,0.29579,0.28906,0.30265,0.26712,0.84157,0.99820,0.91953,1,0,0
MQTT_Publish,0,0.68011,0.41497,0.28625,0.21102,0.01078,0.00666,0.01576,0.24000,0.50000,0.29579,0.28906,0.30265,0.26712,0.84157,0.99820,0.91953,1,0,0
MQTT_Publish,0,0.68011,0.41484,0.28625,0.21102,0.01079,0.00667,0.01578,0.24000,0.50000,0.29579,0.28906,0.30265,0.26712,0.84150,0.99820,0.91953,1,0,0
MQTT_Publish,0,0.68011,0.39974,0.28625,0.21102,0.01243,0.00771,0.01808,0.24000,0.50000,0.29579,0.28906,0.30106,0.26381,0.83302,0.99820,0.91953,1,0,0
MQTT_Publish,0,0.68011,0.34993,0.28625,0.21102,0.01965,0.01242,0.02790,0.24000,0.50000,0.29579,0.28906,0.29945,0.26042,0.80487,0.99820,0.91953,1,0,0
MQTT_Publish,0,0.68011,0.40846,0.28625,0.21102,0.01146,0.00709,0.01671,0.24000,0.50000,0.29579,0.28906,0.30106,0.26381,0.83792,0.99820,0.91953,1,0,0
MQTT_Publish,0,0.68011,0.41475,0.28625,0.21102,0.01080,0.00667,0.01579,0.24000,0.50000,0.29579,0.28906,0.30265,0.26712,0.84145,0.99820,0.91953,1,0,0
MQTT_Publish,0,0.68011,0.41486,0.28625,0.21102,0.01079,0.00666,0.01577,0.24000,0.50000,0.29579,0.28906,0.30265,0.26712,0.84151,0.99820,0.91953,1,0,0
MQTT_Publish,0,0.68011,0.37878,0.28625,0.21102,0.01510,0.00944,0.02176,0.24000,0.50000,0.29579,0.28906,0.30265,0.26712,0.82122,0.99820,0.91953,1,0,0
MQTT_Publish,0,0.68011,0.30507,0.28625,0.21102,0.02920,0.01889,0.04031,0.24000,0.50000,0.29579,0.28906,0.30265,0.26712,0.77914,0.99820,0.91953,1,0,0
MQTT_Publish,0,0.68011,0.41492,0.28625,0.21102,0.01078,0.00666,0.01577,0.24000,0.50000,0.29579,0.28906,0.30106,0.26381,0.84154,0.99820,0.91953,1,0,0
MQTT_Publish,0,0.68011,0.41479,0.28625,0.21102,0.01079,0.00667,0.01578,0.24000,0.50000,0.29579,0.28906,0.30265,0.26712,0.84147,0.99820,0.91953,1,0,0
MQTT_Publish,0,0.68011,0.34718,0.27487,0.19430,0.01836,0.01077,0.02557,0.22561,0.50000,0.28154,0.28906,0.31249,0.27475,0.81121,0.99820,0.91953,1,0,0
MQTT_Publish,0,0.68011,0.35037,0.27487,0.19430,0.01784,0.01045,0.02488,0.22561,0.50000,0.28154,0.28906,0.31249,0.27475,0.81303,0.99820,0.91953,1,0,0
MQTT_Publish,0,0.68011,0.41496,0.28625,0.21102,0.01078,0.00666,0.01576,0.24000,0.50000,0.29579,0.28906,0.30265,0.26712,0.84156,0.99820,0.91953,1,0,0
MQTT_Publish,0,0.68011,0.41496,0.28625,0.21102,0.01078,0.00666,0.01576,0.24000,0.50000,0.29579,0.28906,0.30265,0.26712,0.84156,0.99820,0.91953,1,0,0
MQTT_Publish,0,0.68011,0.13776,0.28625,0.22550,0.10656,0.08756,0.13116,0.27095,0.50000,0.30226,0.28906,0.30265,0.24919,0.66988,0.99820,0.91953,1,0,0
MQTT_Publish,0,0.68011,0.41499,0.27487,0.19430,0.00977,0.00559,0.01397,0.22561,0.50000,0.28154,0.28906,0.31572,0.28884,0.84949,0.99820,0.91953,1,0,0
MQTT_Publish,0,0.68011,0.40847,0.27487,0.19430,0.01039,0.00596,0.01483,0.22561,0.50000,0.28154,0.28906,0.31249,0.27475,0.84583,0.99820,0.91953,1,0,0
MQTT_Publish,0,0.68011,0.41486,0.28625,0.21102,0.01079,0.00666,0.01577,0.24000,0.50000,0.29579,0.28906,0.30265,0.26712,0.84151,0.99820,0.91953,1,0,0
MQTT_Publish,0,0.68011,0.32611,0.28625,0.21102,0.02430,0.01554,0.03403,0.24000,0.50000,0.29579,0.28906,0.30265,0.26712,0.79126,0.99820,0.91953,1,0,0
MQTT_Publish,0,0.68011,0.41483,0.28625,0.21102,0.01079,0.00667,0.01578,0.24000,0.50000,0.29579,0.28906,0.30265,0.26712,0.84149,0.99820,0.91953,1,0,0
MQTT_Publish,0,0.68011,0.23965,0.28625,0.21102,0.05018,0.03404,0.06586,0.24000,0.50000,0.29579,0.28906,0.30265,0.26712,0.74045,0.99820,0.91953,1,0,0
MQTT_Publish,0,0.68011,0.35012,0.27487,0.19430,0.01788,0.01047,0.02493,0.22561,0.50000,0.28154,0.28906,0.31249,0.27475,0.81288,0.99820,0.91953,1,0,0
MQTT_Publish,0,0.68011,0.41503,0.28625,0.21102,0.01077,0.00665,0.01575,0.24000,0.50000,0.29579,0.28906,0.30106,0.26381,0.84161,0.99820,0.91953,1,0,0
MQTT_Publish,0,0.68011,0.38359,0.28625,0.21102,0.01445,0.00901,0.02086,0.24000,0.50000,0.29579,0.28906,0.30106,0.26381,0.82393,0.99820,0.91953,1,0,0
MQTT_Publish,0,0.68011,0.40992,0.28625,0.21102,0.01130,0.00699,0.01649,0.24000,0.50000,0.29579,0.28906,0.30265,0.26712,0.83874,0.99820,0.91953,1,0,0
MQTT_Publish,0,0.68011,0.41540,0.28625,0.21102,0.01073,0.00663,0.01570,0.24000,0.50000,0.29579,0.28906,0.30265,0.26712,0.84181,0.99820,0.91953,1,0,0
MQTT_Publish,0,0.68011,0.41323,0.28625,0.21102,0.01096,0.00677,0.01601,0.24000,0.50000,0.29579,0.28906,0.30265,0.26712,0.84059,0.99820,0.91953,1,0,0
MQTT_Publish,0,0.68011,0.41484,0.28625,0.21102,0.01079,0.00667,0.01578,0.24000,0.50000,0.29579,0.28906,0.30265,0.26712,0.84150,0.99820,0.91953,1,0,0
MQTT_Publish,0,0.68011,0.15901,0.28625,0.21102,0.09176,0.06727,0.11206,0.24000,0.50000,0.29579,0.28906,0.30265,0.26712,0.68863,0.99820,0.91953,1,0,0
MQTT_Publish,0,0.68011,0.41488,0.28625,0.21102,0.01079,0.00666,0.01577,0.24000,0.50000,0.29579,0.28906,0.30265,0.26712,0.84152,0.99820,0.91953,1,0,0
MQTT_Publish,0,0.68011,0.35027,0.27487,0.19430,0.01785,0.01046,0.02490,0.22561,0.50000,0.28154,0.28906,0.31249,0.27475,0.81297,0.99820,0.91953,1,0,0
MQTT_Publish,0,0.68011,0.27124,0.28625,0.21102,0.03886,0.02571,0.05233,0.24000,0.50000,0.29579,0.28906,0.30106,0.26381,0.75936,0.99820,0.91953,1,0,0
MQTT_Publish,0,0.68011,0.41491,0.27487,0.19430,0.00977,0.00559,0.01398,0.22561,0.50000,0.28154,0.28906,0.31572,0.28884,0.84944,0.99820,0.91953,1,0,0
MQTT_Publish,0,0.68011,0.40989,0.28625,0.21102,0.01131,0.00699,0.01650,0.24000,0.50000,0.29579,0.28906,0.30265,0.26712,0.83872,0.99820,0.91953,1,0,0
MQTT_Publish,0,0.68011,0.41494,0.28625,0.21102,0.01078,0.00666,0.01576,0.24000,0.50000,0.29579,0.28906,0.30265,0.26712,0.84155,0.99820,0.91953,1,0,0
MQTT_Publish,0,0.68011,0.40841,0.28625,0.21102,0.01146,0.00709,0.01672,0.24000,0.50000,0.29579,0.28906,0.30106,0.26381,0.83789,0.99820,0.91953,1,0,0
MQTT_Publish,0,0.68011,0.38763,0.28625,0.21102,0.01392,0.00867,0.02013,0.24000,0.50000,0.29579,0.28906,0.29945,0.26042,0.82621,0.99820,0.91953,1,0,0
MQTT_Publish,0,0.68011,0.13709,0.28625,0.21102,0.10706,0.08036,0.12814,0.24000,0.50000,0.29579,0.28906,0.30106,0.26381,0.67296,0.99820,0.91953,1,0,0
MQTT_Publish,0,0.68011,0.32593,0.28625,0.21102,0.02434,0.01556,0.03408,0.24000,0.50000,0.29579,0.28906,0.30265,0.26712,0.79116,0.99820,0.91953,1,0,0
MQTT_Publish,0,0.68011,0.34983,0.27487,0.19430,0.01793,0.01050,0.02500,0.22561,0.50000,0.28154,0.28906,0.31249,0.27475,0.81272,0.99820,0.91953,1,0,0
MQTT_Publish,0,0.68011,0.34039,0.28625,0.21102,0.02141,0.01359,0.03023,0.24000,0.50000,0.29579,0.28906,0.30265,0.26712,0.79944,0.99820,0.91953,1,0,0
MQTT_Publish,0,0.68011,0.41482,0.28625,0.21102,0.01079,0.00667,0.01578,0.24000,0.50000,0.29579,0.28906,0.29945,0.26042,0.84149,0.99820,0.91953,1,0,0
MQTT_Publish,0,0.68011,0.34991,0.27487,0.19430,0.01791,0.01049,0.02498,0.22561,0.50000,0.28154,0.28906,0.31249,0.27475,0.81277,0.99820,0.91953,1,0,0
MQTT_Publish,0,0.68011,0.41493,0.28625,0.21102,0.01078,0.00666,0.01576,0.24000,0.50000,0.29579,0.28906,0.30265,0.26712,0.84155,0.99820,0.91953,1,0,0
MQTT_Publish,0,0.68011,0.33712,0.28625,0.21102,0.02204,0.01401,0.03107,0.24000,0.50000,0.29579,0.28906,0.30265,0.26712,0.79757,0.99820,0.91953,1,0,0
MQTT_Publish,0,0.68011,0.40993,0.28625,0.21102,0.01130,0.00699,0.01649,0.24000,0.50000,0.29579,0.28906,0.30265,0.26712,0.83874,0.99820,0.91953,1,0,0
MQTT_Publish,0,0.68011,0.27117,0.28625,0.21102,0.03888,0.02573,0.05236,0.24000,0.50000,0.29579,0.28906,0.30265,0.26712,0.75932,0.99820,0.91953,1,0,0
MQTT_Publish,0,0.68011,0.34984,0.27487,0.19430,0.01792,0.01050,0.02499,0.22561,0.50000,0.28154,0.28906,0.31249,0.27475,0.81273,0.99820,0.91953,1,0,0
MQTT_Publish,0,0.68011,0.41322,0.27487,0.19430,0.00993,0.00569,0.01420,0.22561,0.50000,0.28154,0.28906,0.31572,0.28884,0.84850,0.99820,0.91953,1,0,0
MQTT_Publish,0,0.68011,0.38109,0.27487,0.19430,0.01344,0.00777,0.01899,0.22561,0.50000,0.28154,0.28906,0.31249,0.27475,0.83043,0.99820,0.91953,1,0,0
MQTT_Publish,0,0.68011,0.41482,0.28625,0.21102,0.01079,0.00667,0.01578,0.24000,0.50000,0.29579,0.28906,0.30265,0.26712,0.84149,0.99820,0.91953,1,0,0
MQTT_Publish,0,0.68011,0.41349,0.27487,0.19430,0.00991,0.00567,0.01417,0.22561,0.50000,0.28154,0.28906,0.31249,0.27475,0.84865,0.99820,0.91953,1,0,0
MQTT_Publish,0,0.68011,0.41510,0.28625,0.21102,0.01076,0.00665,0.01574,0.24000,0.50000,0.29579,0.28906,0.30265,0.26712,0.84164,0.99820,0.91953,1,0,0
MQTT_Publish,0,0.68011,0.41491,0.28625,0.21102,0.01078,0.00666,0.01577,0.24000,0.50000,0.29579,0.28906,0.30106,0.26381,0.84154,0.99820,0.91953,1,0,0
MQTT_Publish,0,0.68011,0.41494,0.28625,0.21102,0.01078,0.00666,0.01576,0.24000,0.50000,0.29579,0.28906,0.30265,0.26712,0.84155,0.99820,0.91953,1,0,0
MQTT_Publish,0,0.68011,0.28405,0.28625,0.21102,0.03492,0.02290,0.04749,0.24000,0.50000,0.29579,0.28906,0.30265,0.26712,0.76690,0.99820,0.91953,1,0,0
MQTT_Publish,0,0.68011,0.32611,0.28625,0.21102,0.02430,0.01554,0.03403,0.24000,0.50000,0.29579,0.28906,0.30106,0.26381,0.79126,0.99820,0.91953,1,0,0
MQTT_Publish,0,0.68011,0.41500,0.28625,0.21102,0.01077,0.00666,0.01575,0.24000,0.50000,0.29579,0.28906,0.30265,0.26712,0.84159,0.99820,0.91953,1,0,0
MQTT_Publish,0,0.68011,0.37634,0.28625,0.21102,0.01545,0.00966,0.02223,0.24000,0.50000,0.29579,0.28906,0.29945,0.26042,0.81984,0.99820,0.91953,1,0,0
MQTT_Publish,0,0.68011,0.24043,0.28625,0.21102,0.04987,0.03381,0.06550,0.24000,0.50000,0.29579,0.28906,0.29945,0.26042,0.74093,0.99820,0.91953,1,0,0
MQTT_Publish,0,0.68011,0.30014,0.28625,0.21102,0.03046,0.01977,0.04192,0.24000,0.50000,0.29579,0.28906,0.29945,0.26042,0.77628,0.99820,0.91953,1,0,0
MQTT_Publish,0,0.68011,0.41496,0.28625,0.21102,0.01078,0.00666,0.01576,0.24000,0.50000,0.29579,0.28906,0.29945,0.26042,0.84156,0.99820,0.91953,1,0,0
MQTT_Publish,0,0.68011,0.38761,0.27487,0.19430,0.01264,0.00729,0.01792,0.22561,0.50000,0.28154,0.28906,0.31411,0.28545,0.83410,0.99820,0.91953,1,0,0
MQTT_Publish,0,0.68011,0.41496,0.28625,0.21102,0.01078,0.00666,0.01576,0.24000,0.50000,0.29579,0.28906,0.30265,0.26712,0.84156,0.99820,0.91953,1,0,0
MQTT_Publish,0,0.68011,0.41490,0.28625,0.21102,0.01078,0.00666,0.01577,0.24000,0.50000,0.29579,0.28906,0.30106,0.26381,0.84153,0.99820,0.91953,1,0,0
MQTT_Publish,0,0.68011,0.41484,0.28625,0.21102,0.01079,0.00667,0.01578,0.24000,0.50000,0.29579,0.28906,0.30265,0.26712,0.84150,0.99820,0.91953,1,0,0
MQTT_Publish,0,0.68011,0.37414,0.28625,0.21102,0.01576,0.00986,0.02266,0.24000,0.50000,0.29579,0.28906,0.29945,0.26042,0.81859,0.99820,0.91953,1,0,0
MQTT_Publish,0,0.68011,0.35889,0.28625,0.21102,0.01812,0.01141,0.02585,0.24000,0.50000,0.29579,0.28906,0.30106,0.26381,0.80996,0.99820,0.91953,1,0,0
MQTT_Publish,0,0.68011,0.58776,0.28625,0.21102,0.00201,0.00122,0.00304,0.24000,0.50000,0.29579,0.28906,0.29945,0.25338,0.93761,0.99820,0.91953,1,0,0
MQTT_Publish,0,0.68011,0.36721,0.28625,0.21102,0.01680,0.01054,0.02407,0.24000,0.50000,0.29579,0.28906,0.30265,0.26712,0.81468,0.99820,0.91953,1,0,0
MQTT_Publish,0,0.68011,0.35004,0.27487,0.19430,0.01789,0.01048,0.02495,0.22561,0.50000,0.28154,0.28906,0.31249,0.27475,0.81284,0.99820,0.91953,1,0,0
MQTT_Publish,0,0.68011,0.32218,0.28625,0.21102,0.02516,0.01612,0.03513,0.24000,0.50000,0.29579,0.28906,0.30265,0.26712,0.78901,0.99820,0.91953,1,0,0
MQTT_Publish,0,0.68011,0.36958,0.28625,0.21102,0.01644,0.01030,0.02358,0.24000,0.50000,0.29579,0.28906,0.30265,0.26712,0.81602,0.99820,0.91953,1,0,0
MQTT_Publish,0,0.68011,0.35066,0.27487,0.19430,0.01779,0.01042,0.02482,0.22561,0.50000,0.28154,0.28906,0.30917,0.26712,0.81319,0.99820,0.91953,1,0,0
MQTT_Publish,0,0.68011,0.40160,0.24823,0.21102,0.00877,0.00758,0.01478,0.31610,0.50000,0.27364,0.00000,0.34246,0.00000,0.84677,0.99820,0.91953,1,0,0
MQTT_Publish,0,0.68011,0.35031,0.27487,0.19430,0.01785,0.01045,0.02489,0.22561,0.50000,0.28154,0.28906,0.31249,0.27475,0.81299,0.99820,0.91953,1,0,0
MQTT_Publish,0,0.68011,0.40139,0.28625,0.21102,0.01224,0.00759,0.01781,0.24000,0.50000,0.29579,0.28906,0.30265,0.26712,0.83395,0.99820,0.91953,1,0,0
MQTT_Publish,0,0.68011,0.41212,0.27487,0.19430,0.01004,0.00575,0.01435,0.22561,0.50000,0.28154,0.28906,0.31249,0.27475,0.84787,0.99820,0.91953,1,0,0
MQTT_Publish,0,0.68011,0.35041,0.27487,0.19430,0.01783,0.01044,0.02487,0.22561,0.50000,0.28154,0.28906,0.31084,0.27098,0.81305,0.99820,0.91953,1,0,0
MQTT_Publish,0,0.68011,0.39742,0.28625,0.21102,0.01271,0.00789,0.01845,0.24000,0.50000,0.29579,0.28906,0.30106,0.26381,0.83172,0.99820,0.91953,1,0,0
MQTT_Publish,0,0.68011,0.12593,0.23229,0.19430,0.08793,0.07892,0.11548,0.30951,0.50000,0.24565,0.28906,0.36221,0.00000,0.68693,0.99820,0.91953,1,0,0
MQTT_Publish,0,0.68011,0.40321,0.28625,0.21102,0.01204,0.00746,0.01752,0.24000,0.50000,0.29579,0.28906,0.30265,0.26712,0.83497,0.99820,0.91953,1,0,0
MQTT_Publish,0,0.68011,0.25739,0.27487,0.19430,0.04018,0.02500,0.05290,0.22561,0.50000,0.28154,0.28906,0.31249,0.28197,0.75904,0.99820,0.91953,1,0,0
MQTT_Publish,0,0.68011,0.41495,0.28625,0.21102,0.01078,0.00666,0.01576,0.24000,0.50000,0.29579,0.28906,0.29945,0.26042,0.84156,0.99820,0.91953,1,0,0
MQTT_Publish,0,0.68011,0.41501,0.28625,0.21102,0.01077,0.00666,0.01575,0.24000,0.50000,0.29579,0.28906,0.30265,0.26712,0.84159,0.99820,0.91953,1,0,0
MQTT_Publish,0,0.68011,0.41493,0.28625,0.21102,0.01078,0.00666,0.01576,0.24000,0.50000,0.29579,0.28906,0.30265,0.26712,0.84155,0.99820,0.91953,1,0,0
MQTT_Publish,0,0.68011,0.41485,0.28625,0.21102,0.01079,0.00667,0.01578,0.24000,0.50000,0.29579,0.28906,0.30106,0.26381,0.84150,0.99820,0.91953,1,0,0
MQTT_Publish,0,0.68011,0.30097,0.28625,0.21102,0.03025,0.01962,0.04164,0.24000,0.50000,0.29579,0.28906,0.30265,0.26712,0.77676,0.99820,0.91953,1,0,0
MQTT_Publish,0,0.68011,0.41519,0.28625,0.21102,0.01075,0.00664,0.01573,0.24000,0.50000,0.29579,0.28906,0.30265,0.26712,0.84169,0.99820,0.91953,1,0,0
MQTT_Publish,0,0.68011,0.41490,0.28625,0.21102,0.01078,0.00666,0.01577,0.24000,0.50000,0.29579,0.28906,0.30265,0.26712,0.84153,0.99820,0.91953,1,0,0
MQTT_Publish,0,0.68011,0.28391,0.28625,0.21102,0.03496,0.02293,0.04754,0.24000,0.50000,0.29579,0.28906,0.29945,0.26042,0.76682,0.99820,0.91953,1,0,0
MQTT_Publish,0,0.68011,0.33036,0.27487,0.19430,0.02138,0.01265,0.02951,0.22561,0.50000,0.28154,0.28906,0.31249,0.27475,0.80161,0.99820,0.91953,1,0,0
MQTT_Publish,0,0.68011,0.38555,0.27487,0.19430,0.01289,0.00744,0.01825,0.22561,0.50000,0.28154,0.28906,0.31249,0.27475,0.83294,0.99820,0.91953,1,0,0
MQTT_Publish,0,0.68011,0.41496,0.28625,0.21102,0.01078,0.00666,0.01576,0.24000,0.50000,0.29579,0.28906,0.30106,0.26381,0.84156,0.99820,0.91953,1,0,0
MQTT_Publish,0,0.68011,0.40851,0.27487,0.19430,0.01039,0.00595,0.01483,0.22561,0.50000,0.28154,0.28906,0.31572,0.28884,0.84585,0.99820,0.91953,1,0,0
MQTT_Publish,0,0.68011,0.41481,0.28625,0.21102,0.01079,0.00667,0.01578,0.24000,0.50000,0.29579,0.28906,0.30265,0.26712,0.84148,0.99820,0.91953,1,0,0
MQTT_Publish,0,0.68011,0.41496,0.28625,0.23827,0.01078,0.00875,0.01750,0.30014,0.50000,0.30835,0.28906,0.30265,0.23401,0.83465,0.99820,0.91953,1,0,0
MQTT_Publish,0,0.68011,0.41483,0.28625,0.21102,0.01079,0.00667,0.01578,0.24000,0.50000,0.29579,0.28906,0.30265,0.26712,0.84149,0.99820,0.91953,1,0,0
MQTT_Publish,0,0.68011,0.34997,0.27487,0.19430,0.01790,0.01049,0.02497,0.22561,0.50000,0.28154,0.28906,0.31249,0.27475,0.81280,0.99820,0.91953,1,0,0
MQTT_Publish,0,0.68011,0.33022,0.27487,0.19430,0.02141,0.01266,0.02955,0.22561,0.50000,0.28154,0.28906,0.31249,0.27475,0.80153,0.99820,0.91953,1,0,0
MQTT_Publish,0,0.68011,0.57181,0.28625,0.21102,0.00236,0.00142,0.00356,0.24000,0.50000,0.29579,0.28906,0.29945,0.25338,0.92879,0.99820,0.91953,1,0,0
MQTT_Publish,0,0.68011,0.41496,0.28625,0.21102,0.01078,0.00666,0.01576,0.24000,0.50000,0.29579,0.28906,0.29945,0.26042,0.84156,0.99820,0.91953,1,0,0
MQTT_Publish,0,0.68011,0.34383,0.28625,0.21102,0.02076,0.01316,0.02937,0.24000,0.50000,0.29579,0.28906,0.30265,0.26712,0.80140,0.99820,0.91953,1,0,0
MQTT_Publish,0,0.68011,0.41483,0.28625,0.21102,0.01079,0.00667,0.01578,0.24000,0.50000,0.29579,0.28906,0.30265,0.26712,0.84149,0.99820,0.91953,1,0,0
MQTT_Publish,0,0.68011,0.31836,0.27487,0.19430,0.02380,0.01417,0.03263,0.22561,0.50000,0.28154,0.28906,0.31572,0.28884,0.79472,0.99820,0.91953,1,0,0
MQTT_Publish,0,0.68011,0.23035,0.28625,0.21102,0.05399,0.03692,0.07030,0.24000,0.50000,0.29579,0.28906,0.29945,0.26042,0.73478,0.99820,0.91953,1,0,0
MQTT_Publish,0,0.68011,0.40828,0.28625,0.21102,0.01148,0.00710,0.01674,0.24000,0.50000,0.29579,0.28906,0.30265,0.26712,0.83782,0.99820,0.91953,1,0,0
MQTT_Publish,0,0.68011,0.41501,0.28625,0.21102,0.01077,0.00665,0.01575,0.24000,0.50000,0.29579,0.28906,0.30265,0.26712,0.84159,0.99820,0.91953,1,0,0
MQTT_Publish,0,0.68011,0.41490,0.28625,0.23827,0.01078,0.00875,0.01751,0.30014,0.50000,0.30835,0.28906,0.30265,0.23401,0.83462,0.99820,0.91953,1,0,0
MQTT_Publish,0,0.68011,0.40495,0.28625,0.21102,0.01184,0.00734,0.01725,0.24000,0.50000,0.29579,0.28906,0.30265,0.26712,0.83595,0.99820,0.91953,1,0,0
MQTT_Publish,0,0.68011,0.41482,0.28625,0.21102,0.01079,0.00667,0.01578,0.24000,0.50000,0.29579,0.28906,0.29945,0.26042,0.84149,0.99820,0.91953,1,0,0
MQTT_Publish,0,0.68011,0.26367,0.28625,0.21102,0.04136,0.02752,0.05536,0.24000,0.50000,0.29579,0.28906,0.30265,0.26712,0.75487,0.99820,0.91953,1,0,0
MQTT_Publish,0,0.68011,0.37207,0.27487,0.19430,0.01461,0.00848,0.02058,0.22561,0.50000,0.28154,0.28906,0.30917,0.26712,0.82533,0.99820,0.91953,1,0,0
MQTT_Publish,0,0.68011,0.41483,0.28625,0.21102,0.01079,0.00667,0.01578,0.24000,0.50000,0.29579,0.28906,0.29945,0.26042,0.84149,0.99820,0.91953,1,0,0
MQTT_Publish,0,0.68011,0.25639,0.27487,0.19430,0.04052,0.02523,0.05330,0.22561,0.50000,0.28154,0.28906,0.31249,0.27475,0.75844,0.99820,0.91953,1,0,0
MQTT_Publish,0,0.68011,0.35004,0.27487,0.19430,0.01789,0.01048,0.02495,0.22561,0.50000,0.28154,0.28906,0.31084,0.27098,0.81284,0.99820,0.91953,1,0,0
MQTT_Publish,0,0.68011,0.35007,0.27487,0.19430,0.01789,0.01048,0.02494,0.22561,0.50000,0.28154,0.28906,0.31249,0.27475,0.81285,0.99820,0.91953,1,0,0
MQTT_Publish,0,0.68011,0.30539,0.27487,0.19430,0.02668,0.01602,0.03630,0.22561,0.50000,0.28154,0.28906,0.31084,0.27098,0.78723,0.99820,0.91953,1,0,0
MQTT_Publish,0,0.68011,0.21859,0.28625,0.21102,0.05915,0.04087,0.07622,0.24000,0.50000,0.29579,0.28906,0.30265,0.26712,0.72752,0.99820,0.91953,1,0,0
MQTT_Publish,0,0.68011,0.36193,0.28625,0.21102,0.01763,0.01108,0.02519,0.24000,0.50000,0.29579,0.28906,0.30106,0.26381,0.81169,0.99820,0.91953,1,0,0
MQTT_Publish,0,0.68011,0.41483,0.28625,0.21102,0.01079,0.00667,0.01578,0.24000,0.50000,0.29579,0.28906,0.30265,0.26712,0.84149,0.99820,0.91953,1,0,0
MQTT_Publish,0,0.68011,0.41503,0.28625,0.21102,0.01077,0.00665,0.01575,0.24000,0.50000,0.29579,0.28906,0.29945,0.26042,0.84161,0.99820,0.91953,1,0,0
MQTT_Publish,0,0.68011,0.41497,0.28625,0.21102,0.01078,0.00666,0.01576,0.24000,0.50000,0.29579,0.28906,0.30265,0.26712,0.84157,0.99820,0.91953,1,0,0
MQTT_Publish,0,0.68011,0.25797,0.28625,0.21102,0.04333,0.02896,0.05773,0.24000,0.50000,0.29579,0.28906,0.30265,0.26712,0.75148,0.99820,0.91953,1,0,0
MQTT_Publish,0,0.68011,0.41496,0.28625,0.21102,0.01078,0.00666,0.01576,0.24000,0.50000,0.29579,0.28906,0.29945,0.26042,0.84157,0.99820,0.91953,1,0,0
MQTT_Publish,0,0.68011,0.35030,0.27487,0.19430,0.01785,0.01045,0.02489,0.22561,0.50000,0.28154,0.28906,0.31249,0.27475,0.81299,0.99820,0.91953,1,0,0
MQTT_Publish,0,0.68011,0.36923,0.28625,0.21102,0.01649,0.01034,0.02365,0.24000,0.50000,0.29579,0.28906,0.30265,0.26712,0.81582,0.99820,0.91953,1,0,0
MQTT_Publish,0,0.68011,0.37440,0.28625,0.21102,0.01573,0.00984,0.02261,0.24000,0.50000,0.29579,0.28906,0.30106,0.26381,0.81874,0.99820,0.91953,1,0,0
MQTT_Publish,0,0.68011,0.34985,0.27487,0.19430,0.01792,0.01050,0.02499,0.22561,0.50000,0.28154,0.28906,0.31249,0.27475,0.81273,0.99820,0.91953,1,0,0
MQTT_Publish,0,0.68011,0.41484,0.28625,0.21102,0.01079,0.00667,0.01578,0.24000,0.50000,0.29579,0.28906,0.30265,0.26712,0.84150,0.99820,0.91953,1,0,0
MQTT_Publish,0,0.68011,0.36438,0.28625,0.21102,0.01724,0.01083,0.02466,0.24000,0.50000,0.29579,0.28906,0.30106,0.26381,0.81307,0.99820,0.91953,1,0,0
MQTT_Publish,0,0.68011,0.41483,0.28625,0.21102,0.01079,0.00667,0.01578,0.24000,0.50000,0.29579,0.28906,0.30265,0.26712,0.84149,0.99820,0.91953,1,0,0
MQTT_Publish,0,0.68011,0.39596,0.27487,0.21102,0.01169,0.00800,0.01766,0.26084,0.50000,0.28890,0.28906,0.31572,0.26712,0.83471,0.99820,0.91953,1,0,0
MQTT_Publish,0,0.68011,0.41510,0.28625,0.21102,0.01076,0.00665,0.01574,0.24000,0.50000,0.29579,0.28906,0.29945,0.26042,0.84164,0.99820,0.91953,1,0,0
MQTT_Publish,0,0.68011,0.41479,0.28625,0.21102,0.01080,0.00667,0.01578,0.24000,0.50000,0.29579,0.28906,0.29945,0.26042,0.84147,0.99820,0.91953,1,0,0
MQTT_Publish,0,0.68011,0.17901,0.28625,0.21102,0.07949,0.05707,0.09885,0.24000,0.50000,0.29579,0.28906,0.29945,0.26042,0.70217,0.99820,0.91953,1,0,0
MQTT_Publish,0,0.68011,0.19508,0.28625,0.21102,0.07063,0.04990,0.08913,0.24000,0.50000,0.29579,0.28906,0.29945,0.26042,0.71266,0.99820,0.91953,1,0,0
MQTT_Publish,0,0.68011,0.38760,0.28625,0.21102,0.01392,0.00867,0.02014,0.24000,0.50000,0.29579,0.28906,0.30106,0.26381,0.82619,0.99820,0.91953,1,0,0
MQTT_Publish,0,0.68011,0.19372,0.28625,0.21102,0.07135,0.05048,0.08992,0.24000,0.50000,0.29579,0.28906,0.30265,0.26712,0.71179,0.99820,0.91953,1,0,0
MQTT_Publish,0,0.68011,0.35000,0.27487,0.19430,0.01790,0.01049,0.02496,0.22561,0.50000,0.28154,0.28906,0.31249,0.27475,0.81282,0.99820,0.91953,1,0,0
MQTT_Publish,0,0.68011,0.58342,0.28625,0.21102,0.00210,0.00127,0.00318,0.24000,0.50000,0.29579,0.28906,0.29782,0.24972,0.93521,0.99820,0.91953,1,0,0
MQTT_Publish,0,0.68011,0.38570,0.28625,0.21102,0.01417,0.00883,0.02048,0.24000,0.50000,0.29579,0.28906,0.29945,0.26042,0.82512,0.99820,0.91953,1,0,0
MQTT_Publish,0,0.68011,0.35037,0.27487,0.19430,0.01784,0.01045,0.02488,0.22561,0.50000,0.28154,0.28906,0.30917,0.26712,0.81303,0.99820,0.91953,1,0,0
MQTT_Publish,0,0.68011,0.34984,0.27487,0.19430,0.01792,0.01050,0.02499,0.22561,0.50000,0.28154,0.28906,0.31249,0.27475,0.81272,0.99820,0.91953,1,0,0
MQTT_Publish,0,0.68011,0.41496,0.28625,0.21102,0.01078,0.00666,0.01576,0.24000,0.50000,0.29579,0.28906,0.30265,0.26712,0.84157,0.99820,0.91953,1,0,0
MQTT_Publish,0,0.68011,0.41478,0.28625,0.21102,0.01080,0.00667,0.01578,0.24000,0.50000,0.29579,0.28906,0.30265,0.26712,0.84147,0.99820,0.91953,1,0,0
MQTT_Publish,0,0.68011,0.17986,0.28625,0.21102,0.07900,0.05667,0.09832,0.24000,0.50000,0.29579,0.28906,0.30265,0.26712,0.70274,0.99820,0.91953,1,0,0
MQTT_Publish,0,0.68011,0.35031,0.27487,0.19430,0.01785,0.01045,0.02489,0.22561,0.50000,0.28154,0.28906,0.31249,0.27475,0.81299,0.99820,0.91953,1,0,0
MQTT_Publish,0,0.68011,0.39180,0.27487,0.21102,0.01216,0.00833,0.01834,0.26084,0.50000,0.28890,0.28906,0.30917,0.24596,0.83237,0.99820,0.91953,1,0,0
MQTT_Publish,0,0.68011,0.27076,0.28625,0.21102,0.03901,0.02582,0.05252,0.24000,0.50000,0.29579,0.28906,0.30265,0.26712,0.75908,0.99820,0.91953,1,0,0
MQTT_Publish,0,0.68011,0.27833,0.27487,0.19430,0.03370,0.02062,0.04505,0.22561,0.50000,0.28154,0.28906,0.31249,0.27475,0.77144,0.99820,0.91953,1,0,0
MQTT_Publish,0,0.68011,0.40206,0.27487,0.19430,0.01104,0.00634,0.01572,0.22561,0.50000,0.28154,0.28906,0.31249,0.27475,0.84223,0.99820,0.91953,1,0,0
MQTT_Publish,0,0.68011,0.39161,0.28625,0.21102,0.01341,0.00834,0.01943,0.24000,0.50000,0.29579,0.28906,0.30265,0.26712,0.82845,0.99820,0.91953,1,0,0
MQTT_Publish,0,0.68011,0.41483,0.28625,0.21102,0.01079,0.00667,0.01578,0.24000,0.50000,0.29579,0.28906,0.30265,0.26712,0.84149,0.99820,0.91953,1,0,0
MQTT_Publish,0,0.68011,0.41480,0.28625,0.21102,0.01079,0.00667,0.01578,0.24000,0.50000,0.29579,0.28906,0.30265,0.26712,0.84147,0.99820,0.91953,1,0,0
MQTT_Publish,0,0.68011,0.39764,0.28625,0.21102,0.01268,0.00787,0.01842,0.24000,0.50000,0.29579,0.28906,0.29945,0.26042,0.83184,0.99820,0.91953,1,0,0
MQTT_Publish,0,0.68011,0.34992,0.27487,0.19430,0.01791,0.01049,0.02498,0.22561,0.50000,0.28154,0.28906,0.31249,0.27475,0.81277,0.99820,0.91953,1,0,0
MQTT_Publish,0,0.68011,0.36162,0.27487,0.19430,0.01609,0.00938,0.02256,0.22561,0.50000,0.28154,0.28906,0.30917,0.26712,0.81942,0.99820,0.91953,1,0,0
MQTT_Publish,0,0.68011,0.41492,0.28625,0.21102,0.01078,0.00666,0.01577,0.24000,0.50000,0.29579,0.28906,0.30265,0.26712,0.84154,0.99820,0.91953,1,0,0
MQTT_Publish,0,0.68011,0.39573,0.28625,0.22550,0.01291,0.00927,0.01975,0.27095,0.50000,0.30226,0.28906,0.30265,0.24919,0.82720,0.99820,0.91953,1,0,0
MQTT_Publish,0,0.68011,0.34715,0.28625,0.21102,0.02015,0.01275,0.02857,0.24000,0.50000,0.29579,0.28906,0.30106,0.26381,0.80329,0.99820,0.91953,1,0,0
MQTT_Publish,0,0.68011,0.40829,0.28625,0.21102,0.01148,0.00710,0.01674,0.24000,0.50000,0.29579,0.28906,0.29945,0.26042,0.83782,0.99820,0.91953,1,0,0
MQTT_Publish,0,0.68011,0.30000,0.28625,0.21102,0.03050,0.01979,0.04196,0.24000,0.50000,0.29579,0.28906,0.29945,0.26042,0.77620,0.99820,0.91953,1,0,0
MQTT_Publish,0,0.68011,0.39197,0.28625,0.21102,0.01337,0.00831,0.01937,0.24000,0.50000,0.29579,0.28906,0.30265,0.26712,0.82865,0.99820,0.91953,1,0,0
MQTT_Publish,0,0.68011,0.25692,0.28625,0.21102,0.04370,0.02923,0.05818,0.24000,0.50000,0.29579,0.28906,0.30106,0.26381,0.75085,0.99820,0.91953,1,0,0
MQTT_Publish,0,0.68011,0.41495,0.28625,0.21102,0.01078,0.00666,0.01576,0.24000,0.50000,0.29579,0.28906,0.30265,0.26712,0.84156,0.99820,0.91953,1,0,0
MQTT_Publish,0,0.68011,0.41482,0.27487,0.19430,0.00978,0.00560,0.01399,0.22561,0.50000,0.28154,0.28906,0.31572,0.28884,0.84939,0.99820,0.91953,1,0,0
MQTT_Publish,0,0.68011,0.22975,0.28625,0.21102,0.05425,0.03711,0.07059,0.24000,0.50000,0.29579,0.28906,0.30106,0.26381,0.73441,0.99820,0.91953,1,0,0
MQTT_Publish,0,0.68011,0.41504,0.28625,0.21102,0.01077,0.00665,0.01575,0.24000,0.50000,0.29579,0.28906,0.30265,0.26712,0.84161,0.99820,0.91953,1,0,0
MQTT_Publish,0,0.68011,0.15989,0.28625,0.21102,0.09119,0.06679,0.11144,0.24000,0.50000,0.29579,0.28906,0.30265,0.26712,0.68924,0.99820,0.91953,1,0,0
MQTT_Publish,0,0.68011,0.29125,0.27487,0.19430,0.03017,0.01829,0.04068,0.22561,0.50000,0.28154,0.28906,0.31084,0.27098,0.77901,0.99820,0.91953,1,0,0
MQTT_Publish,0,0.68011,0.35025,0.27487,0.19430,0.01786,0.01046,0.02491,0.22561,0.50000,0.28154,0.28906,0.31249,0.27475,0.81296,0.99820,0.91953,1,0,0
MQTT_Publish,0,0.68011,0.41484,0.28625,0.21102,0.01079,0.00667,0.01578,0.24000,0.50000,0.29579,0.28906,0.30265,0.26712,0.84149,0.99820,0.91953,1,0,0
MQTT_Publish,0,0.68011,0.36141,0.27487,0.19430,0.01612,0.00940,0.02260,0.22561,0.50000,0.28154,0.28906,0.30917,0.26712,0.81929,0.99820,0.91953,1,0,0
MQTT_Publish,0,0.68011,0.37167,0.27487,0.19430,0.01466,0.00851,0.02065,0.22561,0.50000,0.28154,0.28906,0.31249,0.27475,0.82511,0.99820,0.91953,1,0,0
MQTT_Publish,0,0.68011,0.41341,0.28625,0.21102,0.01094,0.00676,0.01598,0.24000,0.50000,0.29579,0.28906,0.30265,0.26712,0.84070,0.99820,0.91953,1,0,0
MQTT_Publish,0,0.68011,0.11252,0.27487,0.21102,0.12077,0.09799,0.14476,0.26084,0.50000,0.28890,0.00000,0.31572,0.26712,0.65771,0.99820,0.91953,1,0,0
MQTT_Publish,0,0.68011,0.41493,0.28625,0.21102,0.01078,0.00666,0.01576,0.24000,0.50000,0.29579,0.28906,0.30265,0.26712,0.84155,0.99820,0.91953,1,0,0
MQTT_Publish,0,0.68011,0.40844,0.27487,0.19430,0.01039,0.00596,0.01484,0.22561,0.50000,0.28154,0.28906,0.31572,0.28884,0.84581,0.99820,0.91953,1,0,0
MQTT_Publish,0,0.68011,0.22190,0.27487,0.19430,0.05357,0.03444,0.06858,0.22561,0.50000,0.28154,0.28906,0.31249,0.27475,0.73748,0.99820,0.91953,1,0,0
MQTT_Publish,0,0.68011,0.34076,0.28625,0.21102,0.02134,0.01354,0.03014,0.24000,0.50000,0.29579,0.28906,0.30265,0.26712,0.79965,0.99820,0.91953,1,0,0
MQTT_Publish,0,0.68011,0.30520,0.28625,0.21102,0.02916,0.01887,0.04027,0.24000,0.50000,0.29579,0.28906,0.30106,0.26381,0.77921,0.99820,0.91953,1,0,0
MQTT_Publish,0,0.68011,0.37181,0.28625,0.21102,0.01610,0.01009,0.02313,0.24000,0.50000,0.29579,0.28906,0.30265,0.26712,0.81728,0.99820,0.91953,1,0,0
MQTT_Publish,0,0.68011,0.34998,0.28625,0.21102,0.01964,0.01241,0.02789,0.24000,0.50000,0.29579,0.28906,0.30265,0.26712,0.80490,0.99820,0.91953,1,0,0
MQTT_Publish,0,0.68011,0.41492,0.28625,0.21102,0.01078,0.00666,0.01577,0.24000,0.50000,0.29579,0.28906,0.30265,0.26712,0.84154,0.99820,0.91953,1,0,0
MQTT_Publish,0,0.68011,0.19364,0.28625,0.21102,0.07139,0.05051,0.08997,0.24000,0.50000,0.29579,0.28906,0.30265,0.26712,0.71174,0.99820,0.91953,1,0,0
MQTT_Publish,0,0.68011,0.35045,0.27487,0.19430,0.01782,0.01044,0.02486,0.22561,0.50000,0.28154,0.28906,0.30917,0.26712,0.81307,0.99820,0.91953,1,0,0
MQTT_Publish,0,0.68011,0.32264,0.27487,0.19430,0.02291,0.01361,0.03149,0.22561,0.50000,0.28154,0.28906,0.31572,0.28884,0.79718,0.99820,0.91953,1,0,0
MQTT_Publish,0,0.68011,0.37202,0.27487,0.19430,0.01462,0.00848,0.02059,0.22561,0.50000,0.28154,0.28906,0.31249,0.27475,0.82530,0.99820,0.91953,1,0,0
MQTT_Publish,0,0.68011,0.41480,0.28625,0.21102,0.01079,0.00667,0.01578,0.24000,0.50000,0.29579,0.28906,0.30265,0.26712,0.84148,0.99820,0.91953,1,0,0
MQTT_Publish,0,0.68011,0.41500,0.27487,0.19430,0.00977,0.00559,0.01397,0.22561,0.50000,0.28154,0.28906,0.31572,0.28884,0.84949,0.99820,0.91953,1,0,0
MQTT_Publish,0,0.68011,0.41481,0.28625,0.21102,0.01079,0.00667,0.01578,0.24000,0.50000,0.29579,0.28906,0.29945,0.26042,0.84148,0.99820,0.91953,1,0,0
MQTT_Publish,0,0.68011,0.37889,0.28625,0.21102,0.01509,0.00943,0.02174,0.24000,0.50000,0.29579,0.28906,0.30265,0.26712,0.82128,0.99820,0.91953,1,0,0
MQTT_Publish,0,0.68011,0.34404,0.28625,0.21102,0.02072,0.01313,0.02932,0.24000,0.50000,0.29579,0.28906,0.29945,0.26042,0.80152,0.99820,0.91953,1,0,0
MQTT_Publish,0,0.68011,0.28892,0.28625,0.21102,0.03351,0.02191,0.04575,0.24000,0.50000,0.29579,0.28906,0.29945,0.26042,0.76975,0.99820,0.91953,1,0,0
MQTT_Publish,0,0.68011,0.18057,0.28625,0.21102,0.07858,0.05633,0.09787,0.24000,0.50000,0.29579,0.28906,0.30265,0.26712,0.70321,0.99820,0.91953,1,0,0
MQTT_Publish,0,0.68011,0.38985,0.27487,0.19430,0.01238,0.00714,0.01756,0.22561,0.50000,0.28154,0.28906,0.31249,0.28197,0.83536,0.99820,0.91953,1,0,0
MQTT_Publish,0,0.68011,0.30446,0.28625,0.21102,0.02935,0.01900,0.04051,0.24000,0.50000,0.29579,0.28906,0.30106,0.26381,0.77879,0.99820,0.91953,1,0,0
MQTT_Publish,0,0.68011,0.41470,0.28625,0.21102,0.01080,0.00667,0.01580,0.24000,0.50000,0.29579,0.28906,0.30265,0.26712,0.84142,0.99820,0.91953,1,0,0
MQTT_Publish,0,0.68011,0.35328,0.28625,0.21102,0.01906,0.01203,0.02712,0.24000,0.50000,0.29579,0.28906,0.30265,0.26712,0.80678,0.99820,0.91953,1,0,0
MQTT_Publish,0,0.68011,0.35001,0.27487,0.19430,0.01790,0.01048,0.02496,0.22561,0.50000,0.28154,0.28906,0.31084,0.27098,0.81282,0.99820,0.91953,1,0,0
MQTT_Publish,0,0.68011,0.20878,0.27487,0.19430,0.05938,0.03869,0.07518,0.22561,0.50000,0.28154,0.28906,0.31249,0.27475,0.72929,0.99820,0.91953,1,0,0
MQTT_Publish,0,0.68011,0.39961,0.28625,0.21102,0.01245,0.00772,0.01810,0.24000,0.50000,0.29579,0.28906,0.30265,0.26712,0.83295,0.99820,0.91953,1,0,0
MQTT_Publish,0,0.68011,0.35049,0.27487,0.19430,0.01782,0.01044,0.02485,0.22561,0.50000,0.28154,0.28906,0.31249,0.27475,0.81310,0.99820,0.91953,1,0,0
MQTT_Publish,0,0.68011,0.35043,0.27487,0.19430,0.01783,0.01044,0.02487,0.22561,0.50000,0.28154,0.28906,0.31249,0.27475,0.81306,0.99820,0.91953,1,0,0
MQTT_Publish,0,0.68011,0.28894,0.28625,0.21102,0.03351,0.02190,0.04574,0.24000,0.50000,0.29579,0.28906,0.30265,0.26712,0.76976,0.99820,0.91953,1,0,0
MQTT_Publish,0,0.68011,0.41479,0.28625,0.21102,0.01079,0.00667,0.01578,0.24000,0.50000,0.29579,0.28906,0.30265,0.26712,0.84147,0.99820,0.91953,1,0,0
MQTT_Publish,0,0.68011,0.18005,0.28625,0.21102,0.07889,0.05658,0.09820,0.24000,0.50000,0.29579,0.28906,0.30106,0.26381,0.70286,0.99820,0.91953,1,0,0
MQTT_Publish,0,0.68011,0.41479,0.27487,0.19430,0.00979,0.00560,0.01400,0.22561,0.50000,0.28154,0.28906,0.31572,0.28884,0.84937,0.99820,0.91953,1,0,0
MQTT_Publish,0,0.68011,0.41473,0.28625,0.21102,0.01080,0.00667,0.01579,0.24000,0.50000,0.29579,0.28906,0.30265,0.26712,0.84143,0.99820,0.91953,1,0,0
MQTT_Publish,0,0.68011,0.35000,0.27487,0.19430,0.01790,0.01049,0.02496,0.22561,0.50000,0.28154,0.28906,0.31249,0.27475,0.81282,0.99820,0.91953,1,0,0
MQTT_Publish,0,0.68011,0.40150,0.27487,0.19430,0.01110,0.00637,0.01581,0.22561,0.50000,0.28154,0.28906,0.31249,0.27475,0.84191,0.99820,0.91953,1,0,0
MQTT_Publish,0,0.68011,0.41497,0.28625,0.21102,0.01078,0.00666,0.01576,0.24000,0.50000,0.29579,0.28906,0.30265,0.26712,0.84157,0.99820,0.91953,1,0,0
MQTT_Publish,0,0.68011,0.35018,0.27487,0.19430,0.01787,0.01047,0.02492,0.22561,0.50000,0.28154,0.28906,0.31249,0.27475,0.81292,0.99820,0.91953,1,0,0
MQTT_Publish,0,0.68011,0.23103,0.28625,0.21102,0.05371,0.03670,0.06996,0.24000,0.50000,0.29579,0.28906,0.30106,0.26381,0.73519,0.99820,0.91953,1,0,0
MQTT_Publish,0,0.68011,0.41479,0.28625,0.21102,0.01080,0.00667,0.01578,0.24000,0.50000,0.29579,0.28906,0.30265,0.26712,0.84147,0.99820,0.91953,1,0,0
MQTT_Publish,0,0.68011,0.41477,0.27487,0.19430,0.00979,0.00560,0.01400,0.22561,0.50000,0.28154,0.28906,0.31572,0.28884,0.84936,0.99820,0.91953,1,0,0
MQTT_Publish,0,0.68011,0.41486,0.28625,0.21102,0.01079,0.00666,0.01577,0.24000,0.50000,0.29579,0.28906,0.30106,0.26381,0.84151,0.99820,0.91953,1,0,0
MQTT_Publish,0,0.68011,0.35021,0.27487,0.19430,0.01786,0.01046,0.02491,0.22561,0.50000,0.28154,0.28906,0.30917,0.26712,0.81294,0.99820,0.91953,1,0,0
MQTT_Publish,0,0.68011,0.36949,0.27487,0.19430,0.01496,0.00869,0.02105,0.22561,0.50000,0.28154,0.28906,0.31572,0.28884,0.82387,0.99820,0.91953,1,0,0
MQTT_Publish,0,0.68011,0.37190,0.28625,0.21102,0.01609,0.01008,0.02311,0.24000,0.50000,0.29579,0.28906,0.30106,0.26381,0.81733,0.99820,0.91953,1,0,0
MQTT_Publish,0,0.68011,0.35008,0.27487,0.19430,0.01789,0.01048,0.02494,0.22561,0.50000,0.28154,0.28906,0.31249,0.27475,0.81286,0.99820,0.91953,1,0,0
MQTT_Publish,0,0.68011,0.19589,0.28625,0.21102,0.07021,0.04957,0.08866,0.24000,0.50000,0.29579,0.28906,0.30265,0.26712,0.71318,0.99820,0.91953,1,0,0
MQTT_Publish,0,0.68011,0.41326,0.27487,0.22550,0.00993,0.00784,0.01600,0.29379,0.50000,0.29579,0.28906,0.31249,0.24265,0.84061,0.99820,0.91953,1,0,0
MQTT_Publish,0,0.68011,0.39573,0.28625,0.21102,0.01291,0.00802,0.01873,0.24000,0.50000,0.29579,0.28906,0.30265,0.26712,0.83077,0.99820,0.91953,1,0,0
MQTT_Publish,0,0.68011,0.30980,0.27487,0.19430,0.02567,0.01537,0.03502,0.22561,0.50000,0.28154,0.28906,0.31249,0.27475,0.78978,0.99820,0.91953,1,0,0
MQTT_Publish,0,0.68011,0.41019,0.28625,0.21102,0.01127,0.00697,0.01645,0.24000,0.50000,0.29579,0.28906,0.30265,0.26712,0.83889,0.99820,0.91953,1,0,0
MQTT_Publish,0,0.68011,0.13922,0.28625,0.21102,0.10548,0.07899,0.12650,0.24000,0.50000,0.29579,0.28906,0.29945,0.26042,0.67453,0.99820,0.91953,1,0,0
MQTT_Publish,0,0.68011,0.35901,0.28625,0.21102,0.01810,0.01139,0.02583,0.24000,0.50000,0.29579,0.28906,0.30265,0.26712,0.81003,0.99820,0.91953,1,0,0
MQTT_Publish,0,0.68011,0.36709,0.28625,0.21102,0.01682,0.01055,0.02409,0.24000,0.50000,0.29579,0.28906,0.30265,0.26712,0.81461,0.99820,0.91953,1,0,0
MQTT_Publish,0,0.68011,0.34693,0.28625,0.21102,0.02019,0.01278,0.02862,0.24000,0.50000,0.29579,0.28906,0.30265,0.26712,0.80317,0.99820,0.91953,1,0,0
MQTT_Publish,0,0.68011,0.41494,0.27487,0.19430,0.00977,0.00559,0.01398,0.22561,0.50000,0.28154,0.28906,0.31411,0.28545,0.84946,0.99820,0.91953,1,0,0
MQTT_Publish,0,0.68011,0.34988,0.27487,0.19430,0.01792,0.01050,0.02499,0.22561,0.50000,0.28154,0.28906,0.31084,0.27098,0.81275,0.99820,0.91953,1,0,0
MQTT_Publish,0,0.68011,0.31388,0.28625,0.21102,0.02705,0.01741,0.03758,0.24000,0.50000,0.29579,0.28906,0.30265,0.26712,0.78423,0.99820,0.91953,1,0,0
MQTT_Publish,0,0.68011,0.27724,0.28625,0.21102,0.03697,0.02436,0.05002,0.24000,0.50000,0.29579,0.28906,0.30265,0.26712,0.76290,0.99820,0.91953,1,0,0
MQTT_Publish,0,0.68011,0.41480,0.28625,0.21102,0.01079,0.00667,0.01578,0.24000,0.50000,0.29579,0.28906,0.30265,0.26712,0.84147,0.99820,0.91953,1,0,0
MQTT_Publish,0,0.68011,0.37414,0.28625,0.21102,0.01576,0.00986,0.02266,0.24000,0.50000,0.29579,0.28906,0.30265,0.26712,0.81860,0.99820,0.91953,1,0,0
MQTT_Publish,0,0.68011,0.22954,0.28625,0.21102,0.05434,0.03718,0.07069,0.24000,0.50000,0.29579,0.28906,0.30265,0.26712,0.73428,0.99820,0.91953,1,0,0
MQTT_Publish,0,0.68011,0.41502,0.28625,0.21102,0.01077,0.00665,0.01575,0.24000,0.50000,0.29579,0.28906,0.30265,0.26712,0.84160,0.99820,0.91953,1,0,0
MQTT_Publish,0,0.68011,0.20721,0.28625,0.21102,0.06450,0.04504,0.08228,0.24000,0.50000,0.29579,0.28906,0.30265,0.26712,0.72039,0.99820,0.91953,1,0,0
MQTT_Publish,0,0.68011,0.34999,0.27487,0.19430,0.01790,0.01049,0.02496,0.22561,0.50000,0.28154,0.28906,0.31249,0.27475,0.81281,0.99820,0.91953,1,0,0
MQTT_Publish,0,0.68011,0.41511,0.28625,0.21102,0.01076,0.00665,0.01574,0.24000,0.50000,0.29579,0.28906,0.30106,0.26381,0.84165,0.99820,0.91953,1,0,0
MQTT_Publish,0,0.68011,0.40326,0.28625,0.21102,0.01203,0.00746,0.01751,0.24000,0.50000,0.29579,0.28906,0.30265,0.26712,0.83500,0.99820,0.91953,1,0,0
MQTT_Publish,0,0.68011,0.15956,0.28625,0.21102,0.09140,0.06696,0.11167,0.24000,0.50000,0.29579,0.28906,0.29945,0.26042,0.68902,0.99820,0.91953,1,0,0
MQTT_Publish,0,0.68011,0.41484,0.27487,0.19430,0.00978,0.00560,0.01399,0.22561,0.50000,0.28154,0.28906,0.31572,0.28884,0.84940,0.99820,0.91953,1,0,0
MQTT_Publish,0,0.68011,0.38107,0.28625,0.23827,0.01479,0.01206,0.02358,0.30014,0.50000,0.30835,0.28906,0.30265,0.23401,0.81560,0.99820,0.91953,1,0,0
MQTT_Publish,0,0.68011,0.28909,0.28625,0.21102,0.03347,0.02187,0.04569,0.24000,0.50000,0.29579,0.28906,0.30265,0.26712,0.76985,0.99820,0.91953,1,0,0
MQTT_Publish,0,0.68011,0.33032,0.28625,0.21102,0.02342,0.01494,0.03287,0.24000,0.50000,0.29579,0.28906,0.30106,0.26381,0.79368,0.99820,0.91953,1,0,0
MQTT_Publish,0,0.68011,0.15959,0.28625,0.21102,0.09138,0.06695,0.11165,0.24000,0.50000,0.29579,0.28906,0.30265,0.26712,0.68904,0.99820,0.91953,1,0,0
MQTT_Publish,0,0.68011,0.35017,0.27487,0.19430,0.01787,0.01047,0.02492,0.22561,0.50000,0.28154,0.28906,0.31084,0.27098,0.81291,0.99820,0.91953,1,0,0
MQTT_Publish,0,0.68011,0.36147,0.28625,0.21102,0.01770,0.01113,0.02529,0.24000,0.50000,0.29579,0.28906,0.29945,0.26042,0.81143,0.99820,0.91953,1,0,0
MQTT_Publish,0,0.68011,0.41484,0.28625,0.21102,0.01079,0.00667,0.01578,0.24000,0.50000,0.29579,0.28906,0.29945,0.26042,0.84149,0.99820,0.91953,1,0,0
MQTT_Publish,0,0.68011,0.35932,0.28625,0.21102,0.01805,0.01136,0.02576,0.24000,0.50000,0.29579,0.28906,0.30265,0.26712,0.81021,0.99820,0.91953,1,0,0
MQTT_Publish,0,0.68011,0.34062,0.28625,0.21102,0.02136,0.01356,0.03018,0.24000,0.50000,0.29579,0.28906,0.30265,0.26712,0.79957,0.99820,0.91953,1,0,0
MQTT_Publish,0,0.68011,0.35640,0.27487,0.19430,0.01688,0.00986,0.02361,0.22561,0.50000,0.28154,0.28906,0.31249,0.27475,0.81645,0.99820,0.91953,1,0,0
MQTT_Publish,0,0.68011,0.13682,0.28625,0.21102,0.10726,0.08054,0.12835,0.24000,0.50000,0.29579,0.28906,0.29945,0.26042,0.67276,0.99820,0.91953,1,0,0
MQTT_Publish,0,0.68011,0.31377,0.28625,0.21102,0.02708,0.01743,0.03761,0.24000,0.50000,0.29579,0.28906,0.30265,0.26712,0.78417,0.99820,0.91953,1,0,0
MQTT_Publish,0,0.68011,0.41496,0.28625,0.21102,0.01078,0.00666,0.01576,0.24000,0.50000,0.29579,0.28906,0.29945,0.26042,0.84156,0.99820,0.91953,1,0,0
MQTT_Publish,0,0.68011,0.27146,0.28625,0.21102,0.03879,0.02566,0.05225,0.24000,0.50000,0.29579,0.28906,0.30106,0.26381,0.75949,0.99820,0.91953,1,0,0
MQTT_Publish,0,0.68011,0.34995,0.27487,0.19430,0.01791,0.01049,0.02497,0.22561,0.50000,0.28154,0.28906,0.31084,0.27098,0.81279,0.99820,0.91953,1,0,0
MQTT_Publish,0,0.68011,0.41490,0.28625,0.21102,0.01078,0.00666,0.01577,0.24000,0.50000,0.29579,0.28906,0.30265,0.26712,0.84153,0.99820,0.91953,1,0,0
MQTT_Publish,0,0.68011,0.37642,0.28625,0.21102,0.01544,0.00965,0.02221,0.24000,0.50000,0.29579,0.28906,0.30106,0.26381,0.81989,0.99820,0.91953,1,0,0
MQTT_Publish,0,0.68011,0.40832,0.28625,0.21102,0.01147,0.00710,0.01674,0.24000,0.50000,0.29579,0.28906,0.30265,0.26712,0.83784,0.99820,0.91953,1,0,0
MQTT_Publish,0,0.68011,0.40125,0.28625,0.21102,0.01226,0.00760,0.01783,0.24000,0.50000,0.29579,0.28906,0.30265,0.26712,0.83387,0.99820,0.91953,1,0,0
MQTT_Publish,0,0.68011,0.35006,0.27487,0.19430,0.01789,0.01048,0.02495,0.22561,0.50000,0.28154,0.28906,0.31249,0.27475,0.81285,0.99820,0.91953,1,0,0
MQTT_Publish,0,0.68011,0.41500,0.28625,0.21102,0.01077,0.00666,0.01575,0.24000,0.50000,0.29579,0.28906,0.30265,0.26712,0.84159,0.99820,0.91953,1,0,0
MQTT_Publish,0,0.68011,0.41483,0.28625,0.21102,0.01079,0.00667,0.01578,0.24000,0.50000,0.29579,0.28906,0.30265,0.26712,0.84149,0.99820,0.91953,1,0,0
MQTT_Publish,0,0.68011,0.32989,0.28625,0.21102,0.02350,0.01500,0.03298,0.24000,0.50000,0.29579,0.28906,0.30265,0.26712,0.79344,0.99820,0.91953,1,0,0
MQTT_Publish,0,0.68011,0.41478,0.28625,0.21102,0.01080,0.00667,0.01579,0.24000,0.50000,0.29579,0.28906,0.30265,0.26712,0.84147,0.99820,0.91953,1,0,0
MQTT_Publish,0,0.68011,0.41484,0.28625,0.21102,0.01079,0.00667,0.01578,0.24000,0.50000,0.29579,0.28906,0.30265,0.26712,0.84149,0.99820,0.91953,1,0,0
MQTT_Publish,0,0.68011,0.41482,0.28625,0.21102,0.01079,0.00667,0.01578,0.24000,0.50000,0.29579,0.28906,0.30265,0.26712,0.84149,0.99820,0.91953,1,0,0
MQTT_Publish,0,0.68011,0.38116,0.28625,0.21102,0.01478,0.00922,0.02131,0.24000,0.50000,0.29579,0.28906,0.30265,0.26712,0.82256,0.99820,0.91953,1,0,0
MQTT_Publish,0,0.68011,0.38574,0.28625,0.21102,0.01416,0.00883,0.02047,0.24000,0.50000,0.29579,0.28906,0.30265,0.26712,0.82514,0.99820,0.91953,1,0,0
MQTT_Publish,0,0.68011,0.35044,0.27487,0.19430,0.01783,0.01044,0.02486,0.22561,0.50000,0.28154,0.28906,0.31249,0.27475,0.81307,0.99820,0.91953,1,0,0
MQTT_Publish,0,0.68011,0.41480,0.28625,0.21102,0.01079,0.00667,0.01578,0.24000,0.50000,0.29579,0.28906,0.30265,0.26712,0.84147,0.99820,0.91953,1,0,0
MQTT_Publish,0,0.68011,0.34978,0.27487,0.19430,0.01793,0.01051,0.02501,0.22561,0.50000,0.28154,0.28906,0.31249,0.27475,0.81269,0.99820,0.91953,1,0,0
MQTT_Publish,0,0.68011,0.39580,0.28625,0.21102,0.01290,0.00801,0.01872,0.24000,0.50000,0.29579,0.28906,0.29945,0.26042,0.83081,0.99820,0.91953,1,0,0
MQTT_Publish,0,0.68011,0.37672,0.28625,0.21102,0.01539,0.00962,0.02216,0.24000,0.50000,0.29579,0.28906,0.30265,0.26712,0.82005,0.99820,0.91953,1,0,0
MQTT_Publish,0,0.68011,0.41505,0.28625,0.21102,0.01077,0.00665,0.01575,0.24000,0.50000,0.29579,0.28906,0.30106,0.26381,0.84161,0.99820,0.91953,1,0,0
MQTT_Publish,0,0.68011,0.35904,0.27487,0.19430,0.01648,0.00961,0.02307,0.22561,0.50000,0.28154,0.28906,0.31249,0.27475,0.81795,0.99820,0.91953,1,0,0
MQTT_Publish,0,0.68011,0.41012,0.28625,0.21102,0.01128,0.00698,0.01647,0.24000,0.50000,0.29579,0.28906,0.30106,0.26381,0.83885,0.99820,0.91953,1,0,0
MQTT_Publish,0,0.68011,0.30456,0.28625,0.21102,0.02933,0.01898,0.04048,0.24000,0.50000,0.29579,0.28906,0.30265,0.26712,0.77884,0.99820,0.91953,1,0,0
MQTT_Publish,0,0.68011,0.41480,0.28625,0.23827,0.01079,0.00876,0.01752,0.30014,0.50000,0.30835,0.28906,0.30265,0.23401,0.83456,0.99820,0.91953,1,0,0
MQTT_Publish,0,0.68011,0.24846,0.28625,0.21102,0.04678,0.03150,0.06185,0.24000,0.50000,0.29579,0.28906,0.30106,0.26381,0.74578,0.99820,0.91953,1,0,0
MQTT_Publish,0,0.68011,0.24884,0.28625,0.21102,0.04664,0.03140,0.06168,0.24000,0.50000,0.29579,0.28906,0.30265,0.26712,0.74600,0.99820,0.91953,1,0,0
MQTT_Publish,0,0.68011,0.41480,0.28625,0.21102,0.01079,0.00667,0.01578,0.24000,0.50000,0.29579,0.28906,0.30265,0.26712,0.84147,0.99820,0.91953,1,0,0
MQTT_Publish,0,0.68011,0.16224,0.28625,0.21102,0.08968,0.06552,0.10983,0.24000,0.50000,0.29579,0.28906,0.30265,0.26712,0.69086,0.99820,0.91953,1,0,0
MQTT_Publish,0,0.68011,0.41474,0.27487,0.19430,0.00979,0.00560,0.01400,0.22561,0.50000,0.28154,0.28906,0.31572,0.28884,0.84934,0.99820,0.91953,1,0,0
MQTT_Publish,0,0.68011,0.41164,0.28625,0.21102,0.01112,0.00688,0.01624,0.24000,0.50000,0.29579,0.28906,0.30106,0.26381,0.83970,0.99820,0.91953,1,0,0
MQTT_Publish,0,0.68011,0.41496,0.28625,0.23827,0.01078,0.00875,0.01750,0.30014,0.50000,0.30835,0.28906,0.30106,0.23086,0.83465,0.99820,0.91953,1,0,0
MQTT_Publish,0,0.68011,0.32211,0.28625,0.21102,0.02517,0.01613,0.03516,0.24000,0.50000,0.29579,0.28906,0.29945,0.26042,0.78897,0.99820,0.91953,1,0,0
MQTT_Publish,0,0.68011,0.41489,0.28625,0.21102,0.01078,0.00666,0.01577,0.24000,0.50000,0.29579,0.28906,0.30265,0.26712,0.84153,0.99820,0.91953,1,0,0
MQTT_Publish,0,0.68011,0.39580,0.28625,0.21102,0.01290,0.00801,0.01872,0.24000,0.50000,0.29579,0.28906,0.30106,0.26381,0.83080,0.99820,0.91953,1,0,0
MQTT_Publish,0,0.68011,0.31356,0.28625,0.21102,0.02713,0.01746,0.03767,0.24000,0.50000,0.29579,0.28906,0.30265,0.26712,0.78404,0.99820,0.91953,1,0,0
MQTT_Publish,0,0.68011,0.27758,0.27487,0.19430,0.03392,0.02076,0.04531,0.22561,0.50000,0.28154,0.28906,0.31572,0.28884,0.77100,0.99820,0.91953,1,0,0
MQTT_Publish,0,0.68011,0.41491,0.28625,0.21102,0.01078,0.00666,0.01577,0.24000,0.50000,0.29579,0.28906,0.30265,0.26712,0.84154,0.99820,0.91953,1,0,0
MQTT_Publish,0,0.68011,0.35001,0.27487,0.19430,0.01790,0.01048,0.02496,0.22561,0.50000,0.28154,0.28906,0.30917,0.26712,0.81282,0.99820,0.91953,1,0,0
MQTT_Publish,0,0.68011,0.39580,0.28625,0.21102,0.01290,0.00801,0.01872,0.24000,0.50000,0.29579,0.28906,0.30265,0.26712,0.83081,0.99820,0.91953,1,0,0
MQTT_Publish,0,0.68011,0.38985,0.28625,0.21102,0.01363,0.00849,0.01974,0.24000,0.50000,0.29579,0.28906,0.30265,0.26712,0.82746,0.99820,0.91953,1,0,0
MQTT_Publish,0,0.68011,0.34725,0.28625,0.21102,0.02013,0.01274,0.02854,0.24000,0.50000,0.29579,0.28906,0.29945,0.26042,0.80335,0.99820,0.91953,1,0,0
MQTT_Publish,0,0.68011,0.41510,0.28625,0.21102,0.01076,0.00665,0.01574,0.24000,0.50000,0.29579,0.28906,0.30265,0.26712,0.84164,0.99820,0.91953,1,0,0
MQTT_Publish,0,0.68011,0.17969,0.27487,0.19430,0.07412,0.04988,0.09155,0.22561,0.50000,0.28154,0.28906,0.31572,0.28884,0.71053,0.99820,0.91953,1,0,0
MQTT_Publish,0,0.68011,0.41477,0.28625,0.21102,0.01080,0.00667,0.01579,0.24000,0.50000,0.29579,0.28906,0.30265,0.26712,0.84146,0.99820,0.91953,1,0,0
MQTT_Publish,0,0.68011,0.41504,0.28625,0.21102,0.01077,0.00665,0.01575,0.24000,0.50000,0.29579,0.28906,0.29945,0.26042,0.84161,0.99820,0.91953,1,0,0
MQTT_Publish,0,0.68011,0.40511,0.28625,0.21102,0.01182,0.00732,0.01723,0.24000,0.50000,0.29579,0.28906,0.30265,0.26712,0.83604,0.99820,0.91953,1,0,0
MQTT_Publish,0,0.68011,0.41496,0.28625,0.21102,0.01078,0.00666,0.01576,0.24000,0.50000,0.29579,0.28906,0.30265,0.26712,0.84157,0.99820,0.91953,1,0,0
MQTT_Publish,0,0.68011,0.36699,0.28625,0.21102,0.01683,0.01056,0.02411,0.24000,0.50000,0.29579,0.28906,0.30265,0.26712,0.81455,0.99820,0.91953,1,0,0
MQTT_Publish,0,0.68011,0.39759,0.27487,0.19430,0.01151,0.00662,0.01638,0.22561,0.50000,0.28154,0.28906,0.30917,0.26712,0.83972,0.99820,0.91953,1,0,0
MQTT_Publish,0,0.68011,0.32262,0.28625,0.21102,0.02506,0.01605,0.03501,0.24000,0.50000,0.29579,0.28906,0.30265,0.26712,0.78926,0.99820,0.91953,1,0,0
MQTT_Publish,0,0.68011,0.38124,0.28625,0.21102,0.01476,0.00922,0.02130,0.24000,0.50000,0.29579,0.28906,0.30265,0.26712,0.82261,0.99820,0.91953,1,0,0
MQTT_Publish,0,0.68011,0.34719,0.27487,0.19430,0.01836,0.01077,0.02557,0.22561,0.50000,0.28154,0.28906,0.31084,0.27098,0.81122,0.99820,0.91953,1,0,0
MQTT_Publish,0,0.68011,0.37175,0.28625,0.21102,0.01611,0.01009,0.02314,0.24000,0.50000,0.29579,0.28906,0.30265,0.26712,0.81725,0.99820,0.91953,1,0,0
MQTT_Publish,0,0.68011,0.40845,0.28625,0.21102,0.01146,0.00709,0.01671,0.24000,0.50000,0.29579,0.28906,0.29945,0.26042,0.83792,0.99820,0.91953,1,0,0
MQTT_Publish,0,0.68011,0.40151,0.28625,0.22550,0.01223,0.00877,0.01876,0.27095,0.50000,0.30226,0.28906,0.29945,0.24265,0.83045,0.99820,0.91953,1,0,0
MQTT_Publish,0,0.68011,0.41484,0.28625,0.21102,0.01079,0.00667,0.01578,0.24000,0.50000,0.29579,0.28906,0.30265,0.26712,0.84150,0.99820,0.91953,1,0,0
MQTT_Publish,0,0.68011,0.35008,0.27487,0.19430,0.01789,0.01048,0.02494,0.22561,0.50000,0.28154,0.28906,0.31084,0.27098,0.81286,0.99820,0.91953,1,0,0
MQTT_Publish,0,0.68011,0.35031,0.27487,0.19430,0.01785,0.01045,0.02489,0.22561,0.50000,0.28154,0.28906,0.31249,0.27475,0.81300,0.99820,0.91953,1,0,0
MQTT_Publish,0,0.68011,0.41482,0.28625,0.21102,0.01079,0.00667,0.01578,0.24000,0.50000,0.29579,0.28906,0.30265,0.26712,0.84148,0.99820,0.91953,1,0,0
Thing_Speak,0,0.35975,0.00436,0.13115,0.11913,0.27614,0.27614,0.30986,0.35394,0.00000,0.00000,0.00000,0.48659,0.53423,0.53050,0.00000,0.00000,0,1,0
Thing_Speak,0,0.35975,0.00510,0.13115,0.11913,0.26479,0.26479,0.29892,0.35394,0.00000,0.00000,0.00000,0.48659,0.53423,0.53940,0.00000,0.00000,0,1,0
Thing_Speak,0,0.35975,0.00259,0.13115,0.11913,0.31369,0.31369,0.34592,0.35394,0.00000,0.00000,0.00000,0.50252,0.54501,0.50125,0.00000,0.00000,0,1,0
Thing_Speak,0,0.77431,0.00000,0.08274,0.00000,0.00000,0.00000,0.00000,0.00000,0.00000,0.00000,0.00000,0.64227,0.00000,0.00000,0.00000,0.00000,0,1,0
Thing_Speak,0,0.54976,0.09475,0.33098,0.27815,0.16974,0.15533,0.19907,0.30014,0.50000,0.34340,0.45816,0.56266,0.85708,0.60837,0.99820,0.91953,1,0,0
Thing_Speak,0,0.35975,0.00621,0.13115,0.11913,0.25059,0.25059,0.28520,0.35394,0.00000,0.00000,0.00000,0.50252,0.54501,0.55059,0.00000,0.00000,0,1,0
Thing_Speak,0,0.54976,0.08376,0.31504,0.26947,0.17256,0.16170,0.20353,0.31307,0.50000,0.32976,0.45816,0.58224,0.86746,0.60488,0.99820,0.91953,1,0,0
Thing_Speak,0,0.35975,0.00271,0.13115,0.11913,0.31040,0.31040,0.34277,0.35394,0.00000,0.00000,0.00000,0.50252,0.54501,0.50380,0.00000,0.00000,0,1,0
Thing_Speak,0,0.54976,0.09290,0.32327,0.29366,0.16722,0.16722,0.20341,0.35394,0.50000,0.34758,0.45816,0.57209,0.83618,0.60461,0.99820,0.91953,1,0,0
Thing_Speak,0,0.77431,0.00000,0.08274,0.00000,0.00000,0.00000,0.00000,0.00000,0.00000,0.00000,0.00000,0.53282,0.00000,0.00000,0.00000,0.00000,0,1,0
Thing_Speak,0,0.35975,0.00281,0.13115,0.11913,0.30770,0.30770,0.34018,0.35394,0.00000,0.00000,0.00000,0.48659,0.53423,0.50590,0.00000,0.00000,0,1,0
Thing_Speak,0,0.35975,0.00488,0.13115,0.11913,0.26790,0.26790,0.30192,0.35394,0.00000,0.00000,0.00000,0.48659,0.53423,0.53695,0.00000,0.00000,0,1,0
Thing_Speak,0,0.39632,0.05530,0.24823,0.19430,0.16959,0.14802,0.19576,0.27522,0.50000,0.26510,0.00000,0.48106,0.64373,0.61398,0.99820,0.91953,1,0,0
Thing_Speak,0,0.35975,0.00599,0.13115,0.11913,0.25315,0.25315,0.28768,0.35394,0.00000,0.00000,0.00000,0.48659,0.61921,0.54856,0.00000,0.00000,0,1,0
Thing_Speak,0,0.39632,0.07000,0.24823,0.19430,0.14926,0.12854,0.17547,0.27522,0.50000,0.26510,0.00000,0.47333,0.64373,0.63143,0.99820,0.91953,1,0,0
Thing_Speak,0,0.35975,0.00580,0.13115,0.11913,0.25549,0.25549,0.28994,0.35394,0.00000,0.00000,0.00000,0.50252,0.54501,0.54672,0.00000,0.00000,0,1,0
Thing_Speak,0,0.39632,0.06284,0.24823,0.19430,0.15864,0.13750,0.18486,0.27522,0.50000,0.26510,0.00000,0.48106,0.64348,0.62328,0.99820,0.91953,1,0,0
Thing_Speak,0,0.35975,0.00278,0.13115,0.11913,0.30854,0.30854,0.34098,0.35394,0.00000,0.00000,0.00000,0.50252,0.54501,0.50525,0.00000,0.00000,0,1,0
Thing_Speak,0,0.35975,0.00265,0.13115,0.11913,0.31213,0.31213,0.34443,0.35394,0.00000,0.00000,0.00000,0.50252,0.54501,0.50246,0.00000,0.00000,0,1,0
Thing_Speak,0,0.35975,0.00209,0.13115,0.11913,0.32926,0.32926,0.36084,0.35394,0.00000,0.00000,0.00000,0.50252,0.54501,0.48919,0.00000,0.00000,0,1,0
Thing_Speak,0,0.54976,0.08265,0.31504,0.26947,0.17385,0.16296,0.20480,0.31307,0.50000,0.32976,0.45816,0.58224,0.86893,0.60380,0.99820,0.91953,1,0,0
Thing_Speak,0,0.35975,0.00270,0.13115,0.11913,0.31052,0.31052,0.34289,0.35394,0.00000,0.00000,0.00000,0.48659,0.53423,0.50371,0.00000,0.00000,0,1,0
Thing_Speak,0,0.35975,0.00286,0.13115,0.11913,0.30649,0.30649,0.33902,0.35394,0.00000,0.00000,0.00000,0.50252,0.54501,0.50684,0.00000,0.00000,0,1,0
Thing_Speak,0,0.54976,0.09103,0.33098,0.27815,0.17376,0.15927,0.20307,0.30014,0.50000,0.34340,0.45816,0.56266,0.85656,0.60499,0.99820,0.91953,1,0,0
Thing_Speak,0,0.39632,0.05650,0.26229,0.21102,0.17652,0.15782,0.20396,0.28575,0.50000,0.28154,0.00000,0.45475,0.61896,0.60629,0.99820,0.91953,1,0,0
Thing_Speak,0,0.35975,0.00276,0.13115,0.11913,0.30919,0.30919,0.34161,0.35394,0.00000,0.00000,0.00000,0.50252,0.54501,0.50474,0.00000,0.00000,0,1,0
Thing_Speak,0,0.35975,0.00264,0.13115,0.11913,0.31234,0.31234,0.34464,0.35394,0.00000,0.00000,0.00000,0.50252,0.54501,0.50229,0.00000,0.00000,0,1,0
Thing_Speak,0,0.54976,0.09174,0.33098,0.27815,0.17298,0.15851,0.20229,0.30014,0.50000,0.34340,0.45816,0.56266,0.86225,0.60564,0.99820,0.91953,1,0,0
Thing_Speak,0,0.39632,0.05580,0.24823,0.19430,0.16882,0.14728,0.19500,0.27522,0.50000,0.26510,0.00000,0.48106,0.64348,0.61462,0.99820,0.91953,1,0,0
Thing_Speak,0,0.35975,0.00385,0.13115,0.11913,0.28512,0.28512,0.31850,0.35394,0.00000,0.00000,0.00000,0.50252,0.54501,0.52348,0.00000,0.00000,0,1,0
Thing_Speak,0,0.54976,0.10467,0.32327,0.28618,0.15514,0.15044,0.18891,0.33537,0.50000,0.34340,0.45816,0.57209,0.84593,0.61830,0.99820,0.91953,1,0,0
Thing_Speak,0,0.35975,0.00323,0.13115,0.11913,0.29778,0.29778,0.33066,0.35394,0.00000,0.00000,0.00000,0.50252,0.54501,0.51361,0.00000,0.00000,0,1,0
Thing_Speak,0,0.35975,0.00488,0.13115,0.11913,0.26800,0.26800,0.30201,0.35394,0.00000,0.00000,0.00000,0.48659,0.53423,0.53688,0.00000,0.00000,0,1,0
Thing_Speak,0,0.54976,0.08361,0.32327,0.27815,0.17760,0.16750,0.20892,0.31610,0.50000,0.33904,0.45816,0.57209,0.85794,0.60014,0.99820,0.91953,1,0,0
Thing_Speak,0,0.35975,0.00604,0.13115,0.11913,0.25255,0.25255,0.28710,0.35394,0.00000,0.00000,0.00000,0.50252,0.54501,0.54904,0.00000,0.00000,0,1,0
Thing_Speak,0,0.35975,0.00328,0.13115,0.11913,0.29660,0.29660,0.32953,0.35394,0.00000,0.00000,0.00000,0.50252,0.54501,0.51453,0.00000,0.00000,0,1,0
Thing_Speak,0,0.39632,0.05536,0.24823,0.19430,0.16950,0.14793,0.19567,0.27522,0.50000,0.26510,0.00000,0.47200,0.64373,0.61406,0.99820,0.91953,1,0,0
Thing_Speak,0,0.35975,0.00221,0.13115,0.11913,0.32494,0.32494,0.35670,0.35394,0.00000,0.00000,0.00000,0.50252,0.54501,0.49253,0.00000,0.00000,0,1,0
Thing_Speak,0,0.35975,0.01417,0.13115,0.11913,0.19116,0.19116,0.22720,0.35394,0.00000,0.00000,0.00000,0.51337,0.63147,0.59840,0.00000,0.00000,0,1,0
Thing_Speak,0,0.35975,0.00269,0.13115,0.11913,0.31093,0.31093,0.34328,0.35394,0.00000,0.00000,0.00000,0.48659,0.53423,0.50339,0.00000,0.00000,0,1,0
Thing_Speak,0,0.39632,0.05309,0.24823,0.19430,0.17304,0.15134,0.19918,0.27522,0.50000,0.26510,0.00000,0.48106,0.64348,0.61108,0.99820,0.91953,1,0,0
Thing_Speak,0,0.35975,0.00568,0.13115,0.11913,0.25697,0.25697,0.29137,0.35394,0.00000,0.00000,0.00000,0.48659,0.53423,0.54555,0.00000,0.00000,0,1,0
Thing_Speak,0,0.35975,0.00015,0.08274,0.07517,0.46838,0.46838,0.49364,0.35394,0.00000,0.00000,0.00000,0.53874,0.64771,0.40459,0.00000,0.00000,0,1,0
Thing_Speak,0,0.39632,0.06314,0.26229,0.21102,0.16685,0.14844,0.19438,0.28575,0.50000,0.28154,0.00000,0.45541,0.61896,0.61441,0.99820,0.91953,1,0,0
Thing_Speak,0,0.54976,0.08549,0.32327,0.26947,0.17544,0.15975,0.20421,0.29607,0.50000,0.33450,0.45816,0.57209,0.86900,0.60419,0.99820,0.91953,1,0,0
Thing_Speak,0,0.54976,0.08572,0.31504,0.27815,0.17032,0.16511,0.20395,0.33391,0.50000,0.33450,0.45816,0.58224,0.85728,0.60441,0.99820,0.91953,1,0,0
Thing_Speak,0,0.39632,0.06231,0.24823,0.19430,0.15937,0.13820,0.18559,0.27522,0.50000,0.26510,0.00000,0.47333,0.64373,0.62268,0.99820,0.91953,1,0,0
Thing_Speak,0,0.39632,0.05275,0.24823,0.19430,0.17358,0.15187,0.19971,0.27522,0.50000,0.26510,0.00000,0.48106,0.64348,0.61061,0.99820,0.91953,1,0,0
Thing_Speak,0,0.39632,0.06381,0.24823,0.19430,0.15731,0.13623,0.18354,0.27522,0.50000,0.26510,0.00000,0.47200,0.64373,0.62442,0.99820,0.91953,1,0,0
Thing_Speak,0,0.54976,0.08656,0.33098,0.26947,0.17876,0.15856,0.20555,0.28087,0.50000,0.33904,0.45816,0.56266,0.86833,0.60297,0.99820,0.91953,1,0,0
Thing_Speak,0,0.35975,0.00211,0.13115,0.11913,0.32849,0.32849,0.36011,0.35394,0.00000,0.00000,0.00000,0.50252,0.54501,0.48978,0.00000,0.00000,0,1,0
Thing_Speak,0,0.39632,0.06230,0.24823,0.19430,0.15938,0.13821,0.18560,0.27522,0.50000,0.26510,0.00000,0.48106,0.64323,0.62267,0.99820,0.91953,1,0,0
Thing_Speak,0,0.35975,0.00266,0.13115,0.11913,0.31180,0.31180,0.34411,0.35394,0.00000,0.00000,0.00000,0.48659,0.53423,0.50272,0.00000,0.00000,0,1,0
Thing_Speak,0,0.39632,0.05522,0.24823,0.19430,0.16972,0.14814,0.19589,0.27522,0.50000,0.26510,0.00000,0.47333,0.64373,0.61387,0.99820,0.91953,1,0,0
Thing_Speak,0,0.35975,0.00329,0.13115,0.11913,0.29639,0.29639,0.32933,0.35394,0.00000,0.00000,0.00000,0.48659,0.53423,0.51469,0.00000,0.00000,0,1,0
Thing_Speak,0,0.35975,0.00290,0.13115,0.11913,0.30559,0.30559,0.33816,0.35394,0.00000,0.00000,0.00000,0.50252,0.54501,0.50754,0.00000,0.00000,0,1,0
Thing_Speak,0,0.39632,0.06203,0.24823,0.19430,0.15977,0.13858,0.18599,0.27522,0.50000,0.26510,0.00000,0.47200,0.64373,0.62234,0.99820,0.91953,1,0,0
Thing_Speak,0,0.35975,0.00515,0.13115,0.11913,0.26409,0.26409,0.29825,0.35394,0.00000,0.00000,0.00000,0.48659,0.53423,0.53995,0.00000,0.00000,0,1,0
Thing_Speak,0,0.35975,0.00884,0.13115,0.11913,0.22514,0.22514,0.26050,0.35394,0.00000,0.00000,0.00000,0.50252,0.62512,0.57083,0.00000,0.00000,0,1,0
Thing_Speak,0,0.35975,0.00313,0.13115,0.11913,0.29997,0.29997,0.33277,0.35394,0.00000,0.00000,0.00000,0.48659,0.53423,0.51191,0.00000,0.00000,0,1,0
Thing_Speak,0,0.54976,0.09266,0.31504,0.26947,0.16268,0.15199,0.19367,0.31307,0.50000,0.32976,0.45816,0.58224,0.87481,0.61326,0.99820,0.91953,1,0,0
Thing_Speak,0,0.35975,0.00437,0.13115,0.11913,0.27591,0.27591,0.30963,0.35394,0.00000,0.00000,0.00000,0.48659,0.53423,0.53068,0.00000,0.00000,0,1,0
Thing_Speak,0,0.39632,0.05222,0.24823,0.19430,0.17444,0.15269,0.20056,0.27522,0.50000,0.26510,0.00000,0.47267,0.64373,0.60989,0.99820,0.91953,1,0,0
Thing_Speak,0,0.39632,0.05418,0.24823,0.19430,0.17132,0.14968,0.19747,0.27522,0.50000,0.26510,0.00000,0.47333,0.64373,0.61252,0.99820,0.91953,1,0,0
Thing_Speak,0,0.54976,0.08521,0.31504,0.26947,0.17090,0.16006,0.20187,0.31307,0.50000,0.32976,0.45816,0.58224,0.86955,0.60628,0.99820,0.91953,1,0,0
Thing_Speak,0,0.35975,0.00270,0.13115,0.11913,0.31052,0.31052,0.34289,0.35394,0.00000,0.00000,0.00000,0.48659,0.53423,0.50371,0.00000,0.00000,0,1,0
Thing_Speak,0,0.35975,0.00372,0.13115,0.11913,0.28746,0.28746,0.32075,0.35394,0.00000,0.00000,0.00000,0.50252,0.54501,0.52165,0.00000,0.00000,0,1,0
Thing_Speak,0,0.39632,0.06530,0.26229,0.21102,0.16389,0.14558,0.19143,0.28575,0.50000,0.28154,0.00000,0.45408,0.61896,0.61693,0.99820,0.91953,1,0,0
Thing_Speak,0,0.54976,0.08118,0.31504,0.27815,0.17558,0.17033,0.20919,0.33391,0.50000,0.33450,0.45816,0.58224,0.85781,0.59998,0.99820,0.91953,1,0,0
Thing_Speak,0,0.35975,0.00325,0.13115,0.11913,0.29737,0.29737,0.33027,0.35394,0.00000,0.00000,0.00000,0.48659,0.53423,0.51393,0.00000,0.00000,0,1,0
Thing_Speak,0,0.35975,0.00465,0.13115,0.11913,0.27148,0.27148,0.30537,0.35394,0.00000,0.00000,0.00000,0.48659,0.53423,0.53415,0.00000,0.00000,0,1,0
Thing_Speak,0,0.35975,0.00194,0.13115,0.11913,0.33442,0.33442,0.36578,0.35394,0.00000,0.00000,0.00000,0.50252,0.54501,0.48520,0.00000,0.00000,0,1,0
Thing_Speak,0,0.54976,0.09180,0.32327,0.27815,0.16841,0.15845,0.19978,0.31610,0.50000,0.33904,0.45816,0.57209,0.85685,0.60785,0.99820,0.91953,1,0,0
Thing_Speak,0,0.35975,0.00207,0.13115,0.11913,0.32987,0.32987,0.36143,0.35394,0.00000,0.00000,0.00000,0.50252,0.54501,0.48872,0.00000,0.00000,0,1,0
Thing_Speak,0,0.39632,0.05529,0.24823,0.19430,0.16961,0.14804,0.19578,0.27522,0.50000,0.26510,0.00000,0.47333,0.64373,0.61395,0.99820,0.91953,1,0,0
Thing_Speak,0,0.39632,0.05353,0.24823,0.19430,0.17234,0.15067,0.19848,0.27522,0.50000,0.26510,0.00000,0.47333,0.64373,0.61166,0.99820,0.91953,1,0,0
Thing_Speak,0,0.39632,0.05920,0.24823,0.19430,0.16378,0.14243,0.18999,0.27522,0.50000,0.26510,0.00000,0.48106,0.64348,0.61889,0.99820,0.91953,1,0,0
Thing_Speak,0,0.35975,0.00562,0.13115,0.11913,0.25779,0.25779,0.29216,0.35394,0.00000,0.00000,0.00000,0.48659,0.53423,0.54490,0.00000,0.00000,0,1,0
Thing_Speak,0,0.35975,0.00270,0.13115,0.11913,0.31060,0.31060,0.34296,0.35394,0.00000,0.00000,0.00000,0.48659,0.53423,0.50365,0.00000,0.00000,0,1,0
Thing_Speak,0,0.35975,0.00321,0.13115,0.11913,0.29824,0.29824,0.33110,0.35394,0.00000,0.00000,0.00000,0.50252,0.54501,0.51326,0.00000,0.00000,0,1,0
Thing_Speak,0,0.35975,0.00655,0.13115,0.11913,0.24678,0.24678,0.28152,0.35394,0.00000,0.00000,0.00000,0.50252,0.62727,0.55360,0.00000,0.00000,0,1,0
Thing_Speak,0,0.39632,0.06212,0.24823,0.19430,0.15963,0.13845,0.18586,0.27522,0.50000,0.26510,0.00000,0.47333,0.64373,0.62245,0.99820,0.91953,1,0,0
Thing_Speak,0,0.39632,0.05279,0.24823,0.19430,0.17353,0.15181,0.19966,0.27522,0.50000,0.26510,0.00000,0.48106,0.64348,0.61065,0.99820,0.91953,1,0,0
Thing_Speak,0,0.39632,0.05826,0.24823,0.19430,0.16515,0.14374,0.19135,0.27522,0.50000,0.26510,0.00000,0.48044,0.64348,0.61774,0.99820,0.91953,1,0,0
Thing_Speak,0,0.35975,0.00604,0.13115,0.11913,0.25261,0.25261,0.28716,0.35394,0.00000,0.00000,0.00000,0.50252,0.62727,0.54899,0.00000,0.00000,0,1,0
Thing_Speak,0,0.74105,0.37125,0.30619,0.00000,0.01903,0.00000,0.01812,0.00000,0.00000,0.00000,0.00000,0.97434,0.00000,0.83409,0.00000,0.00000,0,1,0
Thing_Speak,0,0.39632,0.06315,0.24823,0.19430,0.15821,0.13709,0.18444,0.27522,0.50000,0.26510,0.00000,0.47333,0.64373,0.62366,0.99820,0.91953,1,0,0
Thing_Speak,0,0.39632,0.05842,0.24823,0.19430,0.16491,0.14352,0.19112,0.27522,0.50000,0.26510,0.00000,0.48106,0.64348,0.61793,0.99820,0.91953,1,0,0
Thing_Speak,0,0.39632,0.05423,0.24823,0.19430,0.17125,0.14961,0.19740,0.27522,0.50000,0.26510,0.00000,0.48106,0.64348,0.61257,0.99820,0.91953,1,0,0
Thing_Speak,0,0.35975,0.00201,0.13115,0.11913,0.33187,0.33187,0.36334,0.35394,0.00000,0.00000,0.00000,0.50252,0.54501,0.48717,0.00000,0.00000,0,1,0
Thing_Speak,0,0.35975,0.00215,0.13115,0.11913,0.32722,0.32722,0.35889,0.35394,0.00000,0.00000,0.00000,0.50252,0.62512,0.49077,0.00000,0.00000,0,1,0
Thing_Speak,0,0.39632,0.05967,0.24823,0.19430,0.16310,0.14178,0.18931,0.27522,0.50000,0.26510,0.00000,0.48106,0.64348,0.61949,0.99820,0.91953,1,0,0
Thing_Speak,0,0.35975,0.00265,0.13115,0.11913,0.31199,0.31199,0.34429,0.35394,0.00000,0.00000,0.00000,0.50252,0.54501,0.50257,0.00000,0.00000,0,1,0
Thing_Speak,0,0.39632,0.06137,0.24823,0.19430,0.16068,0.13945,0.18690,0.27522,0.50000,0.26510,0.00000,0.47333,0.64373,0.62154,0.99820,0.91953,1,0,0
Thing_Speak,0,0.54976,0.43083,0.30619,0.33015,0.01099,0.01749,0.02501,0.50083,0.50000,0.36974,0.28906,0.73142,0.77592,0.81035,0.99820,0.81251,1,0,0
Thing_Speak,0,0.35975,0.01033,0.08274,0.07517,0.16757,0.16757,0.20376,0.35394,0.00000,0.00000,0.00000,0.49075,0.53701,0.64051,0.00000,0.00000,0,1,0
Thing_Speak,0,0.39632,0.05399,0.24823,0.19430,0.17163,0.14998,0.19778,0.27522,0.50000,0.26510,0.00000,0.48106,0.64348,0.61226,0.99820,0.91953,1,0,0
Thing_Speak,0,0.35975,0.17951,0.19213,0.00000,0.04236,0.00000,0.04035,0.00000,0.00000,0.00000,0.00000,0.50252,0.00000,0.79141,0.00000,0.00000,0,1,0
Thing_Speak,0,0.35975,0.00212,0.13115,0.11913,0.32812,0.32812,0.35975,0.35394,0.00000,0.00000,0.00000,0.50252,0.54501,0.49007,0.00000,0.00000,0,1,0
Thing_Speak,0,0.35975,0.00573,0.13115,0.11913,0.25637,0.25637,0.29079,0.35394,0.00000,0.00000,0.00000,0.48659,0.61921,0.54602,0.00000,0.00000,0,1,0
Thing_Speak,0,0.39632,0.06305,0.24823,0.19430,0.15836,0.13723,0.18458,0.27522,0.50000,0.26510,0.00000,0.48106,0.64348,0.62355,0.99820,0.91953,1,0,0
Thing_Speak,0,0.54976,0.08197,0.31504,0.26947,0.17464,0.16375,0.20559,0.31307,0.50000,0.32976,0.45816,0.58224,0.86752,0.60313,0.99820,0.91953,1,0,0
Thing_Speak,0,0.35975,0.00276,0.13115,0.11913,0.30895,0.30895,0.34139,0.35394,0.00000,0.00000,0.00000,0.50252,0.54501,0.50493,0.00000,0.00000,0,1,0
Thing_Speak,0,0.77218,0.12063,0.29663,0.27815,0.12567,0.13089,0.16378,0.37664,0.50000,0.32976,0.28906,0.59674,0.88044,0.63924,0.99820,1.00000,1,0,0
Thing_Speak,0,0.54976,0.09447,0.33821,0.28618,0.17427,0.16076,0.20402,0.30367,0.50000,0.35161,0.45816,0.55384,0.85522,0.60402,0.99820,0.91953,1,0,0
Thing_Speak,0,0.54976,0.09950,0.31504,0.26947,0.15557,0.14502,0.18653,0.31307,0.50000,0.32976,0.45816,0.58224,0.87886,0.61937,0.99820,0.91953,1,0,0
Thing_Speak,0,0.39632,0.05828,0.24823,0.19430,0.16511,0.14371,0.19132,0.27522,0.50000,0.26510,0.00000,0.48106,0.64373,0.61777,0.99820,0.91953,1,0,0
Thing_Speak,0,0.35975,0.00314,0.13115,0.11913,0.29969,0.29969,0.33249,0.35394,0.00000,0.00000,0.00000,0.50252,0.54501,0.51213,0.00000,0.00000,0,1,0
Thing_Speak,0,0.35975,0.00337,0.13115,0.11913,0.29473,0.29473,0.32773,0.35394,0.00000,0.00000,0.00000,0.48659,0.53423,0.51599,0.00000,0.00000,0,1,0
Thing_Speak,0,0.39632,0.06294,0.24823,0.19430,0.15850,0.13737,0.18472,0.27522,0.50000,0.26510,0.00000,0.47333,0.64373,0.62342,0.99820,0.91953,1,0,0
Thing_Speak,0,0.35975,0.00619,0.08274,0.07517,0.20298,0.20298,0.23884,0.35394,0.00000,0.00000,0.00000,0.51337,0.67834,0.61112,0.00000,0.00000,0,1,0
Thing_Speak,0,0.39632,0.05145,0.24823,0.19430,0.17569,0.15390,0.20180,0.27522,0.50000,0.26510,0.00000,0.48106,0.64348,0.60886,0.99820,0.91953,1,0,0
Thing_Speak,0,0.39632,0.05408,0.24823,0.19430,0.17149,0.14984,0.19764,0.27522,0.50000,0.26510,0.00000,0.47333,0.64373,0.61238,0.99820,0.91953,1,0,0
Thing_Speak,0,0.35975,0.00557,0.13115,0.11913,0.25843,0.25843,0.29278,0.35394,0.00000,0.00000,0.00000,0.48659,0.53423,0.54440,0.00000,0.00000,0,1,0
Thing_Speak,0,0.35975,0.00230,0.13115,0.11913,0.32221,0.32221,0.35409,0.35394,0.00000,0.00000,0.00000,0.50252,0.54501,0.49464,0.00000,0.00000,0,1,0
Thing_Speak,0,0.35975,0.00248,0.13115,0.11913,0.31675,0.31675,0.34886,0.35394,0.00000,0.00000,0.00000,0.50252,0.54501,0.49888,0.00000,0.00000,0,1,0
Thing_Speak,0,0.39632,0.05334,0.24823,0.19430,0.17264,0.15096,0.19878,0.27522,0.50000,0.26510,0.00000,0.47333,0.64373,0.61142,0.99820,0.91953,1,0,0
Thing_Speak,0,0.54976,0.08283,0.31504,0.26947,0.17364,0.16277,0.20460,0.31307,0.50000,0.32976,0.45816,0.58224,0.86811,0.60397,0.99820,0.91953,1,0,0
Thing_Speak,0,0.35975,0.00222,0.13115,0.11913,0.32465,0.32465,0.35642,0.35394,0.00000,0.00000,0.00000,0.50252,0.54501,0.49276,0.00000,0.00000,0,1,0
Thing_Speak,0,0.39632,0.06181,0.24823,0.19430,0.16007,0.13887,0.18629,0.27522,0.50000,0.26510,0.00000,0.47267,0.64373,0.62207,0.99820,0.91953,1,0,0
Thing_Speak,0,0.39632,0.06466,0.24823,0.19430,0.15617,0.13513,0.18239,0.27522,0.50000,0.26510,0.00000,0.48106,0.64323,0.62542,0.99820,0.91953,1,0,0
Thing_Speak,0,0.35975,0.00267,0.13115,0.11913,0.31147,0.31147,0.34379,0.35394,0.00000,0.00000,0.00000,0.48659,0.53423,0.50298,0.00000,0.00000,0,1,0
Thing_Speak,0,0.35975,0.00269,0.13115,0.11913,0.31097,0.31097,0.34331,0.35394,0.00000,0.00000,0.00000,0.50252,0.54501,0.50336,0.00000,0.00000,0,1,0
Thing_Speak,0,0.35975,0.00266,0.13115,0.11913,0.31164,0.31164,0.34396,0.35394,0.00000,0.00000,0.00000,0.50252,0.54501,0.50284,0.00000,0.00000,0,1,0
Thing_Speak,0,0.35975,0.00290,0.13115,0.11913,0.30559,0.30559,0.33815,0.35394,0.00000,0.00000,0.00000,0.48659,0.53423,0.50754,0.00000,0.00000,0,1,0
Thing_Speak,0,0.35975,0.00204,0.13115,0.11913,0.33101,0.33101,0.36252,0.35394,0.00000,0.00000,0.00000,0.50252,0.54501,0.48783,0.00000,0.00000,0,1,0
Thing_Speak,0,0.39632,0.05565,0.24823,0.19430,0.16906,0.14750,0.19523,0.27522,0.50000,0.26510,0.00000,0.47333,0.64373,0.61442,0.99820,0.91953,1,0,0
Thing_Speak,0,0.39632,0.06282,0.24823,0.19430,0.15866,0.13752,0.18489,0.27522,0.50000,0.26510,0.00000,0.48044,0.64323,0.62328,0.99820,0.91953,1,0,0
Thing_Speak,0,0.35975,0.00554,0.13115,0.11913,0.25878,0.25878,0.29312,0.35394,0.00000,0.00000,0.00000,0.50252,0.54501,0.54413,0.00000,0.00000,0,1,0
Thing_Speak,0,0.39632,0.05473,0.24823,0.19430,0.17047,0.14886,0.19663,0.27522,0.50000,0.26510,0.00000,0.48106,0.64373,0.61323,0.99820,0.91953,1,0,0
Thing_Speak,0,0.35975,0.00206,0.13115,0.11913,0.33020,0.33020,0.36174,0.35394,0.00000,0.00000,0.00000,0.50252,0.54501,0.48846,0.00000,0.00000,0,1,0
Thing_Speak,0,0.39632,0.06208,0.24823,0.19430,0.15969,0.13851,0.18592,0.27522,0.50000,0.26510,0.00000,0.47333,0.64373,0.62240,0.99820,0.91953,1,0,0
Thing_Speak,0,0.35975,0.00430,0.13115,0.11913,0.27708,0.27708,0.31076,0.35394,0.00000,0.00000,0.00000,0.50252,0.54501,0.52977,0.00000,0.00000,0,1,0
Thing_Speak,0,0.35975,0.00265,0.13115,0.11913,0.31205,0.31205,0.34436,0.35394,0.00000,0.00000,0.00000,0.50252,0.54501,0.50252,0.00000,0.00000,0,1,0
Thing_Speak,0,0.54976,0.09426,0.32327,0.28618,0.16577,0.16098,0.19959,0.33537,0.50000,0.34340,0.45816,0.57209,0.84482,0.60793,0.99820,0.91953,1,0,0
Thing_Speak,0,0.39632,0.05392,0.24823,0.19430,0.17172,0.15007,0.19788,0.27522,0.50000,0.26510,0.00000,0.48106,0.64323,0.61219,0.99820,0.91953,1,0,0
Thing_Speak,0,0.54976,0.08422,0.31504,0.27815,0.17203,0.16681,0.20566,0.33391,0.50000,0.33450,0.45816,0.58224,0.85623,0.60297,0.99820,0.91953,1,0,0
Thing_Speak,0,0.35975,0.00256,0.13115,0.11913,0.31435,0.31435,0.34656,0.35394,0.00000,0.00000,0.00000,0.50252,0.54501,0.50074,0.00000,0.00000,0,1,0
Thing_Speak,0,0.54976,0.09639,0.32327,0.27815,0.16353,0.15364,0.19490,0.31610,0.50000,0.33904,0.45816,0.57209,0.85648,0.61201,0.99820,0.91953,1,0,0
Thing_Speak,0,0.35975,0.00266,0.13115,0.11913,0.31159,0.31159,0.34391,0.35394,0.00000,0.00000,0.00000,0.48659,0.53423,0.50288,0.00000,0.00000,0,1,0
Thing_Speak,0,0.35975,0.00288,0.13115,0.11913,0.30600,0.30600,0.33855,0.35394,0.00000,0.00000,0.00000,0.48659,0.53423,0.50722,0.00000,0.00000,0,1,0
Thing_Speak,0,0.35975,0.00341,0.13115,0.11913,0.29388,0.29388,0.32692,0.35394,0.00000,0.00000,0.00000,0.50252,0.54501,0.51665,0.00000,0.00000,0,1,0
Thing_Speak,0,0.35975,0.00377,0.13115,0.11913,0.28652,0.28652,0.31984,0.35394,0.00000,0.00000,0.00000,0.48659,0.53423,0.52239,0.00000,0.00000,0,1,0
Thing_Speak,0,0.54976,0.08070,0.31504,0.26947,0.17615,0.16523,0.20708,0.31307,0.50000,0.32976,0.45816,0.58224,0.86862,0.60189,0.99820,0.91953,1,0,0
Thing_Speak,0,0.39632,0.06689,0.24823,0.19430,0.15323,0.13233,0.17946,0.27522,0.50000,0.26510,0.00000,0.47267,0.64373,0.62797,0.99820,0.91953,1,0,0
Thing_Speak,0,0.39632,0.07209,0.24823,0.19430,0.14667,0.12608,0.17287,0.27522,0.50000,0.26510,0.00000,0.48106,0.64348,0.63615,0.99820,0.91953,1,0,0
Thing_Speak,0,0.35975,0.00574,0.13115,0.11913,0.25621,0.25621,0.29063,0.35394,0.00000,0.00000,0.00000,0.50252,0.54501,0.54615,0.00000,0.00000,0,1,0
Thing_Speak,0,0.35975,0.00209,0.13115,0.11913,0.32902,0.32902,0.36061,0.35394,0.00000,0.00000,0.00000,0.50252,0.54501,0.48937,0.00000,0.00000,0,1,0
Thing_Speak,0,0.39632,0.06579,0.24823,0.19430,0.15467,0.13371,0.18090,0.27522,0.50000,0.26510,0.00000,0.48106,0.64348,0.62672,0.99820,0.91953,1,0,0
Thing_Speak,0,0.39632,0.05418,0.24823,0.19430,0.17133,0.14969,0.19748,0.27522,0.50000,0.26510,0.00000,0.47333,0.64373,0.61251,0.99820,0.91953,1,0,0
Thing_Speak,0,0.39632,0.05490,0.24823,0.19430,0.17020,0.14861,0.19637,0.27522,0.50000,0.26510,0.00000,0.47200,0.64373,0.61346,0.99820,0.91953,1,0,0
Thing_Speak,0,0.35975,0.00356,0.13115,0.11913,0.29061,0.29061,0.32377,0.35394,0.00000,0.00000,0.00000,0.50252,0.54501,0.51920,0.00000,0.00000,0,1,0
Thing_Speak,0,0.39632,0.05703,0.24823,0.19430,0.16697,0.14550,0.19316,0.27522,0.50000,0.26510,0.00000,0.48106,0.64373,0.61619,0.99820,0.91953,1,0,0
Thing_Speak,0,0.35975,0.00207,0.13115,0.11913,0.32975,0.32975,0.36131,0.35394,0.00000,0.00000,0.00000,0.50252,0.54501,0.48881,0.00000,0.00000,0,1,0
Thing_Speak,0,0.35975,0.00219,0.13115,0.11913,0.32577,0.32577,0.35750,0.35394,0.00000,0.00000,0.00000,0.50252,0.54501,0.49189,0.00000,0.00000,0,1,0
Thing_Speak,0,0.35975,0.00453,0.13115,0.11913,0.27335,0.27335,0.30717,0.35394,0.00000,0.00000,0.00000,0.48659,0.61921,0.53268,0.00000,0.00000,0,1,0
Thing_Speak,0,0.35975,0.00205,0.13115,0.11913,0.33042,0.33042,0.36195,0.35394,0.00000,0.00000,0.00000,0.50252,0.54501,0.48829,0.00000,0.00000,0,1,0
Thing_Speak,0,0.35975,0.00554,0.13115,0.11913,0.25879,0.25879,0.29313,0.35394,0.00000,0.00000,0.00000,0.48659,0.62145,0.54412,0.00000,0.00000,0,1,0
Thing_Speak,0,0.54976,0.08990,0.32327,0.28618,0.17048,0.16566,0.20430,0.33537,0.50000,0.34340,0.45816,0.57209,0.84629,0.60394,0.99820,0.91953,1,0,0
Thing_Speak,0,0.35975,0.00365,0.13115,0.11913,0.28885,0.28885,0.32208,0.35394,0.00000,0.00000,0.00000,0.50252,0.54501,0.52057,0.00000,0.00000,0,1,0
Thing_Speak,0,0.35975,0.00587,0.13115,0.11913,0.25470,0.25470,0.28918,0.35394,0.00000,0.00000,0.00000,0.48659,0.53423,0.54734,0.00000,0.00000,0,1,0
Thing_Speak,0,0.35975,0.00332,0.13115,0.11913,0.29563,0.29563,0.32860,0.35394,0.00000,0.00000,0.00000,0.48659,0.53423,0.51528,0.00000,0.00000,0,1,0
Thing_Speak,0,0.35975,0.00266,0.13115,0.11913,0.31181,0.31181,0.34412,0.35394,0.00000,0.00000,0.00000,0.50252,0.54501,0.50271,0.00000,0.00000,0,1,0
Thing_Speak,0,0.39632,0.06589,0.24823,0.19430,0.15454,0.13358,0.18077,0.27522,0.50000,0.26510,0.00000,0.48106,0.64348,0.62683,0.99820,0.91953,1,0,0
Thing_Speak,0,0.39632,0.06629,0.24823,0.19430,0.15401,0.13307,0.18023,0.27522,0.50000,0.26510,0.00000,0.48106,0.64348,0.62730,0.99820,0.91953,1,0,0
Thing_Speak,0,0.39632,0.06233,0.24823,0.19430,0.15935,0.13818,0.18557,0.27522,0.50000,0.26510,0.00000,0.47333,0.64373,0.62270,0.99820,0.91953,1,0,0
Thing_Speak,0,0.39632,0.05488,0.24823,0.19430,0.17023,0.14864,0.19640,0.27522,0.50000,0.26510,0.00000,0.47333,0.64373,0.61343,0.99820,0.91953,1,0,0
Thing_Speak,0,0.39632,0.06341,0.26229,0.21102,0.16648,0.14808,0.19400,0.28575,0.50000,0.28154,0.00000,0.46248,0.61871,0.61474,0.99820,0.91953,1,0,0
Thing_Speak,0,0.35975,0.00261,0.13115,0.11913,0.31303,0.31303,0.34530,0.35394,0.00000,0.00000,0.00000,0.50252,0.54501,0.50176,0.00000,0.00000,0,1,0
Thing_Speak,0,0.35975,0.00200,0.13115,0.11913,0.33230,0.33230,0.36375,0.35394,0.00000,0.00000,0.00000,0.50252,0.54501,0.48684,0.00000,0.00000,0,1,0
Thing_Speak,0,0.35975,0.00268,0.13115,0.11913,0.31127,0.31127,0.34361,0.35394,0.00000,0.00000,0.00000,0.50252,0.54501,0.50313,0.00000,0.00000,0,1,0
Thing_Speak,0,0.39632,0.06042,0.24823,0.19430,0.16203,0.14075,0.18825,0.27522,0.50000,0.26510,0.00000,0.47200,0.64373,0.62038,0.99820,0.91953,1,0,0
Thing_Speak,0,0.35975,0.00267,0.13115,0.11913,0.31158,0.31158,0.34391,0.35394,0.00000,0.00000,0.00000,0.50252,0.54501,0.50289,0.00000,0.00000,0,1,0
Thing_Speak,0,0.39632,0.06322,0.24823,0.19430,0.15812,0.13700,0.18434,0.27522,0.50000,0.26510,0.00000,0.48106,0.64348,0.62375,0.99820,0.91953,1,0,0
Thing_Speak,0,0.54976,0.02304,0.26229,0.24970,0.24983,0.25807,0.28857,0.38489,0.50000,0.30226,0.00000,0.66567,0.62655,0.53530,0.99820,1.00000,1,0,0
Thing_Speak,0,0.39632,0.06381,0.24823,0.19430,0.15732,0.13624,0.18355,0.27522,0.50000,0.26510,0.00000,0.47333,0.64373,0.62443,0.99820,0.91953,1,0,0
Thing_Speak,0,0.54976,0.10355,0.31504,0.26947,0.15153,0.14107,0.18247,0.31307,0.50000,0.32976,0.45816,0.58224,0.87419,0.62311,0.99820,0.91953,1,0,0
Thing_Speak,0,0.35975,0.00022,0.08274,0.07517,0.44025,0.44025,0.46682,0.35394,0.00000,0.00000,0.00000,0.52016,0.76173,0.42616,0.00000,0.00000,0,1,0
Thing_Speak,0,0.54976,0.08290,0.31504,0.26947,0.17356,0.16268,0.20451,0.31307,0.50000,0.32976,0.45816,0.58224,0.86860,0.60403,0.99820,0.91953,1,0,0
Thing_Speak,0,0.54976,0.09124,0.31504,0.27815,0.16420,0.15904,0.19783,0.33391,0.50000,0.33450,0.45816,0.58224,0.85743,0.60961,0.99820,0.91953,1,0,0
Thing_Speak,0,0.35975,0.00366,0.13115,0.11913,0.28872,0.28872,0.32196,0.35394,0.00000,0.00000,0.00000,0.50252,0.54501,0.52067,0.00000,0.00000,0,1,0
Thing_Speak,0,0.35975,0.00543,0.13115,0.11913,0.26033,0.26033,0.29461,0.35394,0.00000,0.00000,0.00000,0.50252,0.54501,0.54291,0.00000,0.00000,0,1,0
Thing_Speak,0,0.39632,0.06374,0.24823,0.19430,0.15742,0.13633,0.18364,0.27522,0.50000,0.26510,0.00000,0.48044,0.64373,0.62435,0.99820,0.91953,1,0,0
Thing_Speak,0,0.35975,0.00200,0.13115,0.11913,0.33219,0.33219,0.36365,0.35394,0.00000,0.00000,0.00000,0.50252,0.54501,0.48692,0.00000,0.00000,0,1,0
Thing_Speak,0,0.35975,0.00260,0.13115,0.11913,0.31337,0.31337,0.34562,0.35394,0.00000,0.00000,0.00000,0.50252,0.54501,0.50150,0.00000,0.00000,0,1,0
Thing_Speak,0,0.35975,0.00599,0.13115,0.11913,0.25321,0.25321,0.28774,0.35394,0.00000,0.00000,0.00000,0.50252,0.54501,0.54852,0.00000,0.00000,0,1,0
Thing_Speak,0,0.35975,0.00361,0.13115,0.11913,0.28962,0.28962,0.32282,0.35394,0.00000,0.00000,0.00000,0.50252,0.54501,0.51997,0.00000,0.00000,0,1,0
Thing_Speak,0,0.39632,0.05418,0.24823,0.19430,0.17133,0.14969,0.19748,0.27522,0.50000,0.26510,0.00000,0.48106,0.64373,0.61251,0.99820,0.91953,1,0,0
Thing_Speak,0,0.35975,0.00292,0.13115,0.11913,0.30501,0.30501,0.33760,0.35394,0.00000,0.00000,0.00000,0.50252,0.54501,0.50799,0.00000,0.00000,0,1,0
Thing_Speak,0,0.35975,0.00262,0.13115,0.11913,0.31270,0.31270,0.34498,0.35394,0.00000,0.00000,0.00000,0.50252,0.54501,0.50202,0.00000,0.00000,0,1,0
Thing_Speak,0,0.39632,0.05809,0.24823,0.19430,0.16540,0.14398,0.19160,0.27522,0.50000,0.26510,0.00000,0.48106,0.64348,0.61753,0.99820,0.91953,1,0,0
Thing_Speak,0,0.39632,0.05497,0.24823,0.21102,0.17009,0.16010,0.20146,0.31610,0.50000,0.27364,0.00000,0.47333,0.61896,0.60874,0.99820,0.91953,1,0,0
Thing_Speak,0,0.43472,0.02338,0.08274,0.07517,0.11320,0.11320,0.14788,0.35394,0.00000,0.00000,0.00000,0.54161,0.53423,0.68934,0.00000,0.00000,0,1,0
Thing_Speak,0,0.39632,0.06372,0.24823,0.19430,0.15744,0.13635,0.18366,0.27522,0.50000,0.26510,0.00000,0.47333,0.64373,0.62433,0.99820,0.91953,1,0,0
Thing_Speak,0,0.35975,0.00189,0.13115,0.11913,0.33642,0.33642,0.36769,0.35394,0.00000,0.00000,0.00000,0.50252,0.54501,0.48365,0.00000,0.00000,0,1,0
Thing_Speak,0,0.39632,0.05504,0.24823,0.19430,0.17000,0.14841,0.19616,0.27522,0.50000,0.26510,0.00000,0.48106,0.64348,0.61363,0.99820,0.91953,1,0,0
Thing_Speak,0,0.39632,0.06140,0.24823,0.19430,0.16064,0.13942,0.18686,0.27522,0.50000,0.26510,0.00000,0.47333,0.64373,0.62159,0.99820,0.91953,1,0,0
Thing_Speak,0,0.74105,0.40382,0.27487,0.00000,0.01086,0.00000,0.01034,0.00000,0.00000,0.00000,0.00000,0.90286,0.00000,0.87004,0.00000,0.00000,0,1,0
Thing_Speak,0,0.35975,0.00339,0.13115,0.11913,0.29421,0.29421,0.32724,0.35394,0.00000,0.00000,0.00000,0.48659,0.53423,0.51639,0.00000,0.00000,0,1,0
Thing_Speak,0,0.39632,0.05442,0.24823,0.19430,0.17094,0.14932,0.19710,0.27522,0.50000,0.26510,0.00000,0.48106,0.64323,0.61284,0.99820,0.91953,1,0,0
Thing_Speak,0,0.39632,0.06698,0.24823,0.19430,0.15311,0.13221,0.17933,0.27522,0.50000,0.26510,0.00000,0.47333,0.64373,0.63111,0.99820,0.91953,1,0,0
Thing_Speak,0,0.54976,0.08363,0.31504,0.26947,0.17271,0.16184,0.20367,0.31307,0.50000,0.32976,0.45816,0.58224,0.86701,0.60476,0.99820,0.91953,1,0,0
Thing_Speak,0,0.39632,0.06313,0.24823,0.19430,0.15824,0.13712,0.18447,0.27522,0.50000,0.26510,0.00000,0.48106,0.64348,0.62365,0.99820,0.91953,1,0,0
Thing_Speak,0,0.35975,0.00372,0.13115,0.11913,0.28753,0.28753,0.32081,0.35394,0.00000,0.00000,0.00000,0.50252,0.54501,0.52160,0.00000,0.00000,0,1,0
Thing_Speak,0,0.39632,0.05619,0.24823,0.19430,0.16823,0.14671,0.19441,0.27522,0.50000,0.26510,0.00000,0.48106,0.64373,0.61513,0.99820,0.91953,1,0,0
Thing_Speak,0,0.39632,0.06307,0.24823,0.19430,0.15832,0.13719,0.18455,0.27522,0.50000,0.26510,0.00000,0.48106,0.64348,0.62358,0.99820,0.91953,1,0,0
Thing_Speak,0,0.39632,0.05293,0.24823,0.19430,0.17330,0.15159,0.19943,0.27522,0.50000,0.26510,0.00000,0.47200,0.64373,0.61086,0.99820,0.91953,1,0,0
Thing_Speak,0,0.35975,0.00459,0.08274,0.07517,0.22399,0.22399,0.25939,0.35394,0.00000,0.00000,0.00000,0.57209,0.65134,0.59414,0.00000,0.00000,0,1,0
Thing_Speak,0,0.39632,0.06268,0.24823,0.19430,0.15886,0.13771,0.18509,0.27522,0.50000,0.26510,0.00000,0.47267,0.64373,0.62310,0.99820,0.91953,1,0,0
Thing_Speak,0,0.39632,0.05416,0.26229,0.21102,0.18015,0.16135,0.20755,0.28575,0.50000,0.28154,0.00000,0.46311,0.61845,0.60326,0.99820,0.91953,1,0,0
Thing_Speak,0,0.54976,0.09306,0.32327,0.27815,0.16705,0.15711,0.19842,0.31610,0.50000,0.33904,0.45816,0.57209,0.85717,0.60901,0.99820,0.91953,1,0,0
Thing_Speak,0,0.39632,0.05620,0.26229,0.21102,0.17696,0.15825,0.20440,0.28575,0.50000,0.28154,0.00000,0.46311,0.61871,0.60592,0.99820,0.91953,1,0,0
Thing_Speak,0,0.54976,0.09378,0.32327,0.27815,0.16628,0.15635,0.19765,0.31610,0.50000,0.33904,0.45816,0.57209,0.85697,0.60973,0.99820,0.91953,1,0,0
Thing_Speak,0,0.35975,0.00356,0.13115,0.11913,0.29070,0.29070,0.32386,0.35394,0.00000,0.00000,0.00000,0.50252,0.54501,0.51912,0.00000,0.00000,0,1,0
Thing_Speak,0,0.35975,0.00209,0.13115,0.11913,0.32928,0.32928,0.36086,0.35394,0.00000,0.00000,0.00000,0.50252,0.54501,0.48917,0.00000,0.00000,0,1,0
Thing_Speak,0,0.39632,0.06270,0.24823,0.19430,0.15883,0.13768,0.18505,0.27522,0.50000,0.26510,0.00000,0.48106,0.64348,0.62313,0.99820,0.91953,1,0,0
Thing_Speak,0,0.43472,0.00225,0.08274,0.07517,0.27446,0.27446,0.30824,0.35394,0.00000,0.00000,0.00000,0.54161,0.53423,0.55421,0.00000,0.00000,0,1,0
Thing_Speak,0,0.39632,0.05437,0.24823,0.19430,0.17102,0.14939,0.19718,0.27522,0.50000,0.26510,0.00000,0.48106,0.64323,0.61277,0.99820,0.91953,1,0,0
Thing_Speak,0,0.39632,0.06367,0.24823,0.19430,0.15751,0.13642,0.18374,0.27522,0.50000,0.26510,0.00000,0.47333,0.64373,0.62427,0.99820,0.91953,1,0,0
Thing_Speak,0,0.35975,0.00365,0.13115,0.11913,0.28890,0.28890,0.32213,0.35394,0.00000,0.00000,0.00000,0.50252,0.62512,0.52053,0.00000,0.00000,0,1,0
Thing_Speak,0,0.43472,0.00328,0.08274,0.07517,0.24785,0.24785,0.28255,0.35394,0.00000,0.00000,0.00000,0.54161,0.53423,0.57515,0.00000,0.00000,0,1,0
Thing_Speak,0,0.35975,0.00638,0.13115,0.11913,0.24866,0.24866,0.28334,0.35394,0.00000,0.00000,0.00000,0.50252,0.54501,0.55211,0.00000,0.00000,0,1,0
Thing_Speak,0,0.54976,0.09330,0.33098,0.27815,0.17130,0.15686,0.20062,0.30014,0.50000,0.34340,0.45816,0.56266,0.85730,0.60707,0.99820,0.91953,1,0,0
Thing_Speak,0,0.54976,0.09322,0.32327,0.27815,0.16689,0.15695,0.19826,0.31610,0.50000,0.33904,0.45816,0.57209,0.85601,0.60915,0.99820,0.91953,1,0,0
Thing_Speak,0,0.77431,0.00000,0.08274,0.00000,0.00000,0.00000,0.00000,0.00000,0.00000,0.00000,0.00000,0.53282,0.00000,0.00000,0.00000,0.00000,0,1,0
Thing_Speak,0,0.35975,0.00312,0.13115,0.11913,0.30018,0.30018,0.33297,0.35394,0.00000,0.00000,0.00000,0.48659,0.53423,0.51174,0.00000,0.00000,0,1,0
Thing_Speak,0,0.39632,0.06445,0.24823,0.19430,0.15645,0.13540,0.18268,0.27522,0.50000,0.26510,0.00000,0.48106,0.64323,0.62518,0.99820,0.91953,1,0,0
Thing_Speak,0,0.39632,0.05448,0.24823,0.19430,0.17086,0.14924,0.19702,0.27522,0.50000,0.26510,0.00000,0.48044,0.64348,0.61290,0.99820,0.91953,1,0,0
Thing_Speak,0,0.35975,0.00323,0.13115,0.11913,0.29779,0.29779,0.33067,0.35394,0.00000,0.00000,0.00000,0.50252,0.54501,0.51361,0.00000,0.00000,0,1,0
Thing_Speak,0,0.54976,0.09264,0.33098,0.27815,0.17201,0.15755,0.20132,0.30014,0.50000,0.34340,0.45816,0.56266,0.85547,0.60647,0.99820,0.91953,1,0,0
Thing_Speak,0,0.44239,0.00000,0.08274,0.00000,0.00000,0.00000,0.00000,0.00000,0.00000,0.00000,0.00000,0.30578,0.00000,0.00000,0.00000,0.00000,0,0,1
Thing_Speak,0,0.39632,0.06623,0.24823,0.19430,0.15409,0.13315,0.18032,0.27522,0.50000,0.26510,0.00000,0.47333,0.64373,0.62721,0.99820,0.91953,1,0,0
Thing_Speak,0,0.35975,0.00215,0.13115,0.11913,0.32706,0.32706,0.35874,0.35394,0.00000,0.00000,0.00000,0.50252,0.54501,0.49089,0.00000,0.00000,0,1,0
Thing_Speak,0,0.39632,0.06573,0.24823,0.19430,0.15474,0.13377,0.18097,0.27522,0.50000,0.26510,0.00000,0.48106,0.64348,0.62682,0.99820,0.91953,1,0,0
Thing_Speak,0,0.35975,0.00277,0.13115,0.11913,0.30883,0.30883,0.34126,0.35394,0.00000,0.00000,0.00000,0.48659,0.53423,0.50503,0.00000,0.00000,0,1,0
Thing_Speak,0,0.54976,0.08215,0.31504,0.27815,0.17443,0.16919,0.20805,0.33391,0.50000,0.33450,0.45816,0.58224,0.85792,0.60095,0.99820,0.91953,1,0,0
Thing_Speak,0,0.35975,0.00549,0.13115,0.11913,0.25951,0.25951,0.29383,0.35394,0.00000,0.00000,0.00000,0.50252,0.54501,0.54355,0.00000,0.00000,0,1,0
Thing_Speak,0,0.35975,0.00474,0.13115,0.11913,0.27009,0.27009,0.30403,0.35394,0.00000,0.00000,0.00000,0.48659,0.53423,0.53524,0.00000,0.00000,0,1,0
Thing_Speak,0,0.39632,0.06384,0.24823,0.19430,0.15727,0.13619,0.18350,0.27522,0.50000,0.26510,0.00000,0.48044,0.64348,0.62447,0.99820,0.91953,1,0,0
Thing_Speak,0,0.39632,0.06160,0.24823,0.19430,0.16036,0.13915,0.18658,0.27522,0.50000,0.26510,0.00000,0.47267,0.64373,0.62181,0.99820,0.91953,1,0,0
Thing_Speak,0,0.54976,0.09107,0.32327,0.27815,0.16921,0.15923,0.20057,0.31610,0.50000,0.33904,0.45816,0.57209,0.85663,0.60719,0.99820,0.91953,1,0,0
Thing_Speak,0,0.35975,0.00361,0.13115,0.11913,0.28970,0.28970,0.32290,0.35394,0.00000,0.00000,0.00000,0.50252,0.54501,0.51991,0.00000,0.00000,0,1,0
Thing_Speak,0,0.35975,0.00382,0.13115,0.11913,0.28568,0.28568,0.31903,0.35394,0.00000,0.00000,0.00000,0.50252,0.54501,0.52304,0.00000,0.00000,0,1,0
Thing_Speak,0,0.35975,0.00194,0.13115,0.11913,0.33439,0.33439,0.36575,0.35394,0.00000,0.00000,0.00000,0.50252,0.54501,0.48522,0.00000,0.00000,0,1,0
Thing_Speak,0,0.35975,0.00372,0.13115,0.11913,0.28747,0.28747,0.32075,0.35394,0.00000,0.00000,0.00000,0.50252,0.54501,0.52165,0.00000,0.00000,0,1,0
Thing_Speak,0,0.35975,0.00385,0.13115,0.11913,0.28510,0.28510,0.31848,0.35394,0.00000,0.00000,0.00000,0.48659,0.53423,0.52350,0.00000,0.00000,0,1,0
Thing_Speak,0,0.39632,0.06257,0.24823,0.19430,0.15901,0.13785,0.18523,0.27522,0.50000,0.26510,0.00000,0.48106,0.64348,0.62314,0.99820,0.91953,1,0,0
Thing_Speak,0,0.39632,0.06068,0.24823,0.19430,0.16166,0.14039,0.18788,0.27522,0.50000,0.26510,0.00000,0.47333,0.64373,0.62071,0.99820,0.91953,1,0,0
Thing_Speak,0,0.77431,0.00000,0.08274,0.00000,0.00000,0.00000,0.00000,0.00000,0.00000,0.00000,0.00000,0.53282,0.00000,0.00000,0.00000,0.00000,0,1,0
Thing_Speak,0,0.39632,0.05379,0.26229,0.21102,0.18074,0.16192,0.20813,0.28575,0.50000,0.28154,0.00000,0.45541,0.61896,0.60277,0.99820,0.91953,1,0,0
Thing_Speak,0,0.35975,0.17999,0.16549,0.11913,0.03372,0.02413,0.04738,0.26084,0.00000,0.00000,0.00000,0.50252,0.62727,0.77584,0.00000,0.00000,0,1,0
Thing_Speak,0,0.35975,0.00358,0.13115,0.11913,0.29039,0.29039,0.32357,0.35394,0.00000,0.00000,0.00000,0.50252,0.54501,0.51937,0.00000,0.00000,0,1,0
Thing_Speak,0,0.35975,0.00212,0.13115,0.11913,0.32808,0.32808,0.35971,0.35394,0.00000,0.00000,0.00000,0.50252,0.54501,0.49010,0.00000,0.00000,0,1,0
Thing_Speak,0,0.35975,0.00313,0.13115,0.11913,0.30007,0.30007,0.33286,0.35394,0.00000,0.00000,0.00000,0.50252,0.54501,0.51183,0.00000,0.00000,0,1,0
Thing_Speak,0,0.35975,0.00281,0.13115,0.11913,0.30788,0.30788,0.34035,0.35394,0.00000,0.00000,0.00000,0.50252,0.54501,0.50576,0.00000,0.00000,0,1,0
Thing_Speak,0,0.39632,0.05580,0.24823,0.19430,0.16883,0.14728,0.19500,0.27522,0.50000,0.26510,0.00000,0.47333,0.64373,0.61462,0.99820,0.91953,1,0,0
Thing_Speak,0,0.35975,0.00277,0.13115,0.11913,0.30887,0.30887,0.34130,0.35394,0.00000,0.00000,0.00000,0.50252,0.54501,0.50499,0.00000,0.00000,0,1,0
Thing_Speak,0,0.97581,0.00000,0.08274,0.00000,0.00000,0.00000,0.00000,0.00000,0.00000,0.00000,0.00000,0.71141,0.00000,0.00000,0.00000,0.00000,0,1,0
Thing_Speak,0,0.35975,0.00423,0.13115,0.11913,0.27819,0.27819,0.31183,0.35394,0.00000,0.00000,0.00000,0.48659,0.53423,0.52889,0.00000,0.00000,0,1,0
Thing_Speak,0,0.39632,0.06326,0.24823,0.19430,0.15806,0.13694,0.18429,0.27522,0.50000,0.26510,0.00000,0.47333,0.64373,0.62379,0.99820,0.91953,1,0,0
Thing_Speak,0,0.39632,0.05446,0.24823,0.19430,0.17088,0.14926,0.19704,0.27522,0.50000,0.26510,0.00000,0.47333,0.64373,0.61289,0.99820,0.91953,1,0,0
Thing_Speak,0,0.39632,0.05844,0.24823,0.19430,0.16489,0.14349,0.19109,0.27522,0.50000,0.26510,0.00000,0.48106,0.64348,0.61796,0.99820,0.91953,1,0,0
Thing_Speak,0,0.35975,0.03294,0.08274,0.07517,0.09174,0.09174,0.12462,0.35394,0.00000,0.00000,0.00000,0.51680,0.68873,0.71105,0.00000,0.00000,0,1,0
Thing_Speak,0,0.35975,0.00272,0.13115,0.11913,0.31001,0.31001,0.34240,0.35394,0.00000,0.00000,0.00000,0.50252,0.54501,0.50411,0.00000,0.00000,0,1,0
Thing_Speak,0,0.54976,0.09656,0.32327,0.27815,0.16335,0.15347,0.19472,0.31610,0.50000,0.33904,0.45816,0.57209,0.85607,0.61217,0.99820,0.91953,1,0,0
Thing_Speak,0,0.35975,0.00194,0.13115,0.11913,0.33439,0.33439,0.36575,0.35394,0.00000,0.00000,0.00000,0.50252,0.54501,0.48522,0.00000,0.00000,0,1,0
Thing_Speak,0,0.35975,0.00273,0.13115,0.11913,0.30987,0.30987,0.34226,0.35394,0.00000,0.00000,0.00000,0.48659,0.53423,0.50421,0.00000,0.00000,0,1,0
Thing_Speak,0,0.35975,0.00300,0.13115,0.11913,0.30299,0.30299,0.33566,0.35394,0.00000,0.00000,0.00000,0.50252,0.54501,0.50956,0.00000,0.00000,0,1,0
Thing_Speak,0,0.35975,0.00270,0.13115,0.11913,0.31069,0.31069,0.34305,0.35394,0.00000,0.00000,0.00000,0.48659,0.53423,0.50358,0.00000,0.00000,0,1,0
Thing_Speak,0,0.35975,0.00195,0.13115,0.11913,0.33397,0.33397,0.36535,0.35394,0.00000,0.00000,0.00000,0.50252,0.54501,0.48555,0.00000,0.00000,0,1,0
Thing_Speak,0,0.44239,0.17690,0.13115,0.00000,0.02490,0.00000,0.02372,0.00000,0.00000,0.00000,0.00000,0.22398,0.00000,0.85036,0.00000,0.00000,0,0,1
Thing_Speak,0,0.35975,0.00501,0.13115,0.11913,0.26602,0.26602,0.30011,0.35394,0.00000,0.00000,0.00000,0.50252,0.54501,0.53843,0.00000,0.00000,0,1,0
Thing_Speak,0,0.39632,0.06457,0.24823,0.19430,0.15630,0.13526,0.18253,0.27522,0.50000,0.26510,0.00000,0.48106,0.64348,0.62531,0.99820,0.91953,1,0,0
Thing_Speak,0,0.35975,0.00318,0.13115,0.11913,0.29880,0.29880,0.33165,0.35394,0.00000,0.00000,0.00000,0.48659,0.53423,0.51281,0.00000,0.00000,0,1,0
Thing_Speak,0,0.39632,0.06150,0.24823,0.19430,0.16050,0.13928,0.18672,0.27522,0.50000,0.26510,0.00000,0.47267,0.64373,0.62170,0.99820,0.91953,1,0,0
Thing_Speak,0,0.35975,0.00368,0.13115,0.11913,0.28824,0.28824,0.32149,0.35394,0.00000,0.00000,0.00000,0.50252,0.54501,0.52105,0.00000,0.00000,0,1,0
Thing_Speak,0,0.35975,0.01502,0.13115,0.11913,0.18699,0.18699,0.22309,0.35394,0.00000,0.00000,0.00000,0.50252,0.62727,0.60184,0.00000,0.00000,0,1,0
Thing_Speak,0,0.35975,0.00232,0.13115,0.11913,0.32144,0.32144,0.35336,0.35394,0.00000,0.00000,0.00000,0.50252,0.54501,0.49524,0.00000,0.00000,0,1,0
Thing_Speak,0,0.35975,0.00275,0.13115,0.11913,0.30924,0.30924,0.34166,0.35394,0.00000,0.00000,0.00000,0.48659,0.53423,0.50471,0.00000,0.00000,0,1,0
Thing_Speak,0,0.35975,0.00292,0.13115,0.11913,0.30490,0.30490,0.33750,0.35394,0.00000,0.00000,0.00000,0.50252,0.54501,0.50807,0.00000,0.00000,0,1,0
Thing_Speak,0,0.35975,0.00205,0.13115,0.11913,0.33039,0.33039,0.36193,0.35394,0.00000,0.00000,0.00000,0.50252,0.54501,0.48831,0.00000,0.00000,0,1,0
Thing_Speak,0,0.77431,0.07012,0.13115,0.00000,0.07857,0.00000,0.07483,0.00000,0.00000,0.00000,0.00000,0.66154,0.00000,0.76391,0.00000,0.00000,0,1,0
Thing_Speak,0,0.39632,0.05416,0.24823,0.19430,0.17135,0.14971,0.19751,0.27522,0.50000,0.26510,0.00000,0.47333,0.64373,0.61264,0.99820,0.91953,1,0,0
Thing_Speak,0,0.35975,0.00280,0.13115,0.11913,0.30791,0.30791,0.34039,0.35394,0.00000,0.00000,0.00000,0.48659,0.53423,0.50573,0.00000,0.00000,0,1,0
Thing_Speak,0,0.39632,0.05778,0.24823,0.19430,0.16585,0.14442,0.19205,0.27522,0.50000,0.26510,0.00000,0.48106,0.64373,0.62388,0.99820,0.91953,1,0,0
Thing_Speak,0,0.39632,0.05734,0.24823,0.19430,0.16650,0.14504,0.19269,0.27522,0.50000,0.26510,0.00000,0.48106,0.64323,0.61659,0.99820,0.91953,1,0,0
Thing_Speak,0,0.35975,0.00260,0.13115,0.11913,0.31346,0.31346,0.34570,0.35394,0.00000,0.00000,0.00000,0.50252,0.54501,0.50143,0.00000,0.00000,0,1,0
Thing_Speak,0,0.35975,0.00401,0.13115,0.11913,0.28204,0.28204,0.31554,0.35394,0.00000,0.00000,0.00000,0.48659,0.53423,0.52588,0.00000,0.00000,0,1,0
Thing_Speak,0,0.35975,0.00304,0.13115,0.11913,0.30216,0.30216,0.33486,0.35394,0.00000,0.00000,0.00000,0.50252,0.54501,0.51021,0.00000,0.00000,0,1,0
Thing_Speak,0,0.54976,0.26059,0.31504,0.32486,0.05144,0.06669,0.08725,0.45996,0.50000,0.36974,0.00000,0.88474,0.86123,0.71294,1.00000,0.81249,1,0,0
Thing_Speak,0,0.35975,0.01545,0.13115,0.11913,0.18496,0.18496,0.22107,0.35394,0.00000,0.00000,0.00000,0.50252,0.54501,0.60353,0.00000,0.00000,0,1,0
Thing_Speak,0,0.35975,0.00273,0.13115,0.11913,0.30998,0.30998,0.34237,0.35394,0.00000,0.00000,0.00000,0.50252,0.54501,0.50413,0.00000,0.00000,0,1,0
Thing_Speak,0,0.35975,0.00203,0.13115,0.11913,0.33128,0.33128,0.36278,0.35394,0.00000,0.00000,0.00000,0.50252,0.54501,0.48762,0.00000,0.00000,0,1,0
Thing_Speak,0,0.35975,0.00273,0.13115,0.11913,0.30982,0.30982,0.34221,0.35394,0.00000,0.00000,0.00000,0.48659,0.53423,0.50426,0.00000,0.00000,0,1,0
Thing_Speak,0,0.35975,0.00260,0.13115,0.11913,0.31336,0.31336,0.34561,0.35394,0.00000,0.00000,0.00000,0.50252,0.54501,0.50150,0.00000,0.00000,0,1,0
Thing_Speak,0,0.35975,0.00265,0.13115,0.11913,0.31212,0.31212,0.34442,0.35394,0.00000,0.00000,0.00000,0.50252,0.54501,0.50247,0.00000,0.00000,0,1,0
Thing_Speak,0,0.54976,0.09591,0.32327,0.29366,0.16402,0.16402,0.20020,0.35394,0.50000,0.34758,0.45816,0.57209,0.83792,0.60733,0.99820,0.91953,1,0,0
Thing_Speak,0,0.35975,0.00267,0.13115,0.11913,0.31146,0.31146,0.34379,0.35394,0.00000,0.00000,0.00000,0.50252,0.54501,0.50298,0.00000,0.00000,0,1,0
Thing_Speak,0,0.39632,0.05411,0.24823,0.19430,0.17143,0.14979,0.19759,0.27522,0.50000,0.26510,0.00000,0.48106,0.64348,0.61241,0.99820,0.91953,1,0,0
Thing_Speak,0,0.35975,0.00650,0.13115,0.11913,0.24733,0.24733,0.28204,0.35394,0.00000,0.00000,0.00000,0.50252,0.54501,0.55317,0.00000,0.00000,0,1,0
Thing_Speak,0,0.35975,0.00537,0.13115,0.11913,0.26106,0.26106,0.29533,0.35394,0.00000,0.00000,0.00000,0.50252,0.54501,0.54233,0.00000,0.00000,0,1,0
Thing_Speak,0,0.39632,0.05513,0.24823,0.19430,0.16985,0.14827,0.19602,0.27522,0.50000,0.26510,0.00000,0.47200,0.64373,0.61375,0.99820,0.91953,1,0,0
Thing_Speak,0,0.35975,0.00323,0.13115,0.11913,0.29782,0.29782,0.33070,0.35394,0.00000,0.00000,0.00000,0.50252,0.54501,0.51358,0.00000,0.00000,0,1,0
Thing_Speak,0,0.39632,0.06466,0.24823,0.19430,0.15617,0.13513,0.18239,0.27522,0.50000,0.26510,0.00000,0.48106,0.64323,0.62542,0.99820,0.91953,1,0,0
Thing_Speak,0,0.35975,0.01288,0.13115,0.11913,0.19805,0.19805,0.23400,0.35394,0.00000,0.00000,0.00000,0.48659,0.53423,0.59274,0.00000,0.00000,0,1,0
Thing_Speak,0,0.35975,0.00210,0.13115,0.11913,0.32863,0.32863,0.36024,0.35394,0.00000,0.00000,0.00000,0.50252,0.54501,0.48967,0.00000,0.00000,0,1,0
Thing_Speak,0,0.39632,0.05400,0.24823,0.19430,0.17160,0.14996,0.19775,0.27522,0.50000,0.26510,0.00000,0.47333,0.64373,0.61228,0.99820,0.91953,1,0,0
Thing_Speak,0,0.39632,0.06551,0.24823,0.19430,0.15504,0.13405,0.18126,0.27522,0.50000,0.26510,0.00000,0.47333,0.64373,0.62641,0.99820,0.91953,1,0,0
Thing_Speak,0,0.39632,0.06665,0.24823,0.19430,0.15354,0.13262,0.17976,0.27522,0.50000,0.26510,0.00000,0.47333,0.64373,0.63089,0.99820,0.91953,1,0,0
Thing_Speak,0,0.35975,0.00312,0.13115,0.11913,0.30012,0.30012,0.33291,0.35394,0.00000,0.00000,0.00000,0.50252,0.54501,0.51179,0.00000,0.00000,0,1,0
Thing_Speak,0,0.54976,0.08374,0.30619,0.26003,0.16736,0.15561,0.19789,0.30951,0.50000,0.32480,0.28906,0.59322,0.88047,0.60978,0.99820,0.91953,1,0,0
Thing_Speak,0,0.39632,0.05554,0.24823,0.19430,0.16922,0.14766,0.19540,0.27522,0.50000,0.26510,0.00000,0.47333,0.64373,0.61429,0.99820,0.91953,1,0,0
Thing_Speak,0,0.39632,0.06494,0.26229,0.21102,0.16438,0.14605,0.19191,0.28575,0.50000,0.28154,0.00000,0.45408,0.61896,0.61651,0.99820,0.91953,1,0,0
Thing_Speak,0,0.54976,0.09192,0.32327,0.27815,0.16829,0.15832,0.19965,0.31610,0.50000,0.33904,0.45816,0.57209,0.85959,0.60797,0.99820,0.91953,1,0,0
Thing_Speak,0,0.35975,0.00257,0.13115,0.11913,0.31430,0.31430,0.34651,0.35394,0.00000,0.00000,0.00000,0.50252,0.54501,0.50078,0.00000,0.00000,0,1,0
Thing_Speak,0,0.35975,0.00262,0.13115,0.11913,0.31276,0.31276,0.34504,0.35394,0.00000,0.00000,0.00000,0.50252,0.54501,0.50197,0.00000,0.00000,0,1,0
Thing_Speak,0,0.54976,0.09370,0.33098,0.27815,0.17086,0.15643,0.20019,0.30014,0.50000,0.34340,0.45816,0.56266,0.85639,0.60742,0.99820,0.91953,1,0,0
Thing_Speak,0,0.35975,0.00265,0.13115,0.11913,0.31188,0.31188,0.34419,0.35394,0.00000,0.00000,0.00000,0.50252,0.62512,0.50265,0.00000,0.00000,0,1,0
Thing_Speak,0,0.35975,0.00213,0.13115,0.11913,0.32758,0.32758,0.35924,0.35394,0.00000,0.00000,0.00000,0.50252,0.54501,0.49049,0.00000,0.00000,0,1,0
Thing_Speak,0,0.35975,0.00416,0.13115,0.11913,0.27939,0.27939,0.31299,0.35394,0.00000,0.00000,0.00000,0.48659,0.53423,0.52795,0.00000,0.00000,0,1,0
Thing_Speak,0,0.35975,0.00212,0.13115,0.11913,0.32823,0.32823,0.35985,0.35394,0.00000,0.00000,0.00000,0.50252,0.54501,0.48999,0.00000,0.00000,0,1,0
Thing_Speak,0,0.35975,0.00263,0.13115,0.11913,0.31252,0.31252,0.34481,0.35394,0.00000,0.00000,0.00000,0.50252,0.54501,0.50216,0.00000,0.00000,0,1,0
Thing_Speak,0,0.39632,0.12151,0.24823,0.19430,0.09927,0.08194,0.12393,0.27522,0.50000,0.26510,0.00000,0.47333,0.64373,0.67827,0.99820,0.91953,1,0,0
Thing_Speak,0,0.35975,0.00351,0.08274,0.07517,0.24289,0.24289,0.27775,0.35394,0.00000,0.00000,0.00000,0.52016,0.74886,0.57908,0.00000,0.00000,0,1,0
Thing_Speak,0,0.35975,0.00549,0.13115,0.11913,0.25942,0.25942,0.29374,0.35394,0.00000,0.00000,0.00000,0.50252,0.62512,0.54362,0.00000,0.00000,0,1,0
Thing_Speak,0,0.35975,0.00277,0.13115,0.11913,0.30883,0.30883,0.34127,0.35394,0.00000,0.00000,0.00000,0.50252,0.54501,0.50502,0.00000,0.00000,0,1,0
Thing_Speak,0,0.35975,0.00402,0.13115,0.11913,0.28189,0.28189,0.31540,0.35394,0.00000,0.00000,0.00000,0.50252,0.54501,0.52600,0.00000,0.00000,0,1,0
Thing_Speak,0,0.39632,0.06491,0.24823,0.19430,0.15583,0.13481,0.18206,0.27522,0.50000,0.26510,0.00000,0.48106,0.64348,0.62572,0.99820,0.91953,1,0,0
Thing_Speak,0,0.35975,0.00267,0.13115,0.11913,0.31133,0.31133,0.34366,0.35394,0.00000,0.00000,0.00000,0.48659,0.53423,0.50309,0.00000,0.00000,0,1,0
Thing_Speak,0,0.39632,0.06093,0.24823,0.19430,0.16131,0.14005,0.18752,0.27522,0.50000,0.26510,0.00000,0.47333,0.64373,0.62102,0.99820,0.91953,1,0,0
Thing_Speak,0,0.35975,0.00445,0.13115,0.11913,0.27457,0.27457,0.30835,0.35394,0.00000,0.00000,0.00000,0.48659,0.61921,0.53173,0.00000,0.00000,0,1,0
Thing_Speak,0,0.35975,0.00872,0.13115,0.11913,0.22610,0.22610,0.26144,0.35394,0.00000,0.00000,0.00000,0.48659,0.53423,0.57006,0.00000,0.00000,0,1,0
Thing_Speak,0,0.35975,0.00223,0.13115,0.11913,0.32453,0.32453,0.35631,0.35394,0.00000,0.00000,0.00000,0.50252,0.54501,0.49285,0.00000,0.00000,0,1,0
Thing_Speak,0,0.35975,0.00181,0.13115,0.11913,0.33957,0.33957,0.37071,0.35394,0.00000,0.00000,0.00000,0.50252,0.54501,0.48122,0.00000,0.00000,0,1,0
Thing_Speak,0,0.35975,0.00364,0.13115,0.11913,0.28904,0.28904,0.32226,0.35394,0.00000,0.00000,0.00000,0.50252,0.54501,0.52042,0.00000,0.00000,0,1,0
Thing_Speak,0,0.39632,0.05298,0.24823,0.19430,0.17321,0.15151,0.19935,0.27522,0.50000,0.26510,0.00000,0.47333,0.64373,0.61092,0.99820,0.91953,1,0,0
Thing_Speak,0,0.39632,0.06375,0.24823,0.19430,0.15740,0.13631,0.18362,0.27522,0.50000,0.26510,0.00000,0.48106,0.64373,0.62437,0.99820,0.91953,1,0,0
Thing_Speak,0,0.39632,0.06239,0.24823,0.19430,0.15927,0.13810,0.18549,0.27522,0.50000,0.26510,0.00000,0.48044,0.64348,0.62274,0.99820,0.91953,1,0,0
Thing_Speak,0,0.39632,0.05279,0.24823,0.19430,0.17353,0.15181,0.19966,0.27522,0.50000,0.26510,0.00000,0.47333,0.64373,0.61066,0.99820,0.91953,1,0,0
Thing_Speak,0,0.35975,0.00283,0.13115,0.11913,0.30717,0.30717,0.33967,0.35394,0.00000,0.00000,0.00000,0.50252,0.54501,0.50631,0.00000,0.00000,0,1,0
Thing_Speak,0,0.35975,0.00216,0.13115,0.11913,0.32663,0.32663,0.35833,0.35394,0.00000,0.00000,0.00000,0.50252,0.54501,0.49122,0.00000,0.00000,0,1,0
Thing_Speak,0,0.54976,0.09449,0.33098,0.27815,0.17002,0.15561,0.19935,0.30014,0.50000,0.34340,0.45816,0.56266,0.85668,0.60814,0.99820,0.91953,1,0,0
Thing_Speak,0,0.39632,0.06271,0.24823,0.19430,0.15882,0.13767,0.18504,0.27522,0.50000,0.26510,0.00000,0.48106,0.64348,0.62315,0.99820,0.91953,1,0,0
Thing_Speak,0,0.35975,0.00213,0.13115,0.11913,0.32790,0.32790,0.35954,0.35394,0.00000,0.00000,0.00000,0.50252,0.54501,0.49024,0.00000,0.00000,0,1,0
Thing_Speak,0,0.39632,0.05355,0.24823,0.19430,0.17231,0.15064,0.19845,0.27522,0.50000,0.26510,0.00000,0.48106,0.64348,0.61169,0.99820,0.91953,1,0,0
Thing_Speak,0,0.54976,0.09368,0.32327,0.27815,0.16639,0.15646,0.19776,0.31610,0.50000,0.33904,0.45816,0.57209,0.85571,0.60957,0.99820,0.91953,1,0,0
Thing_Speak,0,0.39632,0.06273,0.24823,0.19430,0.15880,0.13765,0.18502,0.27522,0.50000,0.26510,0.00000,0.47333,0.64373,0.62315,0.99820,0.91953,1,0,0
Thing_Speak,0,0.35975,0.00600,0.13115,0.11913,0.25312,0.25312,0.28765,0.35394,0.00000,0.00000,0.00000,0.48659,0.53423,0.54859,0.00000,0.00000,0,1,0
Thing_Speak,0,0.39632,0.05505,0.24823,0.19430,0.16998,0.14839,0.19615,0.27522,0.50000,0.26510,0.00000,0.47333,0.64373,0.61365,0.99820,0.91953,1,0,0
Thing_Speak,0,0.39632,0.05528,0.24823,0.19430,0.16962,0.14804,0.19579,0.27522,0.50000,0.26510,0.00000,0.48106,0.64348,0.61396,0.99820,0.91953,1,0,0
Thing_Speak,0,0.35975,0.00444,0.13115,0.11913,0.27481,0.27481,0.30858,0.35394,0.00000,0.00000,0.00000,0.48659,0.53423,0.53154,0.00000,0.00000,0,1,0
Thing_Speak,0,0.39632,0.06357,0.24823,0.19430,0.15764,0.13654,0.18387,0.27522,0.50000,0.26510,0.00000,0.48106,0.64323,0.62416,0.99820,0.91953,1,0,0
Thing_Speak,0,0.35975,0.00520,0.13115,0.11913,0.26335,0.26335,0.29753,0.35394,0.00000,0.00000,0.00000,0.48659,0.53423,0.54053,0.00000,0.00000,0,1,0
Thing_Speak,0,0.39632,0.05421,0.24823,0.19430,0.17128,0.14964,0.19744,0.27522,0.50000,0.26510,0.00000,0.48044,0.64323,0.61255,0.99820,0.91953,1,0,0
Thing_Speak,0,0.39632,0.06047,0.24823,0.19430,0.16196,0.14068,0.18817,0.27522,0.50000,0.26510,0.00000,0.48044,0.64348,0.62045,0.99820,0.91953,1,0,0
Thing_Speak,0,0.54976,0.45819,0.38893,0.40532,0.01668,0.02563,0.03592,0.49570,0.50000,0.44696,0.00000,0.65882,0.65648,0.78472,0.99820,1.00000,1,0,0
Thing_Speak,0,0.39632,0.05665,0.26229,0.21102,0.17628,0.15758,0.20372,0.28575,0.50000,0.28154,0.00000,0.46311,0.61871,0.60649,0.99820,0.91953,1,0,0
Thing_Speak,0,0.35975,0.00281,0.13115,0.11913,0.30770,0.30770,0.34019,0.35394,0.00000,0.00000,0.00000,0.50252,0.54501,0.50590,0.00000,0.00000,0,1,0
Thing_Speak,0,0.39632,0.06134,0.24823,0.19430,0.16072,0.13949,0.18694,0.27522,0.50000,0.26510,0.00000,0.47267,0.64373,0.62151,0.99820,0.91953,1,0,0
Thing_Speak,0,0.39632,0.05484,0.24823,0.19430,0.17029,0.14869,0.19646,0.27522,0.50000,0.26510,0.00000,0.47200,0.64373,0.61338,0.99820,0.91953,1,0,0
Thing_Speak,0,0.35975,0.00320,0.13115,0.11913,0.29828,0.29828,0.33114,0.35394,0.00000,0.00000,0.00000,0.48659,0.53423,0.51322,0.00000,0.00000,0,1,0
Thing_Speak,0,0.39632,0.06534,0.24823,0.19430,0.15526,0.13427,0.18148,0.27522,0.50000,0.26510,0.00000,0.47333,0.64373,0.62623,0.99820,0.91953,1,0,0
Thing_Speak,0,0.35975,0.00408,0.13115,0.11913,0.28083,0.28083,0.31438,0.35394,0.00000,0.00000,0.00000,0.50252,0.54501,0.52683,0.00000,0.00000,0,1,0
Thing_Speak,0,0.35975,0.24020,0.19213,0.07517,0.02425,0.00687,0.02783,0.11394,0.00000,0.00000,0.00000,0.50252,0.49567,0.81380,0.00000,0.00000,0,1,0
Thing_Speak,0,0.54976,0.09474,0.32327,0.27815,0.16527,0.15535,0.19664,0.31610,0.50000,0.33904,0.45816,0.57209,0.85578,0.61052,0.99820,0.91953,1,0,0
Thing_Speak,0,0.54976,0.08137,0.31504,0.27815,0.17535,0.17011,0.20897,0.33391,0.50000,0.33450,0.45816,0.58224,0.85714,0.60018,0.99820,0.91953,1,0,0
Thing_Speak,0,0.54976,0.08231,0.31504,0.26947,0.17425,0.16336,0.20520,0.31307,0.50000,0.32976,0.45816,0.58224,0.86761,0.60345,0.99820,0.91953,1,0,0
Thing_Speak,0,0.35975,0.01680,0.13115,0.11913,0.17892,0.17892,0.21508,0.35394,0.00000,0.00000,0.00000,0.50252,0.54501,0.60855,0.00000,0.00000,0,1,0
Thing_Speak,0,0.54976,0.09467,0.32327,0.28618,0.16534,0.16055,0.19916,0.33537,0.50000,0.34340,0.45816,0.57209,0.84640,0.60830,0.99820,0.91953,1,0,0
Thing_Speak,0,0.35975,0.00394,0.13115,0.11913,0.28336,0.28336,0.31681,0.35394,0.00000,0.00000,0.00000,0.50252,0.54501,0.52485,0.00000,0.00000,0,1,0
Thing_Speak,0,0.77209,0.42721,0.37938,0.31344,0.02043,0.01563,0.03096,0.28257,0.00000,0.39084,0.45816,0.72577,0.53291,0.79573,0.74978,0.51927,1,0,0
Thing_Speak,0,0.39632,0.05837,0.24823,0.19430,0.16499,0.14359,0.19119,0.27522,0.50000,0.26510,0.00000,0.48044,0.64348,0.62223,0.99820,0.91953,1,0,0
Thing_Speak,0,0.35975,0.00363,0.13115,0.11913,0.28931,0.28931,0.32253,0.35394,0.00000,0.00000,0.00000,0.50252,0.54501,0.52021,0.00000,0.00000,0,1,0
Thing_Speak,0,0.35975,0.01361,0.13115,0.11913,0.19408,0.19408,0.23008,0.35394,0.00000,0.00000,0.00000,0.50252,0.54501,0.59600,0.00000,0.00000,0,1,0
Thing_Speak,0,0.39632,0.05401,0.24823,0.19430,0.17160,0.14995,0.19775,0.27522,0.50000,0.26510,0.00000,0.48106,0.64348,0.61227,0.99820,0.91953,1,0,0
Thing_Speak,0,0.35975,0.00181,0.13115,0.11913,0.33957,0.33957,0.37071,0.35394,0.00000,0.00000,0.00000,0.50252,0.54501,0.48121,0.00000,0.00000,0,1,0
Thing_Speak,0,0.35975,0.00268,0.13115,0.11913,0.31107,0.31107,0.34342,0.35394,0.00000,0.00000,0.00000,0.50252,0.54501,0.50328,0.00000,0.00000,0,1,0
Thing_Speak,0,0.35975,0.00261,0.13115,0.11913,0.31310,0.31310,0.34536,0.35394,0.00000,0.00000,0.00000,0.48659,0.53423,0.50171,0.00000,0.00000,0,1,0
Thing_Speak,0,0.35975,0.00208,0.13115,0.11913,0.32931,0.32931,0.36089,0.35394,0.00000,0.00000,0.00000,0.50252,0.54501,0.48915,0.00000,0.00000,0,1,0
Thing_Speak,0,0.35975,0.00327,0.13115,0.11913,0.29687,0.29687,0.32979,0.35394,0.00000,0.00000,0.00000,0.48659,0.53423,0.51432,0.00000,0.00000,0,1,0
Thing_Speak,0,0.35975,0.00320,0.13115,0.11913,0.29848,0.29848,0.33133,0.35394,0.00000,0.00000,0.00000,0.50252,0.54501,0.51307,0.00000,0.00000,0,1,0
Thing_Speak,0,0.54976,0.08212,0.31504,0.26947,0.17447,0.16358,0.20542,0.31307,0.50000,0.32976,0.45816,0.58224,0.86728,0.60328,0.99820,0.91953,1,0,0
Thing_Speak,0,0.35975,0.00210,0.13115,0.11913,0.32866,0.32866,0.36026,0.35394,0.00000,0.00000,0.00000,0.50252,0.54501,0.48966,0.00000,0.00000,0,1,0
Thing_Speak,0,0.35975,0.00261,0.13115,0.11913,0.31306,0.31306,0.34532,0.35394,0.00000,0.00000,0.00000,0.50252,0.54501,0.50174,0.00000,0.00000,0,1,0
Thing_Speak,0,0.54976,0.08232,0.31504,0.26947,0.17423,0.16334,0.20518,0.31307,0.50000,0.32976,0.45816,0.58224,0.86875,0.60345,0.99820,0.91953,1,0,0
Thing_Speak,0,0.39632,0.06146,0.24823,0.19430,0.16055,0.13933,0.18677,0.27522,0.50000,0.26510,0.00000,0.47200,0.64373,0.62166,0.99820,0.91953,1,0,0
Thing_Speak,0,0.35975,0.00193,0.13115,0.11913,0.33493,0.33493,0.36627,0.35394,0.00000,0.00000,0.00000,0.50252,0.54501,0.48480,0.00000,0.00000,0,1,0
Thing_Speak,0,0.35975,0.00217,0.13115,0.11913,0.32653,0.32653,0.35823,0.35394,0.00000,0.00000,0.00000,0.50252,0.54501,0.49130,0.00000,0.00000,0,1,0
Thing_Speak,0,0.35975,0.00264,0.13115,0.11913,0.31225,0.31225,0.34455,0.35394,0.00000,0.00000,0.00000,0.50252,0.54501,0.50237,0.00000,0.00000,0,1,0
Thing_Speak,0,0.54976,0.09321,0.33098,0.27815,0.17139,0.15695,0.20071,0.30014,0.50000,0.34340,0.45816,0.56266,0.85607,0.60700,0.99820,0.91953,1,0,0
Thing_Speak,0,0.35975,0.00192,0.13115,0.11913,0.33523,0.33523,0.36656,0.35394,0.00000,0.00000,0.00000,0.50252,0.54501,0.48457,0.00000,0.00000,0,1,0
Thing_Speak,0,0.39632,0.05744,0.24823,0.19430,0.16636,0.14491,0.19255,0.27522,0.50000,0.26510,0.00000,0.48106,0.64348,0.61670,0.99820,0.91953,1,0,0
Thing_Speak,0,0.77431,0.00000,0.08274,0.00000,0.00000,0.00000,0.00000,0.00000,0.00000,0.00000,0.00000,0.53282,0.00000,0.00000,0.00000,0.00000,0,1,0
Thing_Speak,0,0.39632,0.05491,0.24823,0.19430,0.17019,0.14859,0.19635,0.27522,0.50000,0.26510,0.00000,0.48106,0.64348,0.61348,0.99820,0.91953,1,0,0
Thing_Speak,0,0.35975,0.00354,0.13115,0.11913,0.29116,0.29116,0.32431,0.35394,0.00000,0.00000,0.00000,0.50252,0.54501,0.51877,0.00000,0.00000,0,1,0
Thing_Speak,0,0.35975,0.00260,0.13115,0.11913,0.31331,0.31331,0.34557,0.35394,0.00000,0.00000,0.00000,0.48659,0.53423,0.50154,0.00000,0.00000,0,1,0
Thing_Speak,0,0.35975,0.00292,0.13115,0.11913,0.30495,0.30495,0.33755,0.35394,0.00000,0.00000,0.00000,0.50252,0.62512,0.50803,0.00000,0.00000,0,1,0
Thing_Speak,0,0.39632,0.06481,0.26229,0.21102,0.16456,0.14622,0.19209,0.28575,0.50000,0.28154,0.00000,0.46248,0.61871,0.61637,0.99820,0.91953,1,0,0
Thing_Speak,0,0.35975,0.00507,0.08274,0.07517,0.21703,0.21703,0.25260,0.35394,0.00000,0.00000,0.00000,0.48659,0.69838,0.59974,0.00000,0.00000,0,1,0
Thing_Speak,0,0.35975,0.00218,0.13115,0.11913,0.32592,0.32592,0.35764,0.35394,0.00000,0.00000,0.00000,0.50252,0.54501,0.49178,0.00000,0.00000,0,1,0
Wipro_bulb,0,0.79411,0.28403,0.00000,0.19430,0.00000,0.01956,0.01863,0.00000,0.00000,0.19115,0.00000,0.00000,0.59045,0.83989,0.00000,0.75557,1,0,0
Wipro_bulb,0,0.54976,0.04943,0.28625,0.26947,0.20295,0.20943,0.24206,0.37885,0.50000,0.32480,0.45816,0.61293,0.57848,0.57930,0.75607,1.00000,1,0,0
Wipro_bulb,0,0.54976,0.05288,0.28625,0.26947,0.19713,0.20358,0.23633,0.37885,0.50000,0.32480,0.45816,0.59860,0.58426,0.58195,0.75607,1.00000,1,0,0
Wipro_bulb,0,0.54976,0.05629,0.28625,0.26947,0.19166,0.19808,0.23094,0.37885,0.50000,0.32480,0.45816,0.61293,0.57550,0.58610,0.75607,1.00000,1,0,0
Wipro_bulb,0,0.35975,0.00085,0.08274,0.07517,0.34394,0.34394,0.37489,0.35394,0.00000,0.00000,0.00000,0.48231,0.69143,0.50024,0.00000,0.00000,0,1,0
Wipro_bulb,0,0.79411,0.45194,0.46212,0.38555,0.03025,0.02307,0.04402,0.27793,0.50000,0.46881,0.00000,0.45911,0.48595,0.76978,1.00000,0.75607,1,0,0
Wipro_bulb,0,0.54976,0.09074,0.28625,0.26947,0.14799,0.15402,0.18713,0.37885,0.50000,0.32480,0.45816,0.61293,0.57848,0.63147,0.75607,1.00000,1,0,0
Wipro_bulb,0,0.54976,0.06957,0.29663,0.26947,0.17903,0.17903,0.21519,0.35394,0.50000,0.32976,0.45816,0.58553,0.55608,0.59569,0.75607,1.00000,1,0,0
Wipro_bulb,0,0.54976,0.09674,0.28625,0.29366,0.14183,0.16316,0.18937,0.44704,0.50000,0.33904,0.45816,0.58924,0.57013,0.62016,0.75607,1.00000,1,0,0
Wipro_bulb,0,0.54976,0.27704,0.31504,0.30724,0.04524,0.05260,0.07422,0.40970,0.50000,0.35923,0.00000,0.53512,0.55973,0.74379,0.75607,1.00000,1,0,0
Wipro_bulb,0,0.54976,0.04807,0.28625,0.26947,0.20534,0.21183,0.24441,0.37885,0.50000,0.32480,0.45816,0.58924,0.60277,0.58528,0.75607,1.00000,1,0,0
Wipro_bulb,0,0.35975,0.00214,0.08274,0.07517,0.27830,0.27830,0.31194,0.35394,0.00000,0.00000,0.00000,0.48231,0.69143,0.55121,0.00000,0.00000,0,1,0
Wipro_bulb,0,0.54976,0.04881,0.28625,0.26947,0.20403,0.21051,0.24312,0.37885,0.50000,0.32480,0.45816,0.59555,0.55952,0.57623,0.75607,1.00000,1,0,0
Wipro_bulb,0,0.38054,0.00126,0.00000,0.11913,0.00000,0.36548,0.34807,0.00000,0.00000,0.00000,0.00000,0.00000,0.78342,0.52191,0.00000,0.00000,0,1,0
Wipro_bulb,0,0.35975,0.00021,0.08274,0.07517,0.44620,0.44620,0.47250,0.35394,0.00000,0.00000,0.00000,0.48231,0.69408,0.42159,0.00000,0.00000,0,1,0
Wipro_bulb,0,0.54976,0.00000,0.08274,0.00000,0.00000,0.00000,0.00000,0.00000,0.00000,0.07395,0.28906,0.00000,0.00000,0.00000,0.75607,0.00000,1,0,0
Wipro_bulb,0,0.79411,0.40450,0.37938,0.31344,0.02490,0.01918,0.03713,0.28257,0.50000,0.39354,0.00000,0.35508,0.41163,0.78292,1.00000,0.75607,1,0,0
Wipro_bulb,0,0.35975,0.00228,0.08274,0.07517,0.27374,0.27374,0.30755,0.35394,0.00000,0.00000,0.00000,0.48231,0.69408,0.55477,0.00000,0.00000,0,1,0
Wipro_bulb,0,0.54976,0.05073,0.28625,0.26947,0.20071,0.20718,0.23986,0.37885,0.50000,0.32480,0.45816,0.61293,0.57848,0.57931,0.75607,1.00000,1,0,0
Wipro_bulb,0,0.54976,0.15678,0.19213,0.00000,0.05201,0.00000,0.04953,0.00000,0.00000,0.17170,0.67119,0.00000,0.00000,0.77598,0.75607,0.00000,1,0,0
Wipro_bulb,0,0.79411,0.34485,0.35761,0.30066,0.03511,0.02901,0.05168,0.29714,0.50000,0.37620,0.00000,0.46082,0.44149,0.75846,1.00000,0.75607,1,0,0
Wipro_bulb,0,0.35975,0.00082,0.08274,0.07517,0.34711,0.34711,0.37792,0.35394,0.00000,0.00000,0.00000,0.48231,0.67130,0.49779,0.00000,0.00000,0,1,0
Wipro_bulb,0,0.79411,0.39303,0.36344,0.29366,0.02442,0.01792,0.03584,0.27095,0.50000,0.37620,0.00000,0.34811,0.42520,0.78570,1.00000,0.75607,1,0,0
Wipro_bulb,0,0.79411,0.32994,0.34504,0.24970,0.03632,0.02146,0.04765,0.21696,0.81546,0.33450,0.00000,0.31962,0.43940,0.76525,1.00000,0.75607,1,0,0
Wipro_bulb,0,0.79411,0.43760,0.43734,0.35331,0.02862,0.02004,0.04066,0.25815,0.73249,0.44030,0.00000,0.45086,0.43160,0.77585,1.00000,0.75607,1,0,0
Wipro_bulb,0,0.54976,0.05217,0.29663,0.26947,0.20475,0.20475,0.24058,0.35394,0.50000,0.32976,0.45816,0.59983,0.57550,0.57631,0.75607,1.00000,1,0,0
Wipro_bulb,0,0.35975,0.00213,0.08274,0.07517,0.27858,0.27858,0.31220,0.35394,0.00000,0.00000,0.00000,0.48231,0.69143,0.55099,0.00000,0.00000,0,1,0
Wipro_bulb,0,0.54976,0.10568,0.28625,0.26947,0.13321,0.13905,0.17191,0.37885,0.50000,0.32480,0.45816,0.61293,0.57848,0.65377,0.75607,1.00000,1,0,0
Wipro_bulb,0,0.82001,0.98530,0.78288,0.65134,0.00266,0.00154,0.00395,0.23205,0.50000,0.74798,0.00000,0.52164,0.58906,0.91941,0.75607,0.75002,1,0,0
Wipro_bulb,0,0.79411,0.40619,0.39344,0.31930,0.02720,0.01987,0.03942,0.26864,0.50000,0.40371,0.00000,0.32774,0.43657,0.77849,1.00000,0.75607,1,0,0
Wipro_bulb,0,0.79411,0.39303,0.36344,0.29366,0.02442,0.01792,0.03584,0.27095,0.50000,0.37620,0.00000,0.34811,0.42520,0.78570,1.00000,0.75607,1,0,0
Wipro_bulb,0,0.79411,0.00002,0.00000,0.11913,0.00000,0.68093,0.64850,0.00000,0.00000,0.11720,0.00000,0.00000,0.52705,0.28035,0.00000,0.75557,1,0,0
Wipro_bulb,0,0.54976,0.19669,0.29663,0.30066,0.07414,0.08927,0.11382,0.43924,0.50000,0.34758,0.00000,0.59983,0.62170,0.70663,0.75607,1.00000,1,0,0
Wipro_bulb,0,0.54976,0.05302,0.28625,0.26947,0.19689,0.20334,0.23610,0.37885,0.50000,0.32480,0.45816,0.61018,0.56286,0.58586,0.75607,1.00000,1,0,0
Wipro_bulb,0,0.35975,0.00208,0.08274,0.07517,0.28034,0.28034,0.31391,0.35394,0.00000,0.00000,0.00000,0.48231,0.69143,0.54960,0.00000,0.00000,0,1,0
Wipro_bulb,0,0.54976,0.05176,0.28625,0.26947,0.19897,0.20543,0.23815,0.37885,0.50000,0.32480,0.45816,0.61293,0.57550,0.57974,0.75607,1.00000,1,0,0
Wipro_bulb,0,0.54976,0.14124,0.32327,0.29366,0.12323,0.12323,0.15845,0.35394,0.50000,0.35549,0.45816,0.66977,0.72988,0.64924,0.75607,1.00000,1,0,0
Wipro_bulb,0,0.35975,0.00242,0.08274,0.07517,0.26929,0.26929,0.30326,0.35394,0.00000,0.00000,0.00000,0.48659,0.57302,0.55826,0.00000,0.00000,0,1,0
Wipro_bulb,0,0.79411,0.34485,0.35761,0.30066,0.03511,0.02901,0.05168,0.29714,0.50000,0.37620,0.00000,0.46082,0.44149,0.75846,1.00000,0.75607,1,0,0
Wipro_bulb,0,0.54976,0.04972,0.28625,0.26947,0.20244,0.20892,0.24156,0.37885,0.50000,0.32480,0.45816,0.61293,0.57550,0.57926,0.75607,1.00000,1,0,0
Wipro_bulb,0,0.35975,0.00216,0.08274,0.07517,0.27738,0.27738,0.31106,0.35394,0.00000,0.00000,0.00000,0.48231,0.69143,0.55192,0.00000,0.00000,0,1,0
Wipro_bulb,0,0.54976,0.04906,0.28625,0.26947,0.20359,0.21007,0.24269,0.37885,0.50000,0.32480,0.45816,0.61293,0.57848,0.57882,0.75607,1.00000,1,0,0
Wipro_bulb,0,0.54976,0.15467,0.16549,0.00000,0.04295,0.00000,0.04091,0.00000,0.63093,0.00000,0.00000,0.00000,0.00000,0.79691,0.75607,0.00000,1,0,0
Wipro_bulb,0,0.54976,0.16125,0.16549,0.00000,0.04033,0.00000,0.03841,0.00000,0.63093,0.00000,0.00000,0.00000,0.00000,0.80148,0.75607,0.00000,1,0,0
Wipro_bulb,0,0.54976,0.18313,0.29663,0.27815,0.08172,0.08604,0.11586,0.37664,0.50000,0.33450,0.00000,0.53953,0.56468,0.68436,0.75607,0.91965,1,0,0
Wipro_bulb,0,0.79411,0.53583,0.56433,0.47519,0.03085,0.02305,0.04447,0.27256,0.50000,0.56033,0.00000,0.45470,0.47411,0.76861,1.00000,0.75607,1,0,0
Wipro_bulb,0,0.35975,0.00209,0.08274,0.07517,0.28003,0.28003,0.31360,0.35394,0.00000,0.00000,0.00000,0.48231,0.69143,0.54985,0.00000,0.00000,0,1,0
Wipro_bulb,0,0.54976,0.05111,0.28625,0.26947,0.20007,0.20654,0.23923,0.37885,0.50000,0.32480,0.45816,0.61293,0.57550,0.57931,0.75607,1.00000,1,0,0
Wipro_bulb,0,0.79411,0.46155,0.48471,0.40532,0.03269,0.02491,0.04713,0.27672,0.00000,0.49022,0.00000,0.46206,0.45476,0.76449,1.00000,0.75339,1,0,0
Wipro_bulb,0,0.38054,0.00389,0.00000,0.11913,0.00000,0.28433,0.27079,0.00000,0.00000,0.00000,0.00000,0.00000,0.78342,0.58478,0.00000,0.00000,0,1,0
Wipro_bulb,0,0.35975,0.00345,0.08274,0.07517,0.24428,0.24428,0.27909,0.35394,0.00000,0.00000,0.00000,0.48231,0.69143,0.57798,0.00000,0.00000,0,1,0
Wipro_bulb,0,0.79411,0.43483,0.44036,0.35740,0.02991,0.02125,0.04250,0.26084,0.50000,0.44534,0.00000,0.41402,0.45873,0.77256,1.00000,0.75607,1,0,0
Wipro_bulb,0,0.82001,0.25621,0.35761,0.29366,0.06876,0.05604,0.09115,0.28190,0.50000,0.37302,0.67119,0.55621,0.59293,0.70858,0.75607,0.75002,1,0,0
Wipro_bulb,0,0.35975,0.15892,0.19213,0.07517,0.05102,0.01651,0.05679,0.11394,0.00000,0.00000,0.00000,0.48231,0.67130,0.76158,0.00000,0.00000,0,1,0
Wipro_bulb,0,0.54976,0.07309,0.28625,0.26947,0.16825,0.17449,0.20763,0.37885,0.50000,0.32480,0.45816,0.61293,0.57848,0.60882,0.75607,1.00000,1,0,0
Wipro_bulb,0,0.54976,0.04983,0.28625,0.26947,0.20226,0.20873,0.24138,0.37885,0.50000,0.32480,0.45816,0.61293,0.57550,0.57931,0.75607,1.00000,1,0,0
Wipro_bulb,0,0.54976,0.05074,0.28625,0.26947,0.20069,0.20716,0.23984,0.37885,0.50000,0.32480,0.45816,0.61293,0.57550,0.57884,0.75607,1.00000,1,0,0
Wipro_bulb,0,0.54976,0.05066,0.28625,0.26947,0.20083,0.20729,0.23997,0.37885,0.50000,0.32480,0.45816,0.59860,0.55256,0.57874,0.75607,1.00000,1,0,0
Wipro_bulb,0,0.54976,0.04902,0.28625,0.26947,0.20366,0.21014,0.24276,0.37885,0.50000,0.32480,0.45816,0.59860,0.57245,0.58092,0.75607,1.00000,1,0,0
Wipro_bulb,0,0.35975,0.00059,0.08274,0.07517,0.37104,0.37104,0.40079,0.35394,0.00000,0.00000,0.00000,0.48231,0.69143,0.47934,0.00000,0.00000,0,1,0
Wipro_bulb,0,0.79410,0.23322,0.16549,0.00000,0.02023,0.00000,0.01926,0.00000,0.00000,0.00000,0.00000,0.71716,0.00000,0.84784,0.00000,0.00000,0,1,0
Wipro_bulb,0,0.35975,0.00040,0.08274,0.07517,0.39874,0.39874,0.42724,0.35394,0.00000,0.00000,0.00000,0.48231,0.69408,0.45803,0.00000,0.00000,0,1,0
Wipro_bulb,0,0.35975,0.00250,0.08274,0.07517,0.26698,0.26698,0.30103,0.35394,0.00000,0.00000,0.00000,0.48231,0.69143,0.56007,0.00000,0.00000,0,1,0
Wipro_bulb,0,0.79411,0.40646,0.38893,0.31344,0.02626,0.01885,0.03797,0.26491,0.50000,0.39875,0.00000,0.33269,0.41163,0.78127,1.00000,0.75607,1,0,0
Wipro_bulb,0,0.79410,0.91646,0.90047,0.00000,0.01315,0.00000,0.01253,0.00000,0.00000,0.00000,0.00000,0.71716,0.00000,0.85205,0.00000,0.00000,0,1,0
Wipro_bulb,0,0.82001,0.91588,0.72688,0.60090,0.00331,0.00193,0.00490,0.23269,0.00000,0.69812,0.00000,0.54919,0.60971,0.90704,0.74795,0.74211,1,0,0
Wipro_bulb,0,0.95596,0.00000,0.08274,0.00000,0.00000,0.00000,0.00000,0.00000,0.00000,0.07395,0.28906,0.00000,0.00000,0.00000,0.74709,0.00000,1,0,0
Wipro_bulb,0,0.35975,0.00060,0.08274,0.07517,0.36990,0.36990,0.39970,0.35394,0.00000,0.00000,0.00000,0.48231,0.67130,0.48021,0.00000,0.00000,0,1,0
Wipro_bulb,0,0.54976,0.04932,0.28625,0.26947,0.20315,0.20963,0.24226,0.37885,0.50000,0.32480,0.45816,0.61293,0.57550,0.57917,0.75607,1.00000,1,0,0
Wipro_bulb,0,0.35975,0.00022,0.08274,0.07517,0.44177,0.44177,0.46828,0.35394,0.00000,0.00000,0.00000,0.48231,0.69408,0.42499,0.00000,0.00000,0,1,0
Wipro_bulb,0,0.35975,0.00214,0.08274,0.07517,0.27814,0.27814,0.31178,0.35394,0.00000,0.00000,0.00000,0.48231,0.69143,0.55133,0.00000,0.00000,0,1,0
Wipro_bulb,0,0.79411,0.40450,0.37938,0.31344,0.02490,0.01918,0.03713,0.28257,0.50000,0.39354,0.00000,0.35508,0.41163,0.78292,1.00000,0.75607,1,0,0
Wipro_bulb,0,0.54976,0.00000,0.00000,0.07517,0.00000,0.00000,0.00000,0.00000,0.00000,0.07395,0.28906,0.00000,0.00000,0.00000,0.00000,0.00000,1,0,0
Wipro_bulb,0,0.35975,0.00064,0.08274,0.07517,0.36522,0.36522,0.39523,0.35394,0.00000,0.00000,0.00000,0.48231,0.69143,0.48383,0.00000,0.00000,0,1,0
Wipro_bulb,0,0.54976,0.00082,0.13115,0.00000,0.39693,0.00000,0.37803,0.00000,0.00000,0.11720,0.00000,0.50062,0.00000,0.49770,0.75607,0.00000,1,0,0
Wipro_bulb,0,0.79411,0.31877,0.31504,0.23827,0.03217,0.02143,0.04438,0.24488,0.73249,0.31412,0.28906,0.43353,0.48951,0.77116,1.00000,0.75607,1,0,0
Wipro_bulb,0,0.79411,0.40412,0.37938,0.30724,0.02498,0.01825,0.03652,0.26964,0.50000,0.39084,0.00000,0.34327,0.43041,0.78424,1.00000,0.75607,1,0,0
Wipro_bulb,0,0.54976,0.05124,0.28625,0.26947,0.19986,0.20632,0.23902,0.37885,0.50000,0.32480,0.45816,0.61293,0.57848,0.57931,0.75607,1.00000,1,0,0
Wipro_bulb,0,0.82001,0.38477,0.29663,0.28618,0.01558,0.01808,0.02903,0.39837,0.50000,0.33904,0.57813,0.42489,0.62534,0.80231,0.75607,0.75002,1,0,0
Wipro_bulb,0,0.79411,0.34429,0.35761,0.28618,0.03527,0.02587,0.04972,0.26619,0.73249,0.36635,0.00000,0.38354,0.40748,0.76157,1.00000,0.75607,1,0,0
Wipro_bulb,0,0.54976,0.04948,0.28625,0.26947,0.20285,0.20933,0.24197,0.37885,0.50000,0.32480,0.45816,0.61293,0.57550,0.57920,0.75607,1.00000,1,0,0
Wipro_bulb,0,0.54976,0.04965,0.28625,0.26947,0.20256,0.20904,0.24168,0.37885,0.50000,0.32480,0.45816,0.61293,0.57550,0.57957,0.75607,1.00000,1,0,0
Wipro_bulb,0,0.35975,0.00085,0.08274,0.07517,0.34394,0.34394,0.37489,0.35394,0.00000,0.00000,0.00000,0.48231,0.69143,0.50024,0.00000,0.00000,0,1,0
Wipro_bulb,0,0.35975,0.00211,0.08274,0.07517,0.27904,0.27904,0.31265,0.35394,0.00000,0.00000,0.00000,0.48231,0.69143,0.55062,0.00000,0.00000,0,1,0
Wipro_bulb,0,0.35975,0.00486,0.08274,0.07517,0.21992,0.21992,0.25542,0.35394,0.00000,0.00000,0.00000,0.48231,0.69143,0.59741,0.00000,0.00000,0,1,0
Wipro_bulb,0,0.79411,0.40646,0.38893,0.31344,0.02626,0.01885,0.03797,0.26491,0.50000,0.39875,0.00000,0.33269,0.41163,0.78127,1.00000,0.75607,1,0,0
Wipro_bulb,0,0.35975,0.00025,0.08274,0.07517,0.43365,0.43365,0.46053,0.35394,0.00000,0.00000,0.00000,0.48231,0.69408,0.43122,0.00000,0.00000,0,1,0
Wipro_bulb,0,0.79411,0.33572,0.31504,0.26003,0.02786,0.02232,0.04167,0.29133,0.50000,0.33450,0.00000,0.37252,0.44186,0.77620,1.00000,0.75607,1,0,0
Wipro_bulb,0,0.79411,0.02748,0.08274,0.07517,0.10294,0.10294,0.13688,0.35394,0.31546,0.07395,0.28906,0.00000,0.00000,0.69946,0.00000,0.75607,1,0,0
Wipro_bulb,0,0.79411,0.41926,0.44331,0.36883,0.03467,0.02667,0.04980,0.27841,0.50000,0.45171,0.00000,0.47540,0.49846,0.76050,1.00000,0.75607,1,0,0
Wipro_bulb,0,0.79411,0.39163,0.36344,0.30724,0.02471,0.02040,0.03787,0.30014,0.50000,0.38230,0.00000,0.37311,0.40775,0.78168,1.00000,0.75607,1,0,0
Wipro_bulb,0,0.35975,0.00345,0.08274,0.07517,0.24428,0.24428,0.27909,0.35394,0.00000,0.00000,0.00000,0.48231,0.69143,0.57798,0.00000,0.00000,0,1,0
Wipro_bulb,0,0.79411,0.45192,0.44036,0.37239,0.02592,0.02071,0.03903,0.29133,0.50000,0.45171,0.00000,0.39387,0.46033,0.77875,1.00000,0.75607,1,0,0
Wipro_bulb,0,0.06251,0.00001,0.13115,0.00000,0.70128,0.00000,0.66789,0.00000,0.00000,0.00000,0.00000,0.65415,0.00000,0.26487,0.00000,0.00000,0,0,1
Wipro_bulb,0,0.35975,0.00069,0.08274,0.07517,0.35928,0.35928,0.38955,0.35394,0.00000,0.00000,0.00000,0.48231,0.69143,0.48840,0.00000,0.00000,0,1,0
Wipro_bulb,0,0.35975,0.00197,0.08274,0.07517,0.28424,0.28424,0.31765,0.35394,0.00000,0.00000,0.00000,0.48231,0.69143,0.54656,0.00000,0.00000,0,1,0
Wipro_bulb,0,0.54976,0.10568,0.28625,0.26947,0.13321,0.13905,0.17191,0.37885,0.50000,0.32480,0.45816,0.61293,0.57848,0.65377,0.75607,1.00000,1,0,0
Wipro_bulb,0,0.54976,0.59084,0.21389,0.07517,0.00098,0.00020,0.00112,0.09310,0.50000,0.19115,0.00000,0.47052,0.00000,1.00000,0.75607,0.68754,1,0,0
Wipro_bulb,0,0.79411,0.00000,0.00000,0.07517,0.00000,0.00000,0.00000,0.00000,0.00000,0.07395,0.00000,0.00000,0.00000,0.00000,0.00000,0.75339,1,0,0
Wipro_bulb,0,0.79410,0.86561,0.83994,0.00000,0.01316,0.00000,0.01253,0.00000,0.00000,0.00000,0.00000,0.71716,0.00000,0.85205,0.00000,0.00000,0,1,0
Wipro_bulb,0,0.54976,0.04950,0.28625,0.26947,0.20282,0.20930,0.24194,0.37885,0.50000,0.32480,0.45816,0.61018,0.56286,0.58492,0.75607,1.00000,1,0,0
Wipro_bulb,0,0.79411,0.00000,0.00000,0.07517,0.00000,0.00000,0.00000,0.00000,0.00000,0.07395,0.00000,0.00000,0.00000,0.00000,0.00000,0.75339,1,0,0
Wipro_bulb,0,0.79411,0.39163,0.36344,0.30724,0.02471,0.02040,0.03787,0.30014,0.50000,0.38230,0.00000,0.37311,0.40775,0.78168,1.00000,0.75607,1,0,0
Wipro_bulb,0,0.79411,0.36441,0.33821,0.30066,0.02589,0.02452,0.04176,0.33773,0.50000,0.36635,0.00000,0.36221,0.48190,0.77488,1.00000,0.75607,1,0,0
Wipro_bulb,0,0.54976,0.00153,0.16549,0.00000,0.38070,0.00000,0.36257,0.00000,0.00000,0.14789,0.57813,0.00000,0.00000,0.49430,0.75607,0.00000,1,0,0
Wipro_bulb,0,0.35975,0.00970,0.08274,0.07517,0.17184,0.17184,0.20803,0.35394,0.00000,0.00000,0.00000,0.48231,0.69143,0.63690,0.00000,0.00000,0,1,0
Wipro_bulb,0,0.54976,0.14184,0.29663,0.27815,0.10886,0.11380,0.14593,0.37664,0.50000,0.33450,0.00000,0.55699,0.55973,0.65658,0.75607,0.91965,1,0,0
Wipro_bulb,0,0.54976,0.07446,0.28625,0.26947,0.16654,0.17276,0.20591,0.37885,0.50000,0.32480,0.45816,0.61293,0.57550,0.61027,0.75607,1.00000,1,0,0
Wipro_bulb,0,0.54976,0.04937,0.28625,0.26947,0.20305,0.20954,0.24217,0.37885,0.50000,0.32480,0.45816,0.61293,0.57550,0.57919,0.75607,1.00000,1,0,0
Wipro_bulb,0,0.35975,0.00191,0.08274,0.07517,0.28642,0.28642,0.31975,0.35394,0.00000,0.00000,0.00000,0.48231,0.69143,0.54486,0.00000,0.00000,0,1,0
Wipro_bulb,0,0.54976,0.07309,0.28625,0.26947,0.16825,0.17449,0.20763,0.37885,0.50000,0.32480,0.45816,0.61293,0.57848,0.60882,0.75607,1.00000,1,0,0
Wipro_bulb,0,0.79410,0.65473,0.53173,0.00000,0.00838,0.00000,0.00798,0.00000,0.00000,0.00000,0.00000,0.71716,0.00000,0.87947,0.00000,0.00000,0,1,0
Wipro_bulb,0,0.79410,0.30493,0.21389,0.00000,0.01609,0.00000,0.01532,0.00000,0.00000,0.00000,0.00000,0.71716,0.00000,0.85207,0.00000,0.00000,0,1,0
Wipro_bulb,0,0.79411,0.00002,0.00000,0.11913,0.00000,0.67996,0.64758,0.00000,0.00000,0.11720,0.00000,0.00000,0.52705,0.28108,0.00000,0.75557,1,0,0
Wipro_bulb,0,0.54976,0.18665,0.28625,0.29366,0.07517,0.09178,0.11591,0.44704,0.50000,0.33904,0.45816,0.61293,0.54296,0.68438,0.75607,1.00000,1,0,0
Wipro_bulb,0,0.06251,0.36266,0.21389,0.00000,0.00928,0.00000,0.00884,0.00000,0.00000,0.00000,0.00000,0.61394,0.00000,0.88511,0.00000,0.00000,0,0,1
Wipro_bulb,0,0.79411,0.43124,0.39778,0.32486,0.02265,0.01665,0.03350,0.27206,0.50000,0.40845,0.00000,0.46299,0.53787,0.79007,1.00000,0.75607,1,0,0
Wipro_bulb,0,0.79411,0.45888,0.50716,0.43257,0.03883,0.03151,0.05604,0.29101,0.50000,0.51251,0.00000,0.51527,0.48207,0.75079,1.00000,0.75607,1,0,0
Wipro_bulb,0,0.54976,0.04713,0.29663,0.26947,0.21354,0.21354,0.24919,0.35394,0.50000,0.32976,0.45816,0.58248,0.55952,0.57584,0.75607,1.00000,1,0,0
Wipro_bulb,0,0.54976,0.08288,0.28625,0.29366,0.15658,0.17846,0.20453,0.44704,0.50000,0.33904,0.45816,0.58924,0.57013,0.61049,0.75607,1.00000,1,0,0
Wipro_bulb,0,0.35975,0.00067,0.08274,0.07517,0.36192,0.36192,0.39207,0.35394,0.00000,0.00000,0.00000,0.48231,0.69143,0.48637,0.00000,0.00000,0,1,0
Wipro_bulb,0,0.54976,0.05610,0.28625,0.26947,0.19196,0.19838,0.23123,0.37885,0.50000,0.32480,0.45816,0.59860,0.58426,0.58885,0.75607,1.00000,1,0,0
Wipro_bulb,0,0.35975,0.00423,0.08274,0.07517,0.22975,0.22975,0.26499,0.35394,0.00000,0.00000,0.00000,0.48231,0.69408,0.58954,0.00000,0.00000,0,1,0
Wipro_bulb,0,0.54976,0.05904,0.28625,0.26947,0.18747,0.19385,0.22678,0.37885,0.50000,0.32480,0.45816,0.61293,0.57550,0.59258,0.75607,1.00000,1,0,0
Wipro_bulb,0,0.79410,0.91646,0.90047,0.00000,0.01315,0.00000,0.01253,0.00000,0.00000,0.00000,0.00000,0.71716,0.00000,0.85205,0.00000,0.00000,0,1,0
Wipro_bulb,0,0.79410,0.64317,0.53583,0.00000,0.00965,0.00000,0.00919,0.00000,0.00000,0.00000,0.00000,0.71716,0.00000,0.87114,0.00000,0.00000,0,1,0
ARP_poisioning,1,0.77431,0.00000,0.08274,0.00000,0.00000,0.00000,0.00000,0.00000,0.00000,0.00000,0.00000,0.51680,0.00000,0.00000,0.00000,0.00000,0,1,0
ARP_poisioning,1,0.35975,0.00002,0.13115,0.11913,0.67776,0.67776,0.69310,0.35394,0.00000,0.00000,0.00000,0.53282,0.54757,0.22274,0.00000,0.00000,0,1,0
ARP_poisioning,1,0.44437,0.00000,0.08274,0.00000,0.00000,0.00000,0.00000,0.00000,0.00000,0.00000,0.00000,0.54718,0.00000,0.00000,0.00000,0.00000,0,1,0
ARP_poisioning,1,0.54976,0.00000,0.08274,0.00000,0.00000,0.00000,0.00000,0.00000,0.31546,0.00000,0.00000,0.00000,0.00000,0.00000,0.99820,0.00000,1,0,0
ARP_poisioning,1,0.54976,0.51519,0.37430,0.31930,0.00875,0.00724,0.01447,0.30527,0.50000,0.39354,0.00000,0.57456,0.63031,0.84464,0.99820,1.00000,1,0,0
ARP_poisioning,1,0.35975,0.32572,0.35761,0.31344,0.04095,0.03759,0.06151,0.32633,0.50000,0.38230,0.00000,0.42404,0.57573,0.74424,0.99820,0.99948,1,0,0
ARP_poisioning,1,0.77431,0.00000,0.08274,0.00000,0.00000,0.00000,0.00000,0.00000,0.00000,0.00000,0.00000,0.51680,0.00000,0.00000,0.00000,0.00000,0,1,0
ARP_poisioning,1,0.54976,0.24322,0.30619,0.24970,0.05554,0.04515,0.07615,0.28575,0.50000,0.31959,0.28906,0.71975,0.69241,0.72718,0.99820,0.91851,1,0,0
ARP_poisioning,1,0.77431,0.00000,0.08274,0.00000,0.00000,0.00000,0.00000,0.00000,0.00000,0.00000,0.00000,0.51680,0.00000,0.00000,0.00000,0.00000,0,1,0
ARP_poisioning,1,0.77431,0.00000,0.08274,0.00000,0.00000,0.00000,0.00000,0.00000,0.00000,0.00000,0.00000,0.53282,0.00000,0.00000,0.00000,0.00000,0,1,0
ARP_poisioning,1,0.35975,0.01564,0.13115,0.11913,0.18408,0.18408,0.22020,0.35394,0.00000,0.00000,0.00000,0.52976,0.61616,0.60426,0.00000,0.00000,0,1,0
ARP_poisioning,1,0.54976,0.25814,0.36344,0.33520,0.07012,0.07233,0.10130,0.36655,0.50000,0.39084,0.45816,0.58274,0.79357,0.69740,0.99820,0.92636,1,0,0
ARP_poisioning,1,0.35975,0.00003,0.13115,0.11913,0.64145,0.64145,0.65852,0.35394,0.00000,0.00000,0.00000,0.52976,0.61304,0.25015,0.00000,0.00000,0,1,0
ARP_poisioning,1,0.77431,0.00000,0.08274,0.00000,0.00000,0.00000,0.00000,0.00000,0.00000,0.00000,0.00000,0.54718,0.00000,0.00000,0.00000,0.00000,0,1,0
ARP_poisioning,1,0.77431,0.00000,0.08274,0.00000,0.00000,0.00000,0.00000,0.00000,0.00000,0.00000,0.00000,0.51337,0.00000,0.00000,0.00000,0.00000,0,1,0
ARP_poisioning,1,0.77431,0.00000,0.08274,0.00000,0.00000,0.00000,0.00000,0.00000,0.00000,0.00000,0.00000,0.53282,0.00000,0.00000,0.00000,0.00000,0,1,0
ARP_poisioning,1,0.35975,0.00001,0.13115,0.11913,0.68562,0.68562,0.70059,0.35394,0.00000,0.00000,0.00000,0.53282,0.54757,0.21683,0.00000,0.00000,0,1,0
ARP_poisioning,1,0.54976,0.19010,0.32327,0.26003,0.08968,0.07328,0.11364,0.27522,0.50000,0.33904,0.00000,0.54201,0.86567,0.68584,0.99820,0.91953,1,0,0
ARP_poisioning,1,0.54976,0.19390,0.30619,0.31930,0.07978,0.10060,0.12373,0.46788,0.00000,0.00000,0.00000,0.76282,0.80888,0.67549,0.00000,0.00000,0,1,0
ARP_poisioning,1,0.54976,0.01909,0.30619,0.26003,0.29308,0.28018,0.32023,0.30951,0.50000,0.32480,0.28906,0.58515,0.86268,0.50876,0.99820,1.00000,1,0,0
ARP_poisioning,1,0.35975,0.00055,0.13115,0.11913,0.42492,0.42492,0.45221,0.35394,0.00000,0.00000,0.00000,0.52976,0.67736,0.41554,0.00000,0.00000,0,1,0
ARP_poisioning,1,0.35975,0.00010,0.13115,0.11913,0.54818,0.54818,0.56967,0.35394,0.00000,0.00000,0.00000,0.56266,0.67130,0.32116,0.00000,0.00000,0,1,0
ARP_poisioning,1,0.77431,0.00000,0.08274,0.00000,0.00000,0.00000,0.00000,0.00000,0.00000,0.00000,0.00000,0.53282,0.00000,0.00000,0.00000,0.00000,0,1,0
ARP_poisioning,1,0.77431,0.00000,0.08274,0.00000,0.00000,0.00000,0.00000,0.00000,0.00000,0.00000,0.00000,0.53581,0.00000,0.00000,0.00000,0.00000,0,1,0
ARP_poisioning,1,0.77431,0.00000,0.08274,0.00000,0.00000,0.00000,0.00000,0.00000,0.00000,0.00000,0.00000,0.53581,0.00000,0.00000,0.00000,0.00000,0,1,0
ARP_poisioning,1,0.35975,0.00708,0.13115,0.11913,0.24117,0.24117,0.27608,0.35394,0.00000,0.00000,0.00000,0.54442,0.67834,0.55805,0.00000,0.00000,0,1,0
ARP_poisioning,1,0.54976,0.24338,0.31504,0.26947,0.05863,0.05218,0.08235,0.31307,0.50000,0.33450,0.28906,0.58306,0.79567,0.71977,0.99820,0.99948,1,0,0
ARP_poisioning,1,0.35975,0.04752,0.13115,0.11913,0.10511,0.10511,0.13922,0.35394,0.00000,0.00000,0.00000,0.52663,0.67932,0.67489,0.00000,0.00000,0,1,0
ARP_poisioning,1,0.35975,0.00023,0.08274,0.07517,0.43993,0.43993,0.46652,0.35394,0.00000,0.00000,0.00000,0.54442,0.68316,0.42641,0.00000,0.00000,0,1,0
ARP_poisioning,1,0.54976,0.51684,0.45442,0.40532,0.01631,0.01531,0.02740,0.33623,0.50000,0.47396,0.00000,0.59617,0.76851,0.80317,0.99820,0.91953,1,0,0
ARP_poisioning,1,0.77431,0.00000,0.08274,0.00000,0.00000,0.00000,0.00000,0.00000,0.00000,0.00000,0.00000,0.51680,0.00000,0.00000,0.00000,0.00000,0,1,0
ARP_poisioning,1,0.54976,0.53085,0.42442,0.36883,0.01135,0.00979,0.01885,0.31494,0.50000,0.44030,0.28906,0.49972,0.68788,0.82776,0.99820,0.99948,1,0,0
ARP_poisioning,1,0.35975,0.00722,0.13115,0.11913,0.23969,0.23969,0.27465,0.35394,0.00000,0.00000,0.00000,0.54718,0.55973,0.55922,0.00000,0.00000,0,1,0
ARP_poisioning,1,0.35975,0.00926,0.13115,0.11913,0.22178,0.22178,0.25723,0.35394,0.00000,0.00000,0.00000,0.54442,0.62366,0.57352,0.00000,0.00000,0,1,0
ARP_poisioning,1,0.54976,0.02758,0.29663,0.24970,0.25786,0.24383,0.28578,0.30527,0.50000,0.31412,0.28906,0.59709,0.82154,0.55014,0.99820,0.99948,1,0,0
ARP_poisioning,1,0.77431,0.00000,0.08274,0.00000,0.00000,0.00000,0.00000,0.00000,0.00000,0.00000,0.00000,0.53581,0.00000,0.00000,0.00000,0.00000,0,1,0
ARP_poisioning,1,0.35975,0.00003,0.13115,0.11913,0.64439,0.64439,0.66132,0.35394,0.00000,0.00000,0.00000,0.52663,0.57512,0.24793,0.00000,0.00000,0,1,0
ARP_poisioning,1,0.35975,0.00968,0.13115,0.11913,0.21857,0.21857,0.25410,0.35394,0.00000,0.00000,0.00000,0.52016,0.69143,0.57610,0.00000,0.00000,0,1,0
ARP_poisioning,1,0.44437,0.00000,0.08274,0.00000,0.00000,0.00000,0.00000,0.00000,0.00000,0.00000,0.00000,0.54718,0.00000,0.00000,0.00000,0.00000,0,1,0
ARP_poisioning,1,0.77431,0.00000,0.08274,0.00000,0.00000,0.00000,0.00000,0.00000,0.00000,0.00000,0.00000,0.51337,0.00000,0.00000,0.00000,0.00000,0,1,0
ARP_poisioning,1,0.35975,0.01291,0.13115,0.11913,0.19785,0.19785,0.23380,0.35394,0.00000,0.00000,0.00000,0.52976,0.73530,0.59332,0.00000,0.00000,0,1,0
ARP_poisioning,1,0.35975,0.00029,0.13115,0.11913,0.47071,0.47071,0.49586,0.35394,0.00000,0.00000,0.00000,0.53581,0.63885,0.38043,0.00000,0.00000,0,1,0
ARP_poisioning,1,0.35975,0.00224,0.13115,0.11913,0.32424,0.32424,0.35604,0.35394,0.00000,0.00000,0.00000,0.52016,0.65134,0.49307,0.00000,0.00000,0,1,0
ARP_poisioning,1,0.35975,0.00002,0.13115,0.11913,0.67954,0.67954,0.69479,0.35394,0.00000,0.00000,0.00000,0.56019,0.61461,0.22140,0.00000,0.00000,0,1,0
ARP_poisioning,1,0.77431,0.00000,0.08274,0.00000,0.00000,0.00000,0.00000,0.00000,0.00000,0.00000,0.00000,0.52663,0.00000,0.00000,0.00000,0.00000,0,1,0
ARP_poisioning,1,0.44437,0.00000,0.08274,0.00000,0.00000,0.00000,0.00000,0.00000,0.00000,0.00000,0.00000,0.54718,0.00000,0.00000,0.00000,0.00000,0,1,0
ARP_poisioning,1,0.77431,0.00000,0.08274,0.00000,0.00000,0.00000,0.00000,0.00000,0.00000,0.00000,0.00000,0.47333,0.00000,0.00000,0.00000,0.00000,0,1,0
ARP_poisioning,1,0.35975,0.00004,0.13115,0.11913,0.61827,0.61827,0.63644,0.35394,0.00000,0.00000,0.00000,0.52016,0.69143,0.26774,0.00000,0.00000,0,1,0
ARP_poisioning,1,0.77431,0.00000,0.08274,0.00000,0.00000,0.00000,0.00000,0.00000,0.00000,0.00000,0.00000,0.47333,0.00000,0.00000,0.00000,0.00000,0,1,0
ARP_poisioning,1,0.35975,0.00491,0.13115,0.11913,0.26755,0.26755,0.30158,0.35394,0.00000,0.00000,0.00000,0.52976,0.63352,0.53723,0.00000,0.00000,0,1,0
ARP_poisioning,1,0.35975,0.00002,0.13115,0.11913,0.67076,0.67076,0.68643,0.35394,0.00000,0.00000,0.00000,0.52663,0.57922,0.22800,0.00000,0.00000,0,1,0
ARP_poisioning,1,0.54976,0.01538,0.34504,0.30066,0.33458,0.32565,0.36179,0.32298,0.50000,0.36974,0.00000,0.53754,0.89543,0.47429,0.99820,1.00000,1,0,0
ARP_poisioning,1,0.35975,0.00002,0.13115,0.11913,0.65688,0.65688,0.67321,0.35394,0.00000,0.00000,0.00000,0.52343,0.63216,0.23848,0.00000,0.00000,0,1,0
ARP_poisioning,1,0.35975,0.00581,0.13115,0.11913,0.25542,0.25542,0.28987,0.35394,0.00000,0.00000,0.00000,0.53282,0.56654,0.54677,0.00000,0.00000,0,1,0
ARP_poisioning,1,0.35975,0.00001,0.13115,0.11913,0.68808,0.68808,0.70294,0.35394,0.00000,0.00000,0.00000,0.53282,0.54757,0.21498,0.00000,0.00000,0,1,0
ARP_poisioning,1,0.44437,0.00000,0.08274,0.00000,0.00000,0.00000,0.00000,0.00000,0.00000,0.00000,0.00000,0.54718,0.00000,0.00000,0.00000,0.00000,0,1,0
ARP_poisioning,1,0.35975,0.00002,0.13115,0.11913,0.66361,0.66361,0.67963,0.35394,0.00000,0.00000,0.00000,0.52663,0.57512,0.23339,0.00000,0.00000,0,1,0
ARP_poisioning,1,0.77431,0.00000,0.08274,0.00000,0.00000,0.00000,0.00000,0.00000,0.00000,0.00000,0.00000,0.47333,0.00000,0.00000,0.00000,0.00000,0,1,0
ARP_poisioning,1,0.35975,0.00003,0.13115,0.11913,0.63137,0.63137,0.64892,0.35394,0.00000,0.00000,0.00000,0.52663,0.57512,0.25779,0.00000,0.00000,0,1,0
ARP_poisioning,1,0.54976,0.77856,0.55782,0.51071,0.00314,0.00326,0.00597,0.36348,0.50000,0.57296,0.28906,0.58593,0.52838,0.89592,0.99820,0.99593,1,0,0
ARP_poisioning,1,0.35975,0.00003,0.13115,0.11913,0.64355,0.64355,0.66051,0.35394,0.00000,0.00000,0.00000,0.54718,0.69053,0.24856,0.00000,0.00000,0,1,0
ARP_poisioning,1,0.77431,0.00000,0.08274,0.00000,0.00000,0.00000,0.00000,0.00000,0.00000,0.00000,0.00000,0.47333,0.00000,0.00000,0.00000,0.00000,0,1,0
ARP_poisioning,1,0.00000,0.00052,0.19213,0.00000,0.47949,0.00000,0.45665,0.00000,0.00000,0.00000,0.00000,0.60451,0.00000,0.41196,0.00000,0.00000,0,0,1
ARP_poisioning,1,0.35975,0.00008,0.13115,0.11913,0.56370,0.56370,0.58446,0.35394,0.00000,0.00000,0.00000,0.53282,0.54757,0.30931,0.00000,0.00000,0,1,0
ARP_poisioning,1,0.77431,0.00000,0.08274,0.00000,0.00000,0.00000,0.00000,0.00000,0.00000,0.00000,0.00000,0.51337,0.00000,0.00000,0.00000,0.00000,0,1,0
ARP_poisioning,1,0.77431,0.16165,0.16549,0.00000,0.04018,0.00000,0.03827,0.00000,0.00000,0.00000,0.00000,0.66154,0.00000,0.80175,0.00000,0.00000,0,1,0
ARP_poisioning,1,0.54976,0.32278,0.33821,0.27815,0.03671,0.02913,0.05294,0.28575,0.50000,0.35549,0.00000,0.61037,0.86895,0.75689,0.99820,0.81249,1,0,0
ARP_poisioning,1,0.35975,0.00022,0.13115,0.11913,0.49232,0.49232,0.51646,0.35394,0.00000,0.00000,0.00000,0.52016,0.72242,0.36387,0.00000,0.00000,0,1,0
ARP_poisioning,1,0.77431,0.00000,0.08274,0.00000,0.00000,0.00000,0.00000,0.00000,0.00000,0.00000,0.00000,0.52663,0.00000,0.00000,0.00000,0.00000,0,1,0
ARP_poisioning,1,0.54976,0.19448,0.29663,0.21102,0.07533,0.05016,0.09253,0.22228,0.50000,0.28154,0.57813,0.59179,0.66297,0.70871,0.99820,1.00000,1,0,0
ARP_poisioning,1,0.35975,0.00001,0.13115,0.11913,0.69064,0.69064,0.70537,0.35394,0.00000,0.00000,0.00000,0.53282,0.54757,0.21306,0.00000,0.00000,0,1,0
ARP_poisioning,1,0.77431,0.00000,0.08274,0.00000,0.00000,0.00000,0.00000,0.00000,0.00000,0.00000,0.00000,0.53282,0.00000,0.00000,0.00000,0.00000,0,1,0
ARP_poisioning,1,0.35975,0.00021,0.13115,0.11913,0.49634,0.49634,0.52029,0.35394,0.00000,0.00000,0.00000,0.56266,0.71660,0.36080,0.00000,0.00000,0,1,0
ARP_poisioning,1,0.39632,0.12043,0.26229,0.19430,0.10745,0.08270,0.12946,0.24791,0.63093,0.26510,0.00000,0.43483,0.46960,0.67846,0.99820,0.99894,1,0,0
ARP_poisioning,1,0.39632,0.47696,0.34504,0.30066,0.00986,0.00876,0.01672,0.32298,0.50000,0.36974,0.00000,0.45215,0.56989,0.83607,0.99820,1.00000,1,0,0
ARP_poisioning,1,0.35975,0.00001,0.13115,0.11913,0.68905,0.68905,0.70385,0.35394,0.00000,0.00000,0.00000,0.53282,0.54757,0.21425,0.00000,0.00000,0,1,0
ARP_poisioning,1,0.54976,0.45390,0.74972,0.73273,0.13819,0.16847,0.19102,0.49019,0.00000,0.00000,0.00000,0.86442,0.93279,0.61312,0.00000,0.00000,0,1,0
ARP_poisioning,1,0.35975,0.00001,0.13115,0.11913,0.69014,0.69014,0.70490,0.35394,0.00000,0.00000,0.00000,0.53874,0.64771,0.21343,0.00000,0.00000,0,1,0
ARP_poisioning,1,0.54976,0.02759,0.32327,0.26947,0.27481,0.25785,0.30088,0.29607,0.50000,0.34340,0.00000,0.56404,0.83934,0.52417,0.99820,1.00000,1,0,0
ARP_poisioning,1,0.77431,0.00000,0.08274,0.00000,0.00000,0.00000,0.00000,0.00000,0.00000,0.00000,0.00000,0.53282,0.00000,0.00000,0.00000,0.00000,0,1,0
ARP_poisioning,1,0.54976,0.24323,0.30619,0.26003,0.05554,0.04878,0.07831,0.30951,0.50000,0.32480,0.28906,0.72460,0.82744,0.72435,0.99820,0.91851,1,0,0
ARP_poisioning,1,0.77431,0.00000,0.08274,0.00000,0.00000,0.00000,0.00000,0.00000,0.00000,0.00000,0.00000,0.51680,0.00000,0.00000,0.00000,0.00000,0,1,0
ARP_poisioning,1,0.54976,0.39850,0.23229,0.15033,0.00781,0.00401,0.01087,0.20704,0.00000,0.24565,0.00000,0.42697,0.38343,0.86705,0.56072,0.21621,1,0,0
ARP_poisioning,1,0.77431,0.00000,0.08274,0.00000,0.00000,0.00000,0.00000,0.00000,0.00000,0.00000,0.00000,0.53581,0.00000,0.00000,0.00000,0.00000,0,1,0
ARP_poisioning,1,0.35975,0.00496,0.13115,0.11913,0.26684,0.26684,0.30090,0.35394,0.00000,0.00000,0.00000,0.53874,0.64771,0.53779,0.00000,0.00000,0,1,0
ARP_poisioning,1,0.77431,0.00000,0.08274,0.00000,0.00000,0.00000,0.00000,0.00000,0.00000,0.00000,0.00000,0.53874,0.00000,0.00000,0.00000,0.00000,0,1,0
ARP_poisioning,1,0.77431,0.00000,0.08274,0.00000,0.00000,0.00000,0.00000,0.00000,0.00000,0.00000,0.00000,0.51337,0.00000,0.00000,0.00000,0.00000,0,1,0
ARP_poisioning,1,0.35975,0.00002,0.13115,0.11913,0.67964,0.67964,0.69489,0.35394,0.00000,0.00000,0.00000,0.52663,0.57922,0.22132,0.00000,0.00000,0,1,0
ARP_poisioning,1,0.54976,0.01132,0.35149,0.28618,0.36211,0.33882,0.38203,0.27758,0.50000,0.35161,0.67119,0.60993,0.91590,0.45801,0.99820,0.92636,1,0,0
ARP_poisioning,1,0.54976,0.00959,0.16549,0.11913,0.24733,0.21924,0.26974,0.26084,0.50000,0.17170,0.28906,0.71743,0.00000,0.55967,0.99820,0.99948,1,0,0
ARP_poisioning,1,0.77431,0.00000,0.08274,0.00000,0.00000,0.00000,0.00000,0.00000,0.00000,0.00000,0.00000,0.53874,0.00000,0.00000,0.00000,0.00000,0,1,0
ARP_poisioning,1,0.35975,0.00001,0.08274,0.07517,0.69670,0.69670,0.71114,0.35394,0.00000,0.00000,0.00000,0.56266,0.58896,0.23049,0.00000,0.00000,0,1,0
ARP_poisioning,1,0.44437,0.00000,0.08274,0.00000,0.00000,0.00000,0.00000,0.00000,0.00000,0.00000,0.00000,0.54718,0.00000,0.00000,0.00000,0.00000,0,1,0
ARP_poisioning,1,0.77431,0.00000,0.08274,0.00000,0.00000,0.00000,0.00000,0.00000,0.00000,0.00000,0.00000,0.53282,0.00000,0.00000,0.00000,0.00000,0,1,0
ARP_poisioning,1,0.44437,0.00000,0.08274,0.00000,0.00000,0.00000,0.00000,0.00000,0.00000,0.00000,0.00000,0.54718,0.00000,0.00000,0.00000,0.00000,0,1,0
ARP_poisioning,1,0.54976,0.02221,0.16549,0.17453,0.18547,0.20483,0.23178,0.43265,0.00000,0.00000,0.00000,0.86943,0.86011,0.58721,0.00000,0.00000,0,1,0
ARP_poisioning,1,0.35975,0.00649,0.13115,0.11913,0.24736,0.24736,0.28208,0.35394,0.00000,0.00000,0.00000,0.53874,0.64771,0.55314,0.00000,0.00000,0,1,0
ARP_poisioning,1,0.77431,0.00000,0.08274,0.00000,0.00000,0.00000,0.00000,0.00000,0.00000,0.00000,0.00000,0.47333,0.00000,0.00000,0.00000,0.00000,0,1,0
ARP_poisioning,1,0.35975,0.00011,0.13115,0.11913,0.54015,0.54015,0.56203,0.35394,0.00000,0.00000,0.00000,0.55253,0.69922,0.32729,0.00000,0.00000,0,1,0
ARP_poisioning,1,0.35975,0.01001,0.13115,0.11913,0.21618,0.21618,0.25177,0.35394,0.00000,0.00000,0.00000,0.55253,0.72242,0.57802,0.00000,0.00000,0,1,0
ARP_poisioning,1,0.54976,0.51523,0.37430,0.31344,0.00875,0.00685,0.01414,0.29234,0.50000,0.39084,0.00000,0.58411,0.81110,0.84609,0.99820,0.91953,1,0,0
ARP_poisioning,1,0.35975,0.00006,0.08274,0.07517,0.54095,0.54095,0.56279,0.35394,0.00000,0.00000,0.00000,0.52663,0.62071,0.34903,0.00000,0.00000,0,1,0
ARP_poisioning,1,0.35975,0.00004,0.13115,0.11913,0.61244,0.61244,0.63089,0.35394,0.00000,0.00000,0.00000,0.53282,0.54757,0.27217,0.00000,0.00000,0,1,0
ARP_poisioning,1,0.77431,0.26395,0.19213,0.00000,0.01941,0.00000,0.01848,0.00000,0.00000,0.00000,0.00000,0.66154,0.00000,0.84394,0.00000,0.00000,0,1,0
ARP_poisioning,1,0.35975,0.00222,0.13115,0.11913,0.32463,0.32463,0.35641,0.35394,0.00000,0.00000,0.00000,0.52016,0.65134,0.49277,0.00000,0.00000,0,1,0
ARP_poisioning,1,0.77431,0.00000,0.08274,0.00000,0.00000,0.00000,0.00000,0.00000,0.00000,0.00000,0.00000,0.53581,0.00000,0.00000,0.00000,0.00000,0,1,0
ARP_poisioning,1,0.77431,0.00000,0.08274,0.00000,0.00000,0.00000,0.00000,0.00000,0.00000,0.00000,0.00000,0.53581,0.00000,0.00000,0.00000,0.00000,0,1,0
ARP_poisioning,1,0.77431,0.00000,0.08274,0.00000,0.00000,0.00000,0.00000,0.00000,0.00000,0.00000,0.00000,0.52663,0.00000,0.00000,0.00000,0.00000,0,1,0
ARP_poisioning,1,0.35975,0.00015,0.13115,0.11913,0.51996,0.51996,0.54280,0.35394,0.00000,0.00000,0.00000,0.54442,0.57512,0.34272,0.00000,0.00000,0,1,0
ARP_poisioning,1,0.54976,0.02747,0.32327,0.27815,0.27516,0.26430,0.30388,0.31610,0.50000,0.34758,0.00000,0.59749,0.58754,0.52164,0.99820,1.00000,1,0,0
ARP_poisioning,1,0.35975,0.00652,0.13115,0.11913,0.24711,0.24711,0.28183,0.35394,0.00000,0.00000,0.00000,0.52976,0.69581,0.55334,0.00000,0.00000,0,1,0
ARP_poisioning,1,0.77431,0.00000,0.08274,0.00000,0.00000,0.00000,0.00000,0.00000,0.00000,0.00000,0.00000,0.53581,0.00000,0.00000,0.00000,0.00000,0,1,0
ARP_poisioning,1,0.39632,0.00013,0.13115,0.07517,0.52869,0.47874,0.53136,0.20704,0.50000,0.07395,0.28906,0.00000,0.00000,0.35840,0.99820,0.99948,1,0,0
ARP_poisioning,1,0.77431,0.00000,0.08274,0.00000,0.00000,0.00000,0.00000,0.00000,0.00000,0.00000,0.00000,0.51680,0.00000,0.00000,0.00000,0.00000,0,1,0
ARP_poisioning,1,0.54976,0.02473,0.21389,0.23827,0.21181,0.24426,0.26508,0.48791,0.00000,0.00000,0.00000,0.93943,0.86760,0.55560,0.00000,0.00000,0,1,0
ARP_poisioning,1,0.77431,0.00000,0.08274,0.00000,0.00000,0.00000,0.00000,0.00000,0.00000,0.00000,0.00000,0.53282,0.00000,0.00000,0.00000,0.00000,0,1,0
ARP_poisioning,1,0.35975,0.00006,0.13115,0.11913,0.58587,0.58587,0.60558,0.35394,0.00000,0.00000,0.00000,0.53282,0.54757,0.29240,0.00000,0.00000,0,1,0
ARP_poisioning,1,0.54976,0.40960,0.35761,0.29366,0.02021,0.01541,0.03062,0.28190,0.50000,0.36974,0.28906,0.55661,0.57272,0.79671,0.99820,1.00000,1,0,0
ARP_poisioning,1,0.77431,0.00000,0.08274,0.00000,0.00000,0.00000,0.00000,0.00000,0.00000,0.00000,0.00000,0.52663,0.00000,0.00000,0.00000,0.00000,0,1,0
ARP_poisioning,1,0.35975,0.05743,0.13115,0.11913,0.09205,0.09205,0.12496,0.35394,0.00000,0.00000,0.00000,0.56979,0.71586,0.68833,0.00000,0.00000,0,1,0
ARP_poisioning,1,0.77431,0.00000,0.08274,0.00000,0.00000,0.00000,0.00000,0.00000,0.00000,0.00000,0.00000,0.53874,0.00000,0.00000,0.00000,0.00000,0,1,0
ARP_poisioning,1,0.35975,0.00002,0.13115,0.11913,0.65150,0.65150,0.66809,0.35394,0.00000,0.00000,0.00000,0.56745,0.60323,0.24254,0.00000,0.00000,0,1,0
ARP_poisioning,1,0.54976,0.02351,0.30619,0.26947,0.27670,0.27057,0.30751,0.33221,0.50000,0.32480,0.45816,0.58515,0.80537,0.51898,0.99820,1.00000,1,0,0
ARP_poisioning,1,0.35975,0.00003,0.13115,0.11913,0.64114,0.64114,0.65822,0.35394,0.00000,0.00000,0.00000,0.52343,0.66604,0.25039,0.00000,0.00000,0,1,0
ARP_poisioning,1,0.77431,0.00000,0.08274,0.00000,0.00000,0.00000,0.00000,0.00000,0.00000,0.00000,0.00000,0.52663,0.00000,0.00000,0.00000,0.00000,0,1,0
ARP_poisioning,1,0.35975,0.00004,0.13115,0.11913,0.62344,0.62344,0.64137,0.35394,0.00000,0.00000,0.00000,0.52016,0.69143,0.26381,0.00000,0.00000,0,1,0
ARP_poisioning,1,0.54976,0.02580,0.36899,0.39446,0.30896,0.34939,0.36344,0.51875,0.00000,0.00000,0.00000,0.78317,0.95745,0.47216,0.00000,0.00000,0,1,0
ARP_poisioning,1,0.54976,0.24317,0.33098,0.27815,0.06466,0.05557,0.08821,0.30014,0.50000,0.34758,0.28906,0.80924,0.77724,0.71244,0.99820,0.91851,1,0,0
ARP_poisioning,1,0.35975,0.00002,0.13115,0.11913,0.66119,0.66119,0.67732,0.35394,0.00000,0.00000,0.00000,0.53282,0.54757,0.23522,0.00000,0.00000,0,1,0
ARP_poisioning,1,0.77431,0.00000,0.08274,0.00000,0.00000,0.00000,0.00000,0.00000,0.00000,0.00000,0.00000,0.47333,0.00000,0.00000,0.00000,0.00000,0,1,0
ARP_poisioning,1,0.44437,0.00000,0.08274,0.00000,0.00000,0.00000,0.00000,0.00000,0.00000,0.00000,0.00000,0.54718,0.00000,0.00000,0.00000,0.00000,0,1,0
ARP_poisioning,1,0.35975,0.00003,0.13115,0.11913,0.63072,0.63072,0.64830,0.35394,0.00000,0.00000,0.00000,0.53282,0.54757,0.25829,0.00000,0.00000,0,1,0
ARP_poisioning,1,0.77431,0.00000,0.08274,0.00000,0.00000,0.00000,0.00000,0.00000,0.00000,0.00000,0.00000,0.52663,0.00000,0.00000,0.00000,0.00000,0,1,0
ARP_poisioning,1,0.35975,0.30797,0.43734,0.36135,0.07527,0.06029,0.09770,0.27410,0.50000,0.44534,0.00000,0.43981,0.62933,0.70068,0.99820,0.99948,1,0,0
ARP_poisioning,1,0.54976,0.51540,0.38893,0.32486,0.00985,0.00760,0.01574,0.28866,0.50000,0.40371,0.00000,0.54172,0.79315,0.83936,0.99820,1.00000,1,0,0
ARP_poisioning,1,0.35975,0.00002,0.13115,0.11913,0.68516,0.68516,0.70015,0.35394,0.00000,0.00000,0.00000,0.53282,0.54757,0.21717,0.00000,0.00000,0,1,0
ARP_poisioning,1,0.77431,0.00000,0.08274,0.00000,0.00000,0.00000,0.00000,0.00000,0.00000,0.00000,0.00000,0.51680,0.00000,0.00000,0.00000,0.00000,0,1,0
ARP_poisioning,1,0.77431,0.00000,0.08274,0.00000,0.00000,0.00000,0.00000,0.00000,0.00000,0.00000,0.00000,0.51680,0.00000,0.00000,0.00000,0.00000,0,1,0
ARP_poisioning,1,0.35975,0.00002,0.13115,0.11913,0.65215,0.65215,0.66871,0.35394,0.00000,0.00000,0.00000,0.53282,0.54757,0.24205,0.00000,0.00000,0,1,0
ARP_poisioning,1,0.54976,0.29349,0.36899,0.31344,0.05633,0.04847,0.07864,0.30283,0.50000,0.38522,0.28906,0.83421,0.83873,0.72274,0.99820,0.91851,1,0,0
ARP_poisioning,1,0.54976,0.01680,0.16549,0.19430,0.20613,0.24131,0.26119,0.50083,0.00000,0.00000,0.00000,0.86943,0.89781,0.56175,0.00000,0.00000,0,1,0
ARP_poisioning,1,0.77431,0.00000,0.08274,0.00000,0.00000,0.00000,0.00000,0.00000,0.00000,0.00000,0.00000,0.53581,0.00000,0.00000,0.00000,0.00000,0,1,0
ARP_poisioning,1,0.77431,0.00000,0.08274,0.00000,0.00000,0.00000,0.00000,0.00000,0.00000,0.00000,0.00000,0.52663,0.00000,0.00000,0.00000,0.00000,0,1,0
ARP_poisioning,1,0.54976,0.41508,0.35761,0.30066,0.01925,0.01560,0.02999,0.29714,0.50000,0.37620,0.00000,0.59281,0.82031,0.79808,0.99820,0.91953,1,0,0
ARP_poisioning,1,0.54976,0.14467,0.35149,0.29366,0.13562,0.12057,0.16395,0.29379,0.50000,0.36635,0.28906,0.70483,0.54775,0.63966,0.99820,0.91953,1,0,0
ARP_poisioning,1,0.54976,0.24229,0.30619,0.24970,0.05594,0.04549,0.07662,0.28575,0.50000,0.31959,0.28906,0.71975,0.65384,0.72678,0.99820,0.91851,1,0,0
ARP_poisioning,1,0.54976,0.51533,0.34504,0.28618,0.00684,0.00529,0.01112,0.29003,0.50000,0.36285,0.00000,0.58219,0.58852,0.86108,0.99820,1.00000,1,0,0
ARP_poisioning,1,0.35975,0.01481,0.13115,0.11913,0.18800,0.18800,0.22408,0.35394,0.00000,0.00000,0.00000,0.51680,0.64399,0.60101,0.00000,0.00000,0,1,0
ARP_poisioning,1,0.35975,0.00003,0.13115,0.11913,0.62462,0.62462,0.64249,0.35394,0.00000,0.00000,0.00000,0.52016,0.65945,0.26291,0.00000,0.00000,0,1,0
ARP_poisioning,1,0.54976,0.24222,0.30619,0.26003,0.05597,0.04917,0.07882,0.30951,0.50000,0.32480,0.28906,0.72473,0.81581,0.72381,0.99820,0.91851,1,0,0
ARP_poisioning,1,0.35975,0.00001,0.13115,0.11913,0.68749,0.68749,0.70237,0.35394,0.00000,0.00000,0.00000,0.54442,0.59082,0.21542,0.00000,0.00000,0,1,0
ARP_poisioning,1,0.44437,0.00000,0.08274,0.00000,0.00000,0.00000,0.00000,0.00000,0.00000,0.00000,0.00000,0.54718,0.00000,0.00000,0.00000,0.00000,0,1,0
ARP_poisioning,1,0.44437,0.00000,0.08274,0.00000,0.00000,0.00000,0.00000,0.00000,0.00000,0.00000,0.00000,0.54718,0.00000,0.00000,0.00000,0.00000,0,1,0
ARP_poisioning,1,0.77431,0.00000,0.08274,0.00000,0.00000,0.00000,0.00000,0.00000,0.00000,0.00000,0.00000,0.54718,0.00000,0.00000,0.00000,0.00000,0,1,0
ARP_poisioning,1,0.54976,0.23723,0.28625,0.32486,0.05115,0.07831,0.09513,0.54367,0.00000,0.00000,0.00000,0.76829,0.82881,0.70451,0.00000,0.00000,0,1,0
ARP_poisioning,1,0.54976,0.01259,0.16549,0.19430,0.22742,0.26303,0.28212,0.50083,0.00000,0.00000,0.00000,0.86934,0.89781,0.54459,0.00000,0.00000,0,1,0
ARP_poisioning,1,0.54976,0.01677,0.23229,0.26003,0.25418,0.29018,0.30818,0.50083,0.00000,0.00000,0.00000,0.86342,0.93440,0.51953,0.00000,0.00000,0,1,0
ARP_poisioning,1,0.35975,0.00001,0.13115,0.11913,0.68749,0.68749,0.70237,0.35394,0.00000,0.00000,0.00000,0.53282,0.54757,0.21542,0.00000,0.00000,0,1,0
ARP_poisioning,1,0.35975,0.00002,0.13115,0.11913,0.65122,0.65122,0.66782,0.35394,0.00000,0.00000,0.00000,0.51337,0.65371,0.24276,0.00000,0.00000,0,1,0
ARP_poisioning,1,0.77431,0.00000,0.08274,0.00000,0.00000,0.00000,0.00000,0.00000,0.00000,0.00000,0.00000,0.53581,0.00000,0.00000,0.00000,0.00000,0,1,0
ARP_poisioning,1,0.35975,0.00003,0.13115,0.11913,0.64089,0.64089,0.65799,0.35394,0.00000,0.00000,0.00000,0.53874,0.64771,0.25057,0.00000,0.00000,0,1,0
ARP_poisioning,1,0.35975,0.28555,0.43734,0.37239,0.08675,0.07526,0.11283,0.29714,0.50000,0.45015,0.00000,0.47695,0.63907,0.68511,0.99820,0.99948,1,0,0
ARP_poisioning,1,0.39632,0.15249,0.24823,0.19430,0.07810,0.06299,0.10095,0.27522,0.73249,0.24565,0.00000,0.36147,0.46960,0.70513,0.99820,0.99894,1,0,0
ARP_poisioning,1,0.35975,0.01183,0.13115,0.11913,0.20417,0.20417,0.24001,0.35394,0.00000,0.00000,0.00000,0.52016,0.65134,0.58775,0.00000,0.00000,0,1,0
ARP_poisioning,1,0.35975,0.01955,0.13115,0.11913,0.16807,0.16807,0.20426,0.35394,0.00000,0.00000,0.00000,0.55513,0.67736,0.61769,0.00000,0.00000,0,1,0
ARP_poisioning,1,0.54976,0.02530,0.16549,0.19430,0.17577,0.21005,0.23092,0.50083,0.00000,0.00000,0.00000,0.86943,0.89781,0.58679,0.00000,0.00000,0,1,0
ARP_poisioning,1,0.54976,0.51611,0.36344,0.30066,0.00793,0.00603,0.01272,0.28575,0.50000,0.37930,0.00000,0.60388,0.82101,0.85272,0.99820,0.91953,1,0,0
ARP_poisioning,1,0.54976,0.30499,0.32327,0.28618,0.03824,0.03609,0.05865,0.33537,0.50000,0.34758,0.28906,0.76059,0.53359,0.74872,0.99820,0.99948,1,0,0
ARP_poisioning,1,0.39632,0.34156,0.29663,0.11913,0.02300,0.00476,0.02523,0.08530,0.73249,0.24565,0.28906,0.54005,0.00000,0.81243,0.99820,0.99894,1,0,0
ARP_poisioning,1,0.35975,0.00001,0.13115,0.11913,0.68953,0.68953,0.70431,0.35394,0.00000,0.00000,0.00000,0.53282,0.54757,0.21389,0.00000,0.00000,0,1,0
ARP_poisioning,1,0.44437,0.00000,0.08274,0.00000,0.00000,0.00000,0.00000,0.00000,0.00000,0.00000,0.00000,0.54718,0.00000,0.00000,0.00000,0.00000,0,1,0
ARP_poisioning,1,0.35975,0.00002,0.13115,0.11913,0.67402,0.67402,0.68954,0.35394,0.00000,0.00000,0.00000,0.53282,0.54757,0.22554,0.00000,0.00000,0,1,0
ARP_poisioning,1,0.54976,0.08826,0.32327,0.26003,0.17231,0.15063,0.19845,0.27522,0.63093,0.33904,0.00000,0.56404,0.85270,0.60908,0.99820,1.00000,1,0,0
ARP_poisioning,1,0.35975,0.00814,0.13115,0.11913,0.23108,0.23108,0.26629,0.35394,0.00000,0.00000,0.00000,0.56979,0.65488,0.56608,0.00000,0.00000,0,1,0
ARP_poisioning,1,0.35975,0.00001,0.08274,0.07517,0.65557,0.65557,0.67197,0.35394,0.00000,0.00000,0.00000,0.54718,0.73850,0.26162,0.00000,0.00000,0,1,0
ARP_poisioning,1,0.77431,0.00000,0.08274,0.00000,0.00000,0.00000,0.00000,0.00000,0.00000,0.00000,0.00000,0.51680,0.00000,0.00000,0.00000,0.00000,0,1,0
ARP_poisioning,1,0.77431,0.00000,0.08274,0.00000,0.00000,0.00000,0.00000,0.00000,0.00000,0.00000,0.00000,0.51680,0.00000,0.00000,0.00000,0.00000,0,1,0
ARP_poisioning,1,0.77431,0.00000,0.08274,0.00000,0.00000,0.00000,0.00000,0.00000,0.00000,0.00000,0.00000,0.53581,0.00000,0.00000,0.00000,0.00000,0,1,0
ARP_poisioning,1,0.35975,0.00002,0.13115,0.11913,0.66370,0.66370,0.67971,0.35394,0.00000,0.00000,0.00000,0.53282,0.54757,0.23333,0.00000,0.00000,0,1,0
ARP_poisioning,1,0.35975,0.00002,0.13115,0.11913,0.66193,0.66193,0.67802,0.35394,0.00000,0.00000,0.00000,0.56745,0.60323,0.23466,0.00000,0.00000,0,1,0
ARP_poisioning,1,0.35975,0.00244,0.13115,0.11913,0.31809,0.31809,0.35014,0.35394,0.00000,0.00000,0.00000,0.56745,0.60323,0.49784,0.00000,0.00000,0,1,0
ARP_poisioning,1,0.35975,0.01363,0.13115,0.11913,0.19395,0.19395,0.22996,0.35394,0.00000,0.00000,0.00000,0.54442,0.67537,0.59611,0.00000,0.00000,0,1,0
ARP_poisioning,1,0.54976,0.01040,0.16549,0.11913,0.24143,0.21344,0.26405,0.26084,0.50000,0.17170,0.28906,0.71743,0.00000,0.56435,0.99820,0.99948,1,0,0
ARP_poisioning,1,0.35975,0.24145,0.26229,0.21102,0.04193,0.03351,0.05956,0.28575,0.50000,0.28154,0.00000,0.28939,0.53377,0.74945,0.99820,0.99948,1,0,0
ARP_poisioning,1,0.44437,0.00000,0.08274,0.00000,0.00000,0.00000,0.00000,0.00000,0.00000,0.00000,0.00000,0.54718,0.00000,0.00000,0.00000,0.00000,0,1,0
ARP_poisioning,1,0.54976,0.02456,0.32327,0.26003,0.28414,0.26043,0.30708,0.27522,0.50000,0.33450,0.28906,0.56404,0.80715,0.53200,0.99820,0.99948,1,0,0
ARP_poisioning,1,0.77431,0.00000,0.08274,0.00000,0.00000,0.00000,0.00000,0.00000,0.00000,0.00000,0.00000,0.53282,0.00000,0.00000,0.00000,0.00000,0,1,0
ARP_poisioning,1,0.35975,0.01313,0.13115,0.11913,0.19665,0.19665,0.23262,0.35394,0.00000,0.00000,0.00000,0.55253,0.68873,0.59389,0.00000,0.00000,0,1,0
ARP_poisioning,1,0.54976,0.34253,0.31504,0.27815,0.02627,0.02456,0.04207,0.33391,0.50000,0.33904,0.28906,0.74480,0.60890,0.77480,0.99820,0.92636,1,0,0
ARP_poisioning,1,0.00000,0.00000,0.08274,0.07517,0.82382,0.82382,0.83221,0.35394,0.00000,0.00000,0.00000,0.00000,0.00000,0.13711,0.00000,0.00000,0,0,1
ARP_poisioning,1,0.35975,0.00001,0.13115,0.11913,0.68702,0.68702,0.70192,0.35394,0.00000,0.00000,0.00000,0.53282,0.54757,0.21578,0.00000,0.00000,0,1,0
ARP_poisioning,1,0.35975,0.00001,0.13115,0.11913,0.70057,0.70057,0.71483,0.35394,0.00000,0.00000,0.00000,0.52663,0.57922,0.20563,0.00000,0.00000,0,1,0
ARP_poisioning,1,0.35975,0.00005,0.08274,0.07517,0.54345,0.54345,0.56517,0.35394,0.00000,0.00000,0.00000,0.53874,0.61145,0.34712,0.00000,0.00000,0,1,0
ARP_poisioning,1,0.54976,0.65301,0.51052,0.41036,0.00718,0.00443,0.01067,0.24179,0.50000,0.50527,0.00000,0.82546,0.76252,0.86214,0.99820,0.91953,1,0,0
ARP_poisioning,1,0.35975,0.00004,0.13115,0.11913,0.61791,0.61791,0.63610,0.35394,0.00000,0.00000,0.00000,0.52663,0.57512,0.26801,0.00000,0.00000,0,1,0
ARP_poisioning,1,0.35975,0.00002,0.13115,0.11913,0.66586,0.66586,0.68177,0.35394,0.00000,0.00000,0.00000,0.54718,0.69053,0.23170,0.00000,0.00000,0,1,0
ARP_poisioning,1,0.54976,0.18912,0.29663,0.22550,0.07830,0.05842,0.09873,0.25147,0.50000,0.30835,0.00000,0.60935,0.83306,0.70190,0.99820,0.86461,1,0,0
ARP_poisioning,1,0.35975,0.00003,0.13115,0.11913,0.63420,0.63420,0.65161,0.35394,0.00000,0.00000,0.00000,0.53282,0.54757,0.25565,0.00000,0.00000,0,1,0
ARP_poisioning,1,0.35975,0.00012,0.13115,0.11913,0.53453,0.53453,0.55667,0.35394,0.00000,0.00000,0.00000,0.56266,0.67027,0.33159,0.00000,0.00000,0,1,0
ARP_poisioning,1,0.54976,0.33008,0.35761,0.31930,0.03956,0.03794,0.06078,0.34032,0.50000,0.38230,0.28906,0.72538,0.58396,0.74523,0.99820,0.99948,1,0,0
ARP_poisioning,1,0.35975,0.00002,0.13115,0.11913,0.66302,0.66302,0.67906,0.35394,0.00000,0.00000,0.00000,0.52663,0.57922,0.23384,0.00000,0.00000,0,1,0
ARP_poisioning,1,0.54976,0.06783,0.39344,0.34906,0.23996,0.23440,0.27226,0.33391,0.50000,0.41735,0.00000,0.53000,0.92448,0.54640,0.99820,1.00000,1,0,0
ARP_poisioning,1,0.35975,0.00001,0.13115,0.11913,0.68655,0.68655,0.70147,0.35394,0.00000,0.00000,0.00000,0.53282,0.54757,0.21613,0.00000,0.00000,0,1,0
ARP_poisioning,1,0.77431,0.00000,0.08274,0.00000,0.00000,0.00000,0.00000,0.00000,0.00000,0.00000,0.00000,0.51337,0.00000,0.00000,0.00000,0.00000,0,1,0
ARP_poisioning,1,0.35975,0.02186,0.13115,0.11913,0.16007,0.16007,0.19623,0.35394,0.00000,0.00000,0.00000,0.52663,0.57512,0.62452,0.00000,0.00000,0,1,0
ARP_poisioning,1,0.77431,0.00000,0.08274,0.00000,0.00000,0.00000,0.00000,0.00000,0.00000,0.00000,0.00000,0.51680,0.00000,0.00000,0.00000,0.00000,0,1,0
ARP_poisioning,1,0.35975,0.00002,0.13115,0.11913,0.66542,0.66542,0.68135,0.35394,0.00000,0.00000,0.00000,0.53874,0.60323,0.23203,0.00000,0.00000,0,1,0
ARP_poisioning,1,0.77431,0.00000,0.08274,0.00000,0.00000,0.00000,0.00000,0.00000,0.00000,0.00000,0.00000,0.52663,0.00000,0.00000,0.00000,0.00000,0,1,0
ARP_poisioning,1,0.35975,0.01851,0.13115,0.11913,0.17198,0.17198,0.20817,0.35394,0.00000,0.00000,0.00000,0.54442,0.63352,0.61438,0.00000,0.00000,0,1,0
ARP_poisioning,1,0.54976,0.24211,0.32327,0.31930,0.06223,0.07326,0.09745,0.42212,0.50000,0.36635,0.28906,0.62298,0.89481,0.70214,0.99820,1.00000,1,0,0
ARP_poisioning,1,0.77431,0.00000,0.08274,0.00000,0.00000,0.00000,0.00000,0.00000,0.00000,0.00000,0.00000,0.51680,0.00000,0.00000,0.00000,0.00000,0,1,0
ARP_poisioning,1,0.54976,0.22205,0.36344,0.30724,0.08920,0.07815,0.11584,0.30014,0.50000,0.37930,0.28906,0.68988,0.80875,0.68431,0.99820,0.92636,1,0,0
ARP_poisioning,1,0.77431,0.00000,0.08274,0.00000,0.00000,0.00000,0.00000,0.00000,0.00000,0.00000,0.00000,0.52663,0.00000,0.00000,0.00000,0.00000,0,1,0
ARP_poisioning,1,0.54976,0.47708,0.38893,0.35740,0.01405,0.01456,0.02499,0.36405,0.50000,0.41735,0.45816,0.60306,0.75397,0.80974,0.99820,0.99948,1,0,0
ARP_poisioning,1,0.39632,0.19340,0.19213,0.11913,0.03734,0.02106,0.04820,0.20704,0.50000,0.19115,0.00000,0.00000,0.00000,0.77227,0.99820,1.00000,1,0,0
ARP_poisioning,1,0.54976,0.02301,0.16549,0.19430,0.18284,0.21736,0.23802,0.50083,0.00000,0.00000,0.00000,0.86943,0.89781,0.58089,0.00000,0.00000,0,1,0
ARP_poisioning,1,0.35975,0.00003,0.13115,0.11913,0.63465,0.63465,0.65204,0.35394,0.00000,0.00000,0.00000,0.52976,0.61304,0.25530,0.00000,0.00000,0,1,0
ARP_poisioning,1,0.54976,0.05916,0.39344,0.38240,0.25284,0.26957,0.29593,0.41843,0.50000,0.43500,0.00000,0.55313,0.92145,0.52689,0.99820,1.00000,1,0,0
ARP_poisioning,1,0.77431,0.00000,0.08274,0.00000,0.00000,0.00000,0.00000,0.00000,0.00000,0.00000,0.00000,0.53581,0.00000,0.00000,0.00000,0.00000,0,1,0
ARP_poisioning,1,0.35975,0.01845,0.13115,0.11913,0.17221,0.17221,0.20839,0.35394,0.00000,0.00000,0.00000,0.53874,0.55256,0.61419,0.00000,0.00000,0,1,0
ARP_poisioning,1,0.35975,0.00301,0.08274,0.07517,0.25395,0.25395,0.28846,0.35394,0.00000,0.00000,0.00000,0.58093,0.60323,0.57033,0.00000,0.00000,0,1,0
ARP_poisioning,1,0.35975,0.00001,0.13115,0.11913,0.71293,0.71293,0.72660,0.35394,0.00000,0.00000,0.00000,0.52976,0.54501,0.19641,0.00000,0.00000,0,1,0
ARP_poisioning,1,0.39632,0.04293,0.21389,0.19430,0.16851,0.16851,0.20470,0.35394,0.50000,0.24565,0.00000,0.40530,0.46960,0.62989,0.99820,0.99894,1,0,0
ARP_poisioning,1,0.77431,0.00000,0.08274,0.00000,0.00000,0.00000,0.00000,0.00000,0.00000,0.00000,0.00000,0.52663,0.00000,0.00000,0.00000,0.00000,0,1,0
ARP_poisioning,1,0.35975,0.00004,0.08274,0.07517,0.56055,0.56055,0.58147,0.35394,0.00000,0.00000,0.00000,0.56266,0.58896,0.33404,0.00000,0.00000,0,1,0
ARP_poisioning,1,0.44437,0.00000,0.08274,0.00000,0.00000,0.00000,0.00000,0.00000,0.00000,0.00000,0.00000,0.54718,0.00000,0.00000,0.00000,0.00000,0,1,0
ARP_poisioning,1,0.35975,0.00002,0.13115,0.11913,0.67038,0.67038,0.68608,0.35394,0.00000,0.00000,0.00000,0.52663,0.57512,0.22829,0.00000,0.00000,0,1,0
ARP_poisioning,1,0.77431,0.00000,0.08274,0.00000,0.00000,0.00000,0.00000,0.00000,0.00000,0.00000,0.00000,0.53282,0.00000,0.00000,0.00000,0.00000,0,1,0
ARP_poisioning,1,0.54976,0.59714,0.56433,0.54263,0.01830,0.02331,0.03524,0.43004,0.50000,0.59323,0.00000,0.43401,0.95402,0.78544,0.99820,1.00000,1,0,0
ARP_poisioning,1,0.77431,0.00000,0.08274,0.00000,0.00000,0.00000,0.00000,0.00000,0.00000,0.00000,0.00000,0.52663,0.00000,0.00000,0.00000,0.00000,0,1,0
ARP_poisioning,1,0.35975,0.00693,0.13115,0.11913,0.24268,0.24268,0.27755,0.35394,0.00000,0.00000,0.00000,0.53581,0.58122,0.55685,0.00000,0.00000,0,1,0
ARP_poisioning,1,0.77431,0.00000,0.08274,0.00000,0.00000,0.00000,0.00000,0.00000,0.00000,0.00000,0.00000,0.47333,0.00000,0.00000,0.00000,0.00000,0,1,0
ARP_poisioning,1,0.35975,0.00002,0.13115,0.11913,0.65980,0.65980,0.67600,0.35394,0.00000,0.00000,0.00000,0.53282,0.54757,0.23627,0.00000,0.00000,0,1,0
ARP_poisioning,1,0.35975,0.00375,0.13115,0.11913,0.28696,0.28696,0.32027,0.35394,0.00000,0.00000,0.00000,0.54718,0.69053,0.52204,0.00000,0.00000,0,1,0
ARP_poisioning,1,0.35975,0.00003,0.13115,0.11913,0.64432,0.64432,0.66125,0.35394,0.00000,0.00000,0.00000,0.56266,0.59980,0.24797,0.00000,0.00000,0,1,0
ARP_poisioning,1,0.77431,0.00000,0.08274,0.00000,0.00000,0.00000,0.00000,0.00000,0.00000,0.00000,0.00000,0.53581,0.00000,0.00000,0.00000,0.00000,0,1,0
ARP_poisioning,1,0.35975,0.00662,0.13115,0.11913,0.24598,0.24598,0.28074,0.35394,0.00000,0.00000,0.00000,0.53581,0.62366,0.55423,0.00000,0.00000,0,1,0
ARP_poisioning,1,0.35975,0.00009,0.13115,0.11913,0.55211,0.55211,0.57342,0.35394,0.00000,0.00000,0.00000,0.55513,0.65718,0.31816,0.00000,0.00000,0,1,0
ARP_poisioning,1,0.77431,0.00000,0.08274,0.00000,0.00000,0.00000,0.00000,0.00000,0.00000,0.00000,0.00000,0.47333,0.00000,0.00000,0.00000,0.00000,0,1,0
ARP_poisioning,1,0.77431,0.00000,0.08274,0.00000,0.00000,0.00000,0.00000,0.00000,0.00000,0.00000,0.00000,0.53874,0.00000,0.00000,0.00000,0.00000,0,1,0
ARP_poisioning,1,0.54976,0.51694,0.42442,0.42848,0.01290,0.01858,0.02738,0.46788,0.50000,0.47396,0.00000,0.53694,0.93501,0.80322,0.99820,1.00000,1,0,0
ARP_poisioning,1,0.35975,0.00014,0.08274,0.07517,0.47626,0.47626,0.50115,0.35394,0.00000,0.00000,0.00000,0.58093,0.60323,0.39855,0.00000,0.00000,0,1,0
ARP_poisioning,1,0.54976,0.10535,0.30619,0.29366,0.14475,0.15447,0.18582,0.39481,0.00000,0.00000,0.00000,0.88825,0.88483,0.61972,0.00000,0.00000,0,1,0
ARP_poisioning,1,0.77431,0.00000,0.08274,0.00000,0.00000,0.00000,0.00000,0.00000,0.00000,0.00000,0.00000,0.53581,0.00000,0.00000,0.00000,0.00000,0,1,0
ARP_poisioning,1,0.54976,0.33193,0.33821,0.30066,0.03406,0.03234,0.05320,0.33773,0.50000,0.36635,0.00000,0.55465,0.80630,0.75631,0.99820,1.00000,1,0,0
ARP_poisioning,1,0.44437,0.00000,0.08274,0.00000,0.00000,0.00000,0.00000,0.00000,0.00000,0.00000,0.00000,0.54718,0.00000,0.00000,0.00000,0.00000,0,1,0
ARP_poisioning,1,0.35975,0.00002,0.13115,0.11913,0.65158,0.65158,0.66816,0.35394,0.00000,0.00000,0.00000,0.52663,0.64016,0.24249,0.00000,0.00000,0,1,0
ARP_poisioning,1,0.54976,0.45164,0.37430,0.35740,0.01578,0.01832,0.02938,0.39837,0.00000,0.00000,0.00000,0.76243,0.71785,0.79898,0.00000,0.00000,0,1,0
ARP_poisioning,1,0.39632,0.16877,0.27487,0.19430,0.08039,0.05480,0.09835,0.22561,0.73249,0.26510,0.00000,0.41920,0.46960,0.70668,0.99820,0.99894,1,0,0
ARP_poisioning,1,0.44437,0.00000,0.08274,0.00000,0.00000,0.00000,0.00000,0.00000,0.00000,0.00000,0.00000,0.54718,0.00000,0.00000,0.00000,0.00000,0,1,0
ARP_poisioning,1,0.38054,0.00000,0.00000,0.07517,0.00000,0.00000,0.00000,0.00000,0.00000,0.00000,0.00000,0.00000,0.86592,0.00000,0.00000,0.00000,0,1,0
ARP_poisioning,1,0.77431,0.00000,0.08274,0.00000,0.00000,0.00000,0.00000,0.00000,0.00000,0.00000,0.00000,0.52663,0.00000,0.00000,0.00000,0.00000,0,1,0
ARP_poisioning,1,0.77431,0.00000,0.08274,0.00000,0.00000,0.00000,0.00000,0.00000,0.00000,0.00000,0.00000,0.53282,0.00000,0.00000,0.00000,0.00000,0,1,0
ARP_poisioning,1,0.35975,0.00004,0.13115,0.11913,0.61261,0.61261,0.63105,0.35394,0.00000,0.00000,0.00000,0.54161,0.70976,0.27205,0.00000,0.00000,0,1,0
ARP_poisioning,1,0.35975,0.00002,0.13115,0.11913,0.68147,0.68147,0.69664,0.35394,0.00000,0.00000,0.00000,0.53282,0.54757,0.21994,0.00000,0.00000,0,1,0
ARP_poisioning,1,0.54976,0.40733,0.34504,0.31344,0.01871,0.01871,0.03195,0.35394,0.50000,0.37302,0.28906,0.61544,0.80598,0.79377,0.99820,0.91953,1,0,0
ARP_poisioning,1,0.44437,0.00000,0.08274,0.00000,0.00000,0.00000,0.00000,0.00000,0.00000,0.00000,0.00000,0.54718,0.00000,0.00000,0.00000,0.00000,0,1,0
ARP_poisioning,1,0.77431,0.00000,0.08274,0.00000,0.00000,0.00000,0.00000,0.00000,0.00000,0.00000,0.00000,0.47333,0.00000,0.00000,0.00000,0.00000,0,1,0
ARP_poisioning,1,0.77431,0.00000,0.08274,0.00000,0.00000,0.00000,0.00000,0.00000,0.00000,0.00000,0.00000,0.53282,0.00000,0.00000,0.00000,0.00000,0,1,0
ARP_poisioning,1,0.35975,0.00003,0.13115,0.11913,0.62487,0.62487,0.64273,0.35394,0.00000,0.00000,0.00000,0.56979,0.62366,0.26273,0.00000,0.00000,0,1,0
ARP_poisioning,1,0.77431,0.00000,0.08274,0.00000,0.00000,0.00000,0.00000,0.00000,0.00000,0.00000,0.00000,0.53282,0.00000,0.00000,0.00000,0.00000,0,1,0
ARP_poisioning,1,0.77431,0.00000,0.08274,0.00000,0.00000,0.00000,0.00000,0.00000,0.00000,0.00000,0.00000,0.51337,0.00000,0.00000,0.00000,0.00000,0,1,0
ARP_poisioning,1,0.35975,0.00010,0.13115,0.11913,0.54883,0.54883,0.57030,0.35394,0.00000,0.00000,0.00000,0.52976,0.61304,0.32066,0.00000,0.00000,0,1,0
ARP_poisioning,1,0.35975,0.00002,0.13115,0.11913,0.66160,0.66160,0.67771,0.35394,0.00000,0.00000,0.00000,0.53874,0.61616,0.23491,0.00000,0.00000,0,1,0
ARP_poisioning,1,0.54976,0.00978,0.21389,0.23827,0.28185,0.31520,0.33321,0.48791,0.00000,0.00000,0.00000,0.80729,0.93082,0.50008,0.00000,0.00000,0,1,0
ARP_poisioning,1,0.54976,0.18093,0.28625,0.19430,0.07838,0.04935,0.09431,0.20704,0.50000,0.27364,0.45816,0.57680,0.65300,0.70726,0.99820,0.96061,1,0,0
ARP_poisioning,1,0.35975,0.00553,0.13115,0.11913,0.25899,0.25899,0.29333,0.35394,0.00000,0.00000,0.00000,0.54442,0.67537,0.54396,0.00000,0.00000,0,1,0
ARP_poisioning,1,0.77431,0.00000,0.08274,0.00000,0.00000,0.00000,0.00000,0.00000,0.00000,0.00000,0.00000,0.47333,0.00000,0.00000,0.00000,0.00000,0,1,0
ARP_poisioning,1,0.35975,0.00008,0.08274,0.07517,0.51710,0.51710,0.54007,0.35394,0.00000,0.00000,0.00000,0.52016,0.73400,0.36728,0.00000,0.00000,0,1,0
ARP_poisioning,1,0.35975,0.00002,0.13115,0.11913,0.66193,0.66193,0.67802,0.35394,0.00000,0.00000,0.00000,0.53282,0.54757,0.23466,0.00000,0.00000,0,1,0
ARP_poisioning,1,0.35975,0.00002,0.13115,0.11913,0.66656,0.66656,0.68244,0.35394,0.00000,0.00000,0.00000,0.53282,0.54757,0.23117,0.00000,0.00000,0,1,0
ARP_poisioning,1,0.77431,0.00000,0.08274,0.00000,0.00000,0.00000,0.00000,0.00000,0.00000,0.00000,0.00000,0.53282,0.00000,0.00000,0.00000,0.00000,0,1,0
ARP_poisioning,1,0.54976,0.02435,0.21389,0.24970,0.21302,0.25373,0.27126,0.52575,0.00000,0.00000,0.00000,0.84100,0.83716,0.55020,0.00000,0.00000,0,1,0
ARP_poisioning,1,0.77431,0.00000,0.08274,0.00000,0.00000,0.00000,0.00000,0.00000,0.00000,0.00000,0.00000,0.53282,0.00000,0.00000,0.00000,0.00000,0,1,0
ARP_poisioning,1,0.35975,0.00002,0.13115,0.11913,0.67911,0.67911,0.69439,0.35394,0.00000,0.00000,0.00000,0.53282,0.54757,0.22171,0.00000,0.00000,0,1,0
ARP_poisioning,1,0.44437,0.00000,0.08274,0.00000,0.00000,0.00000,0.00000,0.00000,0.00000,0.00000,0.00000,0.54718,0.00000,0.00000,0.00000,0.00000,0,1,0
ARP_poisioning,1,0.35975,0.00002,0.13115,0.11913,0.65429,0.65429,0.67075,0.35394,0.00000,0.00000,0.00000,0.54988,0.65014,0.24043,0.00000,0.00000,0,1,0
ARP_poisioning,1,0.35975,0.04166,0.13115,0.11913,0.11430,0.11430,0.14904,0.35394,0.00000,0.00000,0.00000,0.52976,0.61304,0.66589,0.00000,0.00000,0,1,0
ARP_poisioning,1,0.54976,0.24185,0.29663,0.23827,0.05281,0.04179,0.07229,0.27908,0.50000,0.30835,0.28906,0.73193,0.70868,0.73199,0.99820,0.91851,1,0,0
ARP_poisioning,1,0.54976,0.21212,0.38893,0.37917,0.10715,0.12129,0.14933,0.42084,0.50000,0.43132,0.00000,0.57685,0.89224,0.65071,0.99820,1.00000,1,0,0
ARP_poisioning,1,0.35975,0.00674,0.08274,0.07517,0.19702,0.19702,0.23298,0.35394,0.00000,0.00000,0.00000,0.51337,0.66279,0.61654,0.00000,0.00000,0,1,0
ARP_poisioning,1,0.54976,0.06610,0.33098,0.28618,0.20456,0.19489,0.23580,0.31871,0.50000,0.34758,0.45816,0.56714,0.81309,0.57736,0.99820,0.99948,1,0,0
ARP_poisioning,1,0.44437,0.00000,0.08274,0.00000,0.00000,0.00000,0.00000,0.00000,0.00000,0.00000,0.00000,0.54718,0.00000,0.00000,0.00000,0.00000,0,1,0
ARP_poisioning,1,0.35975,0.00001,0.13115,0.11913,0.68856,0.68856,0.70339,0.35394,0.00000,0.00000,0.00000,0.53282,0.54757,0.21462,0.00000,0.00000,0,1,0
ARP_poisioning,1,0.77431,0.00000,0.08274,0.00000,0.00000,0.00000,0.00000,0.00000,0.00000,0.00000,0.00000,0.53874,0.00000,0.00000,0.00000,0.00000,0,1,0
ARP_poisioning,1,0.35975,0.00653,0.13115,0.11913,0.24698,0.24698,0.28170,0.35394,0.00000,0.00000,0.00000,0.51337,0.67834,0.55345,0.00000,0.00000,0,1,0
ARP_poisioning,1,0.35975,0.00005,0.13115,0.11913,0.59773,0.59773,0.61688,0.35394,0.00000,0.00000,0.00000,0.56019,0.61461,0.28336,0.00000,0.00000,0,1,0
ARP_poisioning,1,0.35975,0.00002,0.13115,0.11913,0.64889,0.64889,0.66561,0.35394,0.00000,0.00000,0.00000,0.53282,0.54757,0.24452,0.00000,0.00000,0,1,0
ARP_poisioning,1,0.77431,0.00000,0.08274,0.00000,0.00000,0.00000,0.00000,0.00000,0.00000,0.00000,0.00000,0.53282,0.00000,0.00000,0.00000,0.00000,0,1,0
ARP_poisioning,1,0.54976,0.02529,0.16549,0.11913,0.17581,0.14965,0.20009,0.26084,0.50000,0.14789,0.28906,0.71743,0.00000,0.61767,0.99820,0.91953,1,0,0
ARP_poisioning,1,0.35975,0.24180,0.26229,0.21102,0.04181,0.03341,0.05940,0.28575,0.50000,0.28154,0.00000,0.32044,0.47431,0.74966,0.99820,0.99948,1,0,0
ARP_poisioning,1,0.35975,0.00013,0.13115,0.11913,0.52815,0.52815,0.55059,0.35394,0.00000,0.00000,0.00000,0.52663,0.69232,0.33647,0.00000,0.00000,0,1,0
ARP_poisioning,1,0.35975,0.01551,0.13115,0.11913,0.18469,0.18469,0.22080,0.35394,0.00000,0.00000,0.00000,0.52343,0.68221,0.60376,0.00000,0.00000,0,1,0
ARP_poisioning,1,0.54976,0.28425,0.33098,0.26003,0.04751,0.03486,0.06440,0.26084,0.50000,0.33904,0.28906,0.82063,0.66996,0.74221,0.99820,1.00000,1,0,0
ARP_poisioning,1,0.35975,0.00001,0.13115,0.11913,0.69214,0.69214,0.70680,0.35394,0.00000,0.00000,0.00000,0.53282,0.54757,0.21194,0.00000,0.00000,0,1,0
ARP_poisioning,1,0.35975,0.00006,0.13115,0.11913,0.58443,0.58443,0.60421,0.35394,0.00000,0.00000,0.00000,0.53282,0.54757,0.29349,0.00000,0.00000,0,1,0
ARP_poisioning,1,0.77431,0.00000,0.08274,0.00000,0.00000,0.00000,0.00000,0.00000,0.00000,0.00000,0.00000,0.51337,0.00000,0.00000,0.00000,0.00000,0,1,0
ARP_poisioning,1,0.35975,0.00002,0.13115,0.11913,0.68180,0.68180,0.69695,0.35394,0.00000,0.00000,0.00000,0.53282,0.54757,0.21970,0.00000,0.00000,0,1,0
ARP_poisioning,1,0.77431,0.00000,0.08274,0.00000,0.00000,0.00000,0.00000,0.00000,0.00000,0.00000,0.00000,0.54718,0.00000,0.00000,0.00000,0.00000,0,1,0
ARP_poisioning,1,0.54976,0.51516,0.35761,0.29366,0.00762,0.00569,0.01215,0.28190,0.50000,0.37302,0.00000,0.56758,0.57849,0.85555,0.99820,1.00000,1,0,0
ARP_poisioning,1,0.77431,0.00000,0.08274,0.00000,0.00000,0.00000,0.00000,0.00000,0.00000,0.00000,0.00000,0.53581,0.00000,0.00000,0.00000,0.00000,0,1,0
ARP_poisioning,1,0.35975,0.01094,0.13115,0.11913,0.20978,0.20978,0.24551,0.35394,0.00000,0.00000,0.00000,0.53581,0.61616,0.58320,0.00000,0.00000,0,1,0
ARP_poisioning,1,0.35975,0.01482,0.13115,0.11913,0.18796,0.18796,0.22405,0.35394,0.00000,0.00000,0.00000,0.53282,0.65134,0.60104,0.00000,0.00000,0,1,0
ARP_poisioning,1,0.35975,0.00002,0.13115,0.11913,0.66053,0.66053,0.67669,0.35394,0.00000,0.00000,0.00000,0.56979,0.65488,0.23572,0.00000,0.00000,0,1,0
ARP_poisioning,1,0.35975,0.00002,0.08274,0.07517,0.60304,0.60304,0.62193,0.35394,0.00000,0.00000,0.00000,0.56266,0.58896,0.30160,0.00000,0.00000,0,1,0
ARP_poisioning,1,0.54976,0.28390,0.33098,0.28618,0.04764,0.04283,0.06941,0.31871,0.50000,0.35161,0.28906,0.60749,0.85960,0.73537,0.99820,1.00000,1,0,0
ARP_poisioning,1,0.77431,0.00000,0.08274,0.00000,0.00000,0.00000,0.00000,0.00000,0.00000,0.00000,0.00000,0.53874,0.00000,0.00000,0.00000,0.00000,0,1,0
ARP_poisioning,1,0.35975,0.01053,0.13115,0.11913,0.21254,0.21254,0.24821,0.35394,0.00000,0.00000,0.00000,0.54161,0.64771,0.58096,0.00000,0.00000,0,1,0
ARP_poisioning,1,0.44437,0.00000,0.08274,0.00000,0.00000,0.00000,0.00000,0.00000,0.00000,0.00000,0.00000,0.54718,0.00000,0.00000,0.00000,0.00000,0,1,0
ARP_poisioning,1,0.77431,0.00000,0.08274,0.00000,0.00000,0.00000,0.00000,0.00000,0.00000,0.00000,0.00000,0.54718,0.00000,0.00000,0.00000,0.00000,0,1,0
ARP_poisioning,1,0.54976,0.12599,0.44331,0.49035,0.20386,0.26072,0.27277,0.60576,0.00000,0.00000,0.00000,0.77644,0.94003,0.54529,0.00000,0.00000,0,1,0
ARP_poisioning,1,0.77431,0.00000,0.08274,0.00000,0.00000,0.00000,0.00000,0.00000,0.00000,0.00000,0.00000,0.52663,0.00000,0.00000,0.00000,0.00000,0,1,0
ARP_poisioning,1,0.35975,0.00082,0.13115,0.11913,0.39694,0.39694,0.42552,0.35394,0.00000,0.00000,0.00000,0.53282,0.54757,0.43702,0.00000,0.00000,0,1,0
ARP_poisioning,1,0.54976,0.12811,0.31504,0.26003,0.12938,0.11396,0.15725,0.29133,0.50000,0.30835,0.74722,0.70636,0.83993,0.64505,0.99820,1.00000,1,0,0
ARP_poisioning,1,0.35975,0.00007,0.13115,0.11913,0.56964,0.56964,0.59012,0.35394,0.00000,0.00000,0.00000,0.53282,0.54757,0.30478,0.00000,0.00000,0,1,0
ARP_poisioning,1,0.35975,0.00015,0.19213,0.17453,0.56845,0.56845,0.58898,0.35394,0.00000,0.00000,0.00000,0.63807,0.62938,0.29721,0.00000,0.00000,0,1,0
ARP_poisioning,1,0.39632,0.13976,0.16549,0.00000,0.04955,0.00000,0.04719,0.00000,0.63093,0.00000,0.00000,0.00000,0.00000,0.78622,0.99820,0.00000,1,0,0
ARP_poisioning,1,0.54976,0.28231,0.31504,0.24970,0.04338,0.03258,0.06002,0.26864,0.50000,0.32480,0.28906,0.77751,0.68431,0.74838,0.99820,1.00000,1,0,0
ARP_poisioning,1,0.39632,0.47661,0.34504,0.30066,0.00989,0.00879,0.01677,0.32298,0.50000,0.36974,0.00000,0.45310,0.53064,0.83588,0.99820,1.00000,1,0,0
ARP_poisioning,1,0.54976,0.51505,0.35761,0.30724,0.00763,0.00648,0.01284,0.31194,0.50000,0.37930,0.00000,0.54324,0.84177,0.85213,0.99820,1.00000,1,0,0
ARP_poisioning,1,0.39632,0.47692,0.34504,0.30066,0.00986,0.00877,0.01673,0.32298,0.50000,0.36974,0.00000,0.45310,0.57018,0.83605,0.99820,1.00000,1,0,0
ARP_poisioning,1,0.54976,0.51515,0.35761,0.30066,0.00762,0.00608,0.01249,0.29714,0.50000,0.37620,0.00000,0.54324,0.80830,0.85384,0.99820,1.00000,1,0,0
ARP_poisioning,1,0.54976,0.19564,0.28625,0.21102,0.07034,0.04967,0.08880,0.24000,0.50000,0.28154,0.45816,0.50438,0.88528,0.71302,0.99820,0.91953,1,0,0
ARP_poisioning,1,0.77431,0.00000,0.08274,0.00000,0.00000,0.00000,0.00000,0.00000,0.00000,0.00000,0.00000,0.52663,0.00000,0.00000,0.00000,0.00000,0,1,0
ARP_poisioning,1,0.44437,0.00000,0.08274,0.00000,0.00000,0.00000,0.00000,0.00000,0.00000,0.00000,0.00000,0.54718,0.00000,0.00000,0.00000,0.00000,0,1,0
ARP_poisioning,1,0.77431,0.00000,0.08274,0.00000,0.00000,0.00000,0.00000,0.00000,0.00000,0.00000,0.00000,0.53581,0.00000,0.00000,0.00000,0.00000,0,1,0
ARP_poisioning,1,0.77431,0.00000,0.08274,0.00000,0.00000,0.00000,0.00000,0.00000,0.00000,0.00000,0.00000,0.53581,0.00000,0.00000,0.00000,0.00000,0,1,0
ARP_poisioning,1,0.35975,0.00474,0.13115,0.11913,0.27000,0.27000,0.30394,0.35394,0.00000,0.00000,0.00000,0.50623,0.64893,0.53531,0.00000,0.00000,0,1,0
ARP_poisioning,1,0.77431,0.00000,0.08274,0.00000,0.00000,0.00000,0.00000,0.00000,0.00000,0.00000,0.00000,0.53282,0.00000,0.00000,0.00000,0.00000,0,1,0
ARP_poisioning,1,0.44437,0.00000,0.08274,0.00000,0.00000,0.00000,0.00000,0.00000,0.00000,0.00000,0.00000,0.54718,0.00000,0.00000,0.00000,0.00000,0,1,0
ARP_poisioning,1,0.35975,0.00534,0.13115,0.11913,0.26144,0.26144,0.29569,0.35394,0.00000,0.00000,0.00000,0.54161,0.55499,0.54203,0.00000,0.00000,0,1,0
ARP_poisioning,1,0.35975,0.00006,0.13115,0.11913,0.58003,0.58003,0.60002,0.35394,0.00000,0.00000,0.00000,0.52976,0.62219,0.29685,0.00000,0.00000,0,1,0
ARP_poisioning,1,0.77431,0.00000,0.08274,0.00000,0.00000,0.00000,0.00000,0.00000,0.00000,0.00000,0.00000,0.53581,0.00000,0.00000,0.00000,0.00000,0,1,0
ARP_poisioning,1,0.54976,0.06606,0.38893,0.35740,0.23975,0.24248,0.27604,0.36405,0.50000,0.41946,0.00000,0.53474,0.93216,0.54329,0.99820,1.00000,1,0,0
ARP_poisioning,1,0.35975,0.01191,0.13115,0.11913,0.20364,0.20364,0.23949,0.35394,0.00000,0.00000,0.00000,0.54988,0.65253,0.58818,0.00000,0.00000,0,1,0
ARP_poisioning,1,0.35975,0.00002,0.13115,0.11913,0.65884,0.65884,0.67508,0.35394,0.00000,0.00000,0.00000,0.53282,0.54757,0.23700,0.00000,0.00000,0,1,0
ARP_poisioning,1,0.77431,0.00000,0.08274,0.00000,0.00000,0.00000,0.00000,0.00000,0.00000,0.00000,0.00000,0.51337,0.00000,0.00000,0.00000,0.00000,0,1,0
ARP_poisioning,1,0.54976,0.06933,0.28625,0.23827,0.17308,0.15860,0.20239,0.30014,0.50000,0.30226,0.28906,0.62852,0.87702,0.61785,0.99820,0.92636,1,0,0
ARP_poisioning,1,0.77431,0.00000,0.08274,0.00000,0.00000,0.00000,0.00000,0.00000,0.00000,0.00000,0.00000,0.47333,0.00000,0.00000,0.00000,0.00000,0,1,0
ARP_poisioning,1,0.54976,0.46353,0.39344,0.34463,0.01646,0.01474,0.02708,0.32359,0.50000,0.41299,0.28906,0.59367,0.48442,0.80447,0.99820,0.91965,1,0,0
ARP_poisioning,1,0.77431,0.00000,0.08274,0.00000,0.00000,0.00000,0.00000,0.00000,0.00000,0.00000,0.00000,0.52663,0.00000,0.00000,0.00000,0.00000,0,1,0
ARP_poisioning,1,0.77431,0.00000,0.08274,0.00000,0.00000,0.00000,0.00000,0.00000,0.00000,0.00000,0.00000,0.53874,0.00000,0.00000,0.00000,0.00000,0,1,0
ARP_poisioning,1,0.35975,0.00001,0.13115,0.11913,0.68868,0.68868,0.70351,0.35394,0.00000,0.00000,0.00000,0.53282,0.54757,0.21453,0.00000,0.00000,0,1,0
ARP_poisioning,1,0.35975,0.00003,0.13115,0.11913,0.63661,0.63661,0.65391,0.35394,0.00000,0.00000,0.00000,0.52343,0.63216,0.25382,0.00000,0.00000,0,1,0
ARP_poisioning,1,0.35975,0.01011,0.13115,0.11913,0.21544,0.21544,0.25104,0.35394,0.00000,0.00000,0.00000,0.52663,0.74039,0.57862,0.00000,0.00000,0,1,0
ARP_poisioning,1,0.77431,0.00000,0.08274,0.00000,0.00000,0.00000,0.00000,0.00000,0.00000,0.00000,0.00000,0.53874,0.00000,0.00000,0.00000,0.00000,0,1,0
ARP_poisioning,1,0.35975,0.00004,0.13115,0.11913,0.62262,0.62262,0.64058,0.35394,0.00000,0.00000,0.00000,0.52016,0.69143,0.26443,0.00000,0.00000,0,1,0
ARP_poisioning,1,0.54976,0.51530,0.38893,0.34463,0.00986,0.00912,0.01702,0.33309,0.50000,0.41299,0.00000,0.56431,0.82584,0.83439,0.99820,0.65505,1,0,0
ARP_poisioning,1,0.54976,0.01593,0.21389,0.26003,0.24532,0.29410,0.30757,0.56098,0.00000,0.00000,0.00000,0.80946,0.87729,0.52028,0.00000,0.00000,0,1,0
ARP_poisioning,1,0.54976,0.18665,0.31504,0.24970,0.08797,0.07034,0.11108,0.26864,0.50000,0.32976,0.00000,0.55213,0.88011,0.68861,0.99820,0.91953,1,0,0
ARP_poisioning,1,0.35975,0.00002,0.13115,0.11913,0.65821,0.65821,0.67448,0.35394,0.00000,0.00000,0.00000,0.54718,0.69053,0.23747,0.00000,0.00000,0,1,0
ARP_poisioning,1,0.35975,0.00003,0.13115,0.11913,0.63280,0.63280,0.65028,0.35394,0.00000,0.00000,0.00000,0.53282,0.67834,0.25671,0.00000,0.00000,0,1,0
ARP_poisioning,1,0.77431,0.00000,0.08274,0.00000,0.00000,0.00000,0.00000,0.00000,0.00000,0.00000,0.00000,0.53282,0.00000,0.00000,0.00000,0.00000,0,1,0
ARP_poisioning,1,0.35975,0.00002,0.13115,0.11913,0.66086,0.66086,0.67700,0.35394,0.00000,0.00000,0.00000,0.53282,0.54757,0.23547,0.00000,0.00000,0,1,0
ARP_poisioning,1,0.77431,0.00000,0.08274,0.00000,0.00000,0.00000,0.00000,0.00000,0.00000,0.00000,0.00000,0.53874,0.00000,0.00000,0.00000,0.00000,0,1,0
ARP_poisioning,1,0.35975,0.00002,0.13115,0.11913,0.66918,0.66918,0.68493,0.35394,0.00000,0.00000,0.00000,0.53282,0.54757,0.22919,0.00000,0.00000,0,1,0
ARP_poisioning,1,0.35975,0.00009,0.13115,0.11913,0.55609,0.55609,0.57721,0.35394,0.00000,0.00000,0.00000,0.52343,0.63216,0.31512,0.00000,0.00000,0,1,0
ARP_poisioning,1,0.54976,0.24267,0.29663,0.24970,0.05247,0.04535,0.07420,0.30527,0.50000,0.31412,0.28906,0.73186,0.69251,0.72956,0.99820,0.91851,1,0,0
ARP_poisioning,1,0.77431,0.00000,0.08274,0.00000,0.00000,0.00000,0.00000,0.00000,0.00000,0.00000,0.00000,0.53581,0.00000,0.00000,0.00000,0.00000,0,1,0
ARP_poisioning,1,0.54976,0.03455,0.32327,0.29366,0.25642,0.25642,0.29084,0.35394,0.63093,0.35549,0.00000,0.63572,0.85735,0.53211,0.99820,0.65505,1,0,0
ARP_poisioning,1,0.35975,0.00972,0.13115,0.11913,0.21827,0.21827,0.25381,0.35394,0.00000,0.00000,0.00000,0.52016,0.65134,0.57634,0.00000,0.00000,0,1,0
ARP_poisioning,1,0.77431,0.16173,0.16549,0.00000,0.04015,0.00000,0.03824,0.00000,0.00000,0.00000,0.00000,0.66154,0.00000,0.80181,0.00000,0.00000,0,1,0
ARP_poisioning,1,0.44437,0.00000,0.08274,0.00000,0.00000,0.00000,0.00000,0.00000,0.00000,0.00000,0.00000,0.54718,0.00000,0.00000,0.00000,0.00000,0,1,0
ARP_poisioning,1,0.77431,0.00000,0.08274,0.00000,0.00000,0.00000,0.00000,0.00000,0.00000,0.00000,0.00000,0.53874,0.00000,0.00000,0.00000,0.00000,0,1,0
ARP_poisioning,1,0.44437,0.00000,0.08274,0.00000,0.00000,0.00000,0.00000,0.00000,0.00000,0.00000,0.00000,0.54718,0.00000,0.00000,0.00000,0.00000,0,1,0
ARP_poisioning,1,0.35975,0.00002,0.13115,0.11913,0.66293,0.66293,0.67898,0.35394,0.00000,0.00000,0.00000,0.53282,0.54757,0.23390,0.00000,0.00000,0,1,0
ARP_poisioning,1,0.54976,0.51576,0.36344,0.29366,0.00796,0.00566,0.01242,0.27095,0.63093,0.37620,0.00000,0.53625,0.80875,0.85418,0.99820,1.00000,1,0,0
ARP_poisioning,1,0.77431,0.00000,0.08274,0.00000,0.00000,0.00000,0.00000,0.00000,0.00000,0.00000,0.00000,0.47333,0.00000,0.00000,0.00000,0.00000,0,1,0
ARP_poisioning,1,0.77431,0.00000,0.08274,0.00000,0.00000,0.00000,0.00000,0.00000,0.00000,0.00000,0.00000,0.52663,0.00000,0.00000,0.00000,0.00000,0,1,0
ARP_poisioning,1,0.44437,0.00000,0.08274,0.00000,0.00000,0.00000,0.00000,0.00000,0.00000,0.00000,0.00000,0.54718,0.00000,0.00000,0.00000,0.00000,0,1,0
ARP_poisioning,1,0.54976,0.30567,0.32327,0.28618,0.03803,0.03588,0.05837,0.33537,0.50000,0.34758,0.28906,0.76051,0.53359,0.74920,0.99820,0.99948,1,0,0
ARP_poisioning,1,0.77431,0.00000,0.08274,0.00000,0.00000,0.00000,0.00000,0.00000,0.00000,0.00000,0.00000,0.53581,0.00000,0.00000,0.00000,0.00000,0,1,0
ARP_poisioning,1,0.77431,0.00000,0.08274,0.00000,0.00000,0.00000,0.00000,0.00000,0.00000,0.00000,0.00000,0.51680,0.00000,0.00000,0.00000,0.00000,0,1,0
ARP_poisioning,1,0.35975,0.00002,0.13115,0.11913,0.66293,0.66293,0.67898,0.35394,0.00000,0.00000,0.00000,0.53282,0.54757,0.23390,0.00000,0.00000,0,1,0
ARP_poisioning,1,0.54976,0.33036,0.37430,0.32486,0.04412,0.03947,0.06489,0.31788,0.50000,0.39354,0.28906,0.85305,0.58766,0.73960,0.99820,0.99948,1,0,0
ARP_poisioning,1,0.77431,0.00000,0.08274,0.00000,0.00000,0.00000,0.00000,0.00000,0.00000,0.00000,0.00000,0.52663,0.00000,0.00000,0.00000,0.00000,0,1,0
ARP_poisioning,1,0.35975,0.00750,0.13115,0.11913,0.23696,0.23696,0.27199,0.35394,0.00000,0.00000,0.00000,0.52663,0.69232,0.56139,0.00000,0.00000,0,1,0
ARP_poisioning,1,0.77431,0.00000,0.08274,0.00000,0.00000,0.00000,0.00000,0.00000,0.00000,0.00000,0.00000,0.51337,0.00000,0.00000,0.00000,0.00000,0,1,0
ARP_poisioning,1,0.35975,0.00742,0.13115,0.11913,0.23777,0.23777,0.27278,0.35394,0.00000,0.00000,0.00000,0.52016,0.72242,0.56075,0.00000,0.00000,0,1,0
ARP_poisioning,1,0.35975,0.00003,0.13115,0.11913,0.62442,0.62442,0.64230,0.35394,0.00000,0.00000,0.00000,0.53581,0.63885,0.26306,0.00000,0.00000,0,1,0
ARP_poisioning,1,0.35975,0.00028,0.19213,0.17453,0.52332,0.52332,0.54600,0.35394,0.00000,0.00000,0.00000,0.52976,0.52254,0.33166,0.00000,0.00000,0,1,0
ARP_poisioning,1,0.35975,0.27543,0.43105,0.37239,0.08948,0.08038,0.11717,0.30951,0.50000,0.44696,0.00000,0.46094,0.59951,0.68084,0.99820,0.99948,1,0,0
ARP_poisioning,1,0.35975,0.00278,0.13115,0.11913,0.30865,0.30865,0.34110,0.35394,0.00000,0.00000,0.00000,0.53282,0.67834,0.50516,0.00000,0.00000,0,1,0
ARP_poisioning,1,0.44437,0.00000,0.08274,0.00000,0.00000,0.00000,0.00000,0.00000,0.00000,0.00000,0.00000,0.54718,0.00000,0.00000,0.00000,0.00000,0,1,0
ARP_poisioning,1,0.35975,0.00002,0.13115,0.11913,0.65618,0.65618,0.67255,0.35394,0.00000,0.00000,0.00000,0.53282,0.54757,0.23900,0.00000,0.00000,0,1,0
ARP_poisioning,1,0.77431,0.00000,0.08274,0.00000,0.00000,0.00000,0.00000,0.00000,0.00000,0.00000,0.00000,0.53581,0.00000,0.00000,0.00000,0.00000,0,1,0
ARP_poisioning,1,0.77431,0.00000,0.08274,0.00000,0.00000,0.00000,0.00000,0.00000,0.00000,0.00000,0.00000,0.54718,0.00000,0.00000,0.00000,0.00000,0,1,0
ARP_poisioning,1,0.77431,0.00000,0.08274,0.00000,0.00000,0.00000,0.00000,0.00000,0.00000,0.00000,0.00000,0.53874,0.00000,0.00000,0.00000,0.00000,0,1,0
ARP_poisioning,1,0.35975,0.00146,0.13115,0.11913,0.35515,0.35515,0.38560,0.35394,0.00000,0.00000,0.00000,0.54442,0.58706,0.46920,0.00000,0.00000,0,1,0
ARP_poisioning,1,0.44437,0.00000,0.08274,0.00000,0.00000,0.00000,0.00000,0.00000,0.00000,0.00000,0.00000,0.54718,0.00000,0.00000,0.00000,0.00000,0,1,0
ARP_poisioning,1,0.77431,0.00000,0.08274,0.00000,0.00000,0.00000,0.00000,0.00000,0.00000,0.00000,0.00000,0.53581,0.00000,0.00000,0.00000,0.00000,0,1,0
ARP_poisioning,1,0.77431,0.16152,0.16549,0.00000,0.04023,0.00000,0.03831,0.00000,0.00000,0.00000,0.00000,0.66154,0.00000,0.80166,0.00000,0.00000,0,1,0
ARP_poisioning,1,0.54976,0.42079,0.50716,0.47105,0.05171,0.05537,0.07996,0.37920,0.50000,0.53019,0.28906,0.39044,0.98856,0.72013,0.99820,0.99948,1,0,0
ARP_poisioning,1,0.77431,0.00000,0.08274,0.00000,0.00000,0.00000,0.00000,0.00000,0.00000,0.00000,0.00000,0.52663,0.00000,0.00000,0.00000,0.00000,0,1,0
ARP_poisioning,1,0.39632,0.49769,0.38425,0.32486,0.01119,0.00900,0.01806,0.29777,0.50000,0.40126,0.00000,0.59355,0.71881,0.83083,0.99820,0.92636,1,0,0
ARP_poisioning,1,0.54976,0.25077,0.26229,0.30066,0.03879,0.06118,0.07655,0.53925,0.00000,0.00000,0.00000,0.83567,0.76261,0.72601,0.00000,0.00000,0,1,0
ARP_poisioning,1,0.77431,0.00000,0.08274,0.00000,0.00000,0.00000,0.00000,0.00000,0.00000,0.00000,0.00000,0.53581,0.00000,0.00000,0.00000,0.00000,0,1,0
ARP_poisioning,1,0.35975,0.00984,0.13115,0.11913,0.21740,0.21740,0.25296,0.35394,0.00000,0.00000,0.00000,0.53874,0.60153,0.57704,0.00000,0.00000,0,1,0
ARP_poisioning,1,0.38054,0.00000,0.00000,0.07517,0.00000,0.00000,0.00000,0.00000,0.00000,0.00000,0.00000,0.00000,0.86592,0.00000,0.00000,0.00000,0,1,0
ARP_poisioning,1,0.35975,0.00561,0.13115,0.11913,0.25785,0.25785,0.29222,0.35394,0.00000,0.00000,0.00000,0.54988,0.65014,0.54486,0.00000,0.00000,0,1,0
DDOS_Slowloris,1,0.39632,0.00045,0.19213,0.15033,0.48931,0.46859,0.50442,0.28575,0.50000,0.20760,0.00000,0.53946,0.00000,0.36618,0.99820,0.99948,1,0,0
DDOS_Slowloris,1,0.39632,0.00005,0.26229,0.00000,0.69435,0.00000,0.66129,0.00000,0.50000,0.20760,0.28906,0.46122,0.00000,0.23954,0.99992,0.00000,1,0,0
DDOS_Slowloris,1,0.39632,0.30523,0.21389,0.17453,0.01604,0.01311,0.02545,0.30014,0.50000,0.23441,0.00000,0.51544,0.00000,0.81395,0.99820,0.99948,1,0,0
DDOS_Slowloris,1,0.39632,0.34638,0.24823,0.28618,0.01478,0.02541,0.03439,0.53606,0.50000,0.31412,0.28906,0.47853,0.74253,0.78979,0.99820,0.99948,1,0,0
DDOS_Slowloris,1,0.39632,0.00005,0.26229,0.00000,0.69660,0.00000,0.66343,0.00000,0.50000,0.20760,0.28906,0.46122,0.00000,0.23784,0.99992,0.00000,1,0,0
DDOS_Slowloris,1,0.39632,0.32738,0.23229,0.19430,0.01535,0.01301,0.02481,0.30951,0.50000,0.25581,0.00000,0.49870,0.00000,0.81439,0.99820,0.99948,1,0,0
DDOS_Slowloris,1,0.39632,0.31895,0.23229,0.19430,0.01661,0.01409,0.02669,0.30951,0.50000,0.25581,0.00000,0.49870,0.00000,0.80955,0.99820,0.99948,1,0,0
DDOS_Slowloris,1,0.39632,0.00067,0.19213,0.15033,0.46148,0.44077,0.47790,0.28575,0.50000,0.20760,0.00000,0.53874,0.00000,0.38750,0.99820,0.99948,1,0,0
DDOS_Slowloris,1,0.39632,0.34604,0.24823,0.26947,0.01482,0.02210,0.03171,0.48226,0.50000,0.30226,0.28906,0.47789,0.70997,0.79575,0.99820,0.99948,1,0,0
DDOS_Slowloris,1,0.39632,0.34588,0.24823,0.26003,0.01485,0.02038,0.03033,0.45308,0.50000,0.29579,0.28906,0.47853,0.68373,0.79900,0.99820,0.99948,1,0,0
DDOS_Slowloris,1,0.39632,0.34637,0.24823,0.28618,0.01478,0.02541,0.03439,0.53606,0.50000,0.31412,0.28906,0.47789,0.74253,0.78979,0.99820,0.99948,1,0,0
DDOS_Slowloris,1,0.39632,0.30521,0.23229,0.17453,0.01887,0.01311,0.02777,0.26084,0.63093,0.23441,0.00000,0.49075,0.00000,0.80744,0.99820,0.99948,1,0,0
DDOS_Slowloris,1,0.39632,0.00046,0.19213,0.15033,0.48890,0.46818,0.50404,0.28575,0.50000,0.20760,0.00000,0.53946,0.00000,0.36649,0.99820,0.99948,1,0,0
DDOS_Slowloris,1,0.39632,0.33514,0.23229,0.19430,0.01428,0.01209,0.02318,0.30951,0.50000,0.25581,0.00000,0.49806,0.00000,0.81883,0.99820,0.99948,1,0,0
DDOS_Slowloris,1,0.39632,0.34610,0.24823,0.26947,0.01482,0.02209,0.03170,0.48226,0.50000,0.30226,0.28906,0.47789,0.70997,0.79578,0.99820,0.99948,1,0,0
DDOS_Slowloris,1,0.39632,0.34547,0.23229,0.19430,0.01295,0.01095,0.02116,0.30951,0.50000,0.25581,0.00000,0.49870,0.00000,0.82473,0.99820,0.99948,1,0,0
DDOS_Slowloris,1,0.39632,0.00104,0.19213,0.15033,0.42952,0.40883,0.44744,0.28575,0.50000,0.20760,0.00000,0.53946,0.00000,0.41200,0.99820,0.99948,1,0,0
DDOS_Slowloris,1,0.39632,0.00035,0.19213,0.15033,0.50716,0.48643,0.52143,0.28575,0.50000,0.20760,0.00000,0.53946,0.00000,0.35251,0.99820,0.99948,1,0,0
DDOS_Slowloris,1,0.39632,0.31058,0.21389,0.17453,0.01525,0.01245,0.02428,0.30014,0.50000,0.23441,0.00000,0.51544,0.00000,0.81705,0.99820,0.99948,1,0,0
DDOS_Slowloris,1,0.39632,0.34653,0.26229,0.27815,0.01664,0.02371,0.03434,0.46788,0.50000,0.31412,0.28906,0.46059,0.72856,0.78988,0.99820,0.99948,1,0,0
DDOS_Slowloris,1,0.39632,0.00039,0.19213,0.15033,0.50028,0.47955,0.51487,0.28575,0.50000,0.20760,0.00000,0.53946,0.00000,0.35779,0.99820,0.99948,1,0,0
DDOS_Slowloris,1,0.39632,0.00005,0.26229,0.00000,0.69573,0.00000,0.66260,0.00000,0.50000,0.20760,0.28906,0.46122,0.00000,0.23850,0.99992,0.00000,1,0,0
DDOS_Slowloris,1,0.39632,0.34626,0.24823,0.28618,0.01479,0.02543,0.03442,0.53606,0.50000,0.31412,0.28906,0.47789,0.74253,0.78973,0.99820,0.99948,1,0,0
DDOS_Slowloris,1,0.39632,0.00040,0.19213,0.15033,0.49770,0.47697,0.51241,0.28575,0.50000,0.20760,0.00000,0.53874,0.00000,0.35976,0.99820,0.99948,1,0,0
DDOS_Slowloris,1,0.39632,0.00129,0.19213,0.15033,0.41356,0.39288,0.43221,0.28575,0.50000,0.20760,0.00000,0.53946,0.00000,0.42426,0.99820,0.99948,1,0,0
DDOS_Slowloris,1,0.39632,0.34654,0.26229,0.27815,0.01664,0.02371,0.03434,0.46788,0.50000,0.31412,0.28906,0.45995,0.72856,0.78988,0.99820,0.99948,1,0,0
DDOS_Slowloris,1,0.39632,0.00033,0.19213,0.15033,0.51127,0.49054,0.52535,0.28575,0.50000,0.20760,0.00000,0.53946,0.00000,0.34937,0.99820,0.99948,1,0,0
DDOS_Slowloris,1,0.39632,0.00039,0.19213,0.15033,0.49995,0.47922,0.51456,0.28575,0.50000,0.20760,0.00000,0.53874,0.00000,0.35804,0.99820,0.99948,1,0,0
DDOS_Slowloris,1,0.39632,0.30528,0.21389,0.17453,0.01603,0.01310,0.02544,0.30014,0.50000,0.23441,0.00000,0.51612,0.00000,0.81398,0.99820,0.99948,1,0,0
DDOS_Slowloris,1,0.39632,0.31059,0.21389,0.17453,0.01525,0.01245,0.02427,0.30014,0.50000,0.23441,0.00000,0.51680,0.00000,0.81705,0.99820,0.99948,1,0,0
DDOS_Slowloris,1,0.39632,0.00039,0.19213,0.15033,0.49943,0.47870,0.51407,0.28575,0.50000,0.20760,0.00000,0.53946,0.00000,0.35843,0.99820,0.99948,1,0,0
DDOS_Slowloris,1,0.39632,0.34589,0.24823,0.26003,0.01485,0.02038,0.03033,0.45308,0.50000,0.29579,0.28906,0.47789,0.68373,0.79901,0.99820,0.99948,1,0,0
DDOS_Slowloris,1,0.39632,0.00060,0.19213,0.15033,0.46909,0.44838,0.48516,0.28575,0.50000,0.20760,0.00000,0.53874,0.00000,0.38167,0.99820,0.99948,1,0,0
DDOS_Slowloris,1,0.39632,0.00068,0.19213,0.15033,0.45985,0.43914,0.47635,0.28575,0.50000,0.20760,0.00000,0.53874,0.00000,0.38875,0.99820,0.99948,1,0,0
DDOS_Slowloris,1,0.39632,0.00035,0.19213,0.15033,0.50711,0.48638,0.52138,0.28575,0.50000,0.20760,0.00000,0.53874,0.00000,0.35256,0.99820,0.99948,1,0,0
DDOS_Slowloris,1,0.39632,0.33144,0.23229,0.19430,0.01478,0.01252,0.02394,0.30951,0.50000,0.25581,0.00000,0.49935,0.00000,0.81672,0.99820,0.99948,1,0,0
DDOS_Slowloris,1,0.39632,0.34598,0.24823,0.26947,0.01483,0.02212,0.03173,0.48226,0.50000,0.30226,0.28906,0.47789,0.70997,0.79571,0.99820,0.99948,1,0,0
DDOS_Slowloris,1,0.39632,0.00005,0.26229,0.00000,0.69491,0.00000,0.66182,0.00000,0.50000,0.20760,0.28906,0.46122,0.00000,0.23912,0.99992,0.00000,1,0,0
DDOS_Slowloris,1,0.39632,0.00028,0.19213,0.15033,0.52340,0.50267,0.53690,0.28575,0.50000,0.20760,0.00000,0.53874,0.00000,0.34009,0.99820,0.99948,1,0,0
DDOS_Slowloris,1,0.39632,0.34590,0.24823,0.26003,0.01484,0.02038,0.03033,0.45308,0.50000,0.29579,0.28906,0.47789,0.68373,0.79901,0.99820,0.99948,1,0,0
DDOS_Slowloris,1,0.39632,0.00005,0.26229,0.00000,0.69573,0.00000,0.66260,0.00000,0.50000,0.20760,0.28906,0.46122,0.00000,0.23850,0.99992,0.00000,1,0,0
DDOS_Slowloris,1,0.39632,0.00045,0.19213,0.15033,0.48991,0.46918,0.50499,0.28575,0.50000,0.20760,0.00000,0.53946,0.00000,0.36572,0.99820,0.99948,1,0,0
DDOS_Slowloris,1,0.39632,0.33517,0.23229,0.19430,0.01427,0.01208,0.02317,0.30951,0.50000,0.25581,0.00000,0.49806,0.00000,0.81885,0.99820,0.99948,1,0,0
DDOS_Slowloris,1,0.39632,0.00005,0.26229,0.00000,0.69517,0.00000,0.66207,0.00000,0.50000,0.20760,0.28906,0.46122,0.00000,0.23892,0.99992,0.00000,1,0,0
DDOS_Slowloris,1,0.39632,0.34567,0.26229,0.22550,0.01677,0.01488,0.02743,0.32098,0.50000,0.28154,0.28906,0.45931,0.58291,0.80626,0.99820,0.99948,1,0,0
DDOS_Slowloris,1,0.39632,0.34597,0.24823,0.26947,0.01483,0.02212,0.03173,0.48226,0.50000,0.30226,0.28906,0.47789,0.70997,0.79570,0.99820,0.99948,1,0,0
DDOS_Slowloris,1,0.39632,0.31882,0.23229,0.19430,0.01663,0.01411,0.02672,0.30951,0.50000,0.25581,0.00000,0.49935,0.00000,0.80947,0.99820,0.99948,1,0,0
DDOS_Slowloris,1,0.39632,0.00069,0.19213,0.15033,0.45846,0.43775,0.47502,0.28575,0.50000,0.20760,0.00000,0.53946,0.00000,0.38981,0.99820,0.99948,1,0,0
DDOS_Slowloris,1,0.39632,0.00040,0.19213,0.15033,0.49759,0.47687,0.51231,0.28575,0.50000,0.20760,0.00000,0.53946,0.00000,0.35984,0.99820,0.99948,1,0,0
DDOS_Slowloris,1,0.39632,0.00031,0.19213,0.15033,0.51627,0.49554,0.53011,0.28575,0.50000,0.20760,0.00000,0.53946,0.00000,0.34555,0.99820,0.99948,1,0,0
DDOS_Slowloris,1,0.39632,0.32742,0.23229,0.19430,0.01535,0.01301,0.02480,0.30951,0.50000,0.25581,0.00000,0.49935,0.00000,0.81441,0.99820,0.99948,1,0,0
DDOS_Slowloris,1,0.39632,0.34593,0.24823,0.26947,0.01484,0.02212,0.03174,0.48226,0.50000,0.30226,0.28906,0.47661,0.70997,0.79568,0.99820,0.99948,1,0,0
DDOS_Slowloris,1,0.39632,0.00044,0.19213,0.15033,0.49110,0.47037,0.50613,0.28575,0.50000,0.20760,0.00000,0.53946,0.00000,0.36481,0.99820,0.99948,1,0,0
DDOS_Slowloris,1,0.39632,0.32314,0.23229,0.19430,0.01598,0.01355,0.02574,0.30951,0.50000,0.25581,0.00000,0.49935,0.00000,0.81196,0.99820,0.99948,1,0,0
DDOS_Slowloris,1,0.39632,0.34596,0.24823,0.26947,0.01484,0.02212,0.03174,0.48226,0.50000,0.30226,0.28906,0.47789,0.70997,0.79570,0.99820,0.99948,1,0,0
DDOS_Slowloris,1,0.39632,0.00001,0.26229,0.00000,0.78749,0.00000,0.74999,0.00000,0.50000,0.20760,0.28906,0.46122,0.00000,0.17009,0.99992,0.00000,1,0,0
DDOS_Slowloris,1,0.39632,0.00030,0.19213,0.15033,0.51975,0.49902,0.53342,0.28575,0.50000,0.20760,0.00000,0.53874,0.00000,0.34289,0.99820,0.99948,1,0,0
DDOS_Slowloris,1,0.39632,0.34647,0.26229,0.28618,0.01665,0.02539,0.03570,0.49279,0.50000,0.31959,0.28906,0.45995,0.71763,0.78701,0.99820,0.99948,1,0,0
DDOS_Slowloris,1,0.39632,0.34563,0.26229,0.22550,0.01678,0.01488,0.02744,0.32098,0.50000,0.28154,0.28906,0.45995,0.58291,0.80623,0.99820,0.99948,1,0,0
DDOS_Slowloris,1,0.39632,0.00005,0.26229,0.00000,0.70215,0.00000,0.66871,0.00000,0.50000,0.20760,0.28906,0.46122,0.00000,0.23365,0.99992,0.00000,1,0,0
DDOS_Slowloris,1,0.39632,0.32322,0.23229,0.19430,0.01596,0.01354,0.02572,0.30951,0.50000,0.25581,0.00000,0.49935,0.00000,0.81200,0.99820,0.99948,1,0,0
DDOS_Slowloris,1,0.39632,0.00052,0.19213,0.15033,0.47952,0.45880,0.49510,0.28575,0.50000,0.20760,0.00000,0.53946,0.00000,0.37367,0.99820,0.99948,1,0,0
DDOS_Slowloris,1,0.39632,0.33142,0.23229,0.19430,0.01478,0.01252,0.02395,0.30951,0.50000,0.25581,0.00000,0.49935,0.00000,0.81671,0.99820,0.99948,1,0,0
DDOS_Slowloris,1,0.39632,0.34611,0.24823,0.27815,0.01482,0.02380,0.03309,0.50987,0.50000,0.30835,0.28906,0.47789,0.72856,0.79263,0.99820,0.99948,1,0,0
DDOS_Slowloris,1,0.39632,0.00040,0.19213,0.15033,0.49793,0.47720,0.51263,0.28575,0.50000,0.20760,0.00000,0.53946,0.00000,0.35958,0.99820,0.99948,1,0,0
DDOS_Slowloris,1,0.39632,0.32327,0.23229,0.19430,0.01596,0.01353,0.02571,0.30951,0.50000,0.25581,0.00000,0.49935,0.00000,0.81203,0.99820,0.99948,1,0,0
DDOS_Slowloris,1,0.39632,0.34655,0.26229,0.27815,0.01664,0.02371,0.03434,0.46788,0.50000,0.31412,0.28906,0.45995,0.72856,0.78989,0.99820,0.99948,1,0,0
DDOS_Slowloris,1,0.39632,0.32307,0.23229,0.19430,0.01598,0.01355,0.02575,0.30951,0.50000,0.25581,0.00000,0.49935,0.00000,0.81192,0.99820,0.99948,1,0,0
DDOS_Slowloris,1,0.39632,0.00005,0.26229,0.00000,0.69491,0.00000,0.66182,0.00000,0.50000,0.20760,0.28906,0.46122,0.00000,0.23912,0.99992,0.00000,1,0,0
DDOS_Slowloris,1,0.39632,0.32314,0.23229,0.19430,0.01597,0.01355,0.02574,0.30951,0.50000,0.25581,0.00000,0.49870,0.00000,0.81196,0.99820,0.99948,1,0,0
DDOS_Slowloris,1,0.39632,0.00054,0.19213,0.15033,0.47679,0.45607,0.49249,0.28575,0.50000,0.20760,0.00000,0.53946,0.00000,0.37577,0.99820,0.99948,1,0,0
DDOS_Slowloris,1,0.39632,0.34565,0.26229,0.22550,0.01677,0.01488,0.02744,0.32098,0.50000,0.28154,0.28906,0.46059,0.58291,0.80625,0.99820,0.99948,1,0,0
DDOS_Slowloris,1,0.39632,0.31044,0.21389,0.17453,0.01527,0.01247,0.02431,0.30014,0.50000,0.23441,0.00000,0.51612,0.00000,0.81697,0.99820,0.99948,1,0,0
DDOS_Slowloris,1,0.39632,0.34618,0.24823,0.27815,0.01481,0.02378,0.03308,0.50987,0.50000,0.30835,0.28906,0.47853,0.72856,0.79266,0.99820,0.99948,1,0,0
DDOS_Slowloris,1,0.39632,0.32306,0.24823,0.17453,0.01834,0.01104,0.02576,0.23079,0.50000,0.25581,0.00000,0.56508,0.00000,0.81191,0.99820,0.99948,1,0,0
DDOS_Slowloris,1,0.39632,0.34581,0.24823,0.26003,0.01486,0.02039,0.03035,0.45308,0.50000,0.29579,0.28906,0.47853,0.68373,0.79896,0.99820,0.99948,1,0,0
DDOS_Slowloris,1,0.39632,0.00005,0.26229,0.00000,0.69477,0.00000,0.66169,0.00000,0.50000,0.20760,0.28906,0.46122,0.00000,0.23922,0.99992,0.00000,1,0,0
DDOS_Slowloris,1,0.39632,0.00005,0.26229,0.00000,0.69683,0.00000,0.66365,0.00000,0.50000,0.20760,0.28906,0.46122,0.00000,0.23766,0.99992,0.00000,1,0,0
DDOS_Slowloris,1,0.39632,0.00006,0.26229,0.00000,0.69141,0.00000,0.65849,0.00000,0.50000,0.20760,0.28906,0.46122,0.00000,0.24176,0.99992,0.00000,1,0,0
DDOS_Slowloris,1,0.39632,0.00005,0.26229,0.00000,0.70172,0.00000,0.66830,0.00000,0.50000,0.20760,0.28906,0.46122,0.00000,0.23398,0.99992,0.00000,1,0,0
DDOS_Slowloris,1,0.39632,0.34617,0.24823,0.27815,0.01481,0.02379,0.03308,0.50987,0.50000,0.30835,0.28906,0.47789,0.72856,0.79266,0.99820,0.99948,1,0,0
DDOS_Slowloris,1,0.39632,0.34553,0.26229,0.22550,0.01679,0.01490,0.02746,0.32098,0.50000,0.28154,0.28906,0.45931,0.58291,0.80618,0.99820,0.99948,1,0,0
DDOS_Slowloris,1,0.39632,0.00037,0.19213,0.15033,0.50311,0.48238,0.51757,0.28575,0.50000,0.20760,0.00000,0.53874,0.00000,0.35562,0.99820,0.99948,1,0,0
DDOS_Slowloris,1,0.39632,0.00005,0.26229,0.00000,0.69461,0.00000,0.66153,0.00000,0.50000,0.20760,0.28906,0.46122,0.00000,0.23934,0.99992,0.00000,1,0,0
DDOS_Slowloris,1,0.39632,0.34646,0.26229,0.28618,0.01665,0.02539,0.03570,0.49279,0.50000,0.31959,0.28906,0.45995,0.71763,0.78701,0.99820,0.99948,1,0,0
DDOS_Slowloris,1,0.39632,0.33517,0.23229,0.19430,0.01427,0.01208,0.02317,0.30951,0.50000,0.25581,0.00000,0.49806,0.00000,0.81885,0.99820,0.99948,1,0,0
DDOS_Slowloris,1,0.39632,0.00002,0.26229,0.00000,0.77611,0.00000,0.73916,0.00000,0.50000,0.20760,0.28906,0.46122,0.00000,0.17843,0.99992,0.00000,1,0,0
DDOS_Slowloris,1,0.39632,0.34591,0.24823,0.26947,0.01484,0.02213,0.03175,0.48226,0.50000,0.30226,0.28906,0.47725,0.70997,0.79567,0.99820,0.99948,1,0,0
DDOS_Slowloris,1,0.39632,0.00075,0.19213,0.15033,0.45245,0.43174,0.46929,0.28575,0.50000,0.20760,0.00000,0.53946,0.00000,0.39442,0.99820,0.99948,1,0,0
DDOS_Slowloris,1,0.39632,0.34596,0.24823,0.26947,0.01484,0.02212,0.03174,0.48226,0.50000,0.30226,0.28906,0.47789,0.70997,0.79570,0.99820,0.99948,1,0,0
DDOS_Slowloris,1,0.39632,0.31883,0.23229,0.19430,0.01663,0.01411,0.02672,0.30951,0.50000,0.25581,0.00000,0.49806,0.00000,0.80948,0.99820,0.99948,1,0,0
DDOS_Slowloris,1,0.39632,0.30016,0.21389,0.17453,0.01682,0.01376,0.02660,0.30014,0.50000,0.23441,0.00000,0.51612,0.00000,0.81101,0.99820,0.99948,1,0,0
DDOS_Slowloris,1,0.39632,0.31046,0.21389,0.17453,0.01527,0.01246,0.02430,0.30014,0.50000,0.23441,0.00000,0.51612,0.00000,0.81698,0.99820,0.99948,1,0,0
DDOS_Slowloris,1,0.39632,0.33516,0.23229,0.19430,0.01427,0.01208,0.02317,0.30951,0.50000,0.25581,0.00000,0.49935,0.00000,0.81885,0.99820,0.99948,1,0,0
DDOS_Slowloris,1,0.39632,0.34578,0.24823,0.26003,0.01486,0.02040,0.03035,0.45308,0.50000,0.29579,0.28906,0.47789,0.68373,0.79895,0.99820,0.99948,1,0,0
DDOS_Slowloris,1,0.39632,0.32741,0.23229,0.19430,0.01535,0.01301,0.02480,0.30951,0.50000,0.25581,0.00000,0.49935,0.00000,0.81441,0.99820,0.99948,1,0,0
DDOS_Slowloris,1,0.39632,0.00039,0.19213,0.15033,0.49925,0.47852,0.51389,0.28575,0.50000,0.20760,0.00000,0.53946,0.00000,0.35857,0.99820,0.99948,1,0,0
DDOS_Slowloris,1,0.39632,0.30523,0.21389,0.17453,0.01604,0.01311,0.02545,0.30014,0.50000,0.23441,0.00000,0.51612,0.00000,0.81395,0.99820,0.99948,1,0,0
DDOS_Slowloris,1,0.39632,0.00005,0.26229,0.00000,0.69830,0.00000,0.66505,0.00000,0.50000,0.20760,0.28906,0.46122,0.00000,0.23656,0.99992,0.00000,1,0,0
DDOS_Slowloris,1,0.39632,0.34580,0.24823,0.26003,0.01486,0.02039,0.03035,0.45308,0.50000,0.29579,0.28906,0.47789,0.68373,0.79896,0.99820,0.99948,1,0,0
DDOS_Slowloris,1,0.39632,0.31893,0.23229,0.19430,0.01661,0.01410,0.02669,0.30951,0.50000,0.25581,0.00000,0.49870,0.00000,0.80953,0.99820,0.99948,1,0,0
DDOS_Slowloris,1,0.39632,0.00005,0.26229,0.00000,0.69451,0.00000,0.66144,0.00000,0.50000,0.20760,0.28906,0.46122,0.00000,0.23942,0.99992,0.00000,1,0,0
DDOS_Slowloris,1,0.39632,0.00065,0.19213,0.15033,0.46375,0.44304,0.48007,0.28575,0.50000,0.20760,0.00000,0.53874,0.00000,0.38576,0.99820,0.99948,1,0,0
DDOS_Slowloris,1,0.39632,0.34555,0.26229,0.22550,0.01679,0.01489,0.02746,0.32098,0.50000,0.28154,0.28906,0.45995,0.58291,0.80619,0.99820,0.99948,1,0,0
DDOS_Slowloris,1,0.39632,0.32324,0.23229,0.19430,0.01596,0.01353,0.02572,0.30951,0.50000,0.25581,0.00000,0.49870,0.00000,0.81201,0.99820,0.99948,1,0,0
DDOS_Slowloris,1,0.39632,0.34582,0.24823,0.26003,0.01485,0.02039,0.03034,0.45308,0.50000,0.29579,0.28906,0.47789,0.68373,0.79897,0.99820,0.99948,1,0,0
DDOS_Slowloris,1,0.39632,0.34627,0.24823,0.28618,0.01479,0.02543,0.03442,0.53606,0.50000,0.31412,0.28906,0.47789,0.74253,0.78973,0.99820,0.99948,1,0,0
DDOS_Slowloris,1,0.39632,0.00005,0.26229,0.00000,0.69300,0.00000,0.66000,0.00000,0.50000,0.20760,0.28906,0.46122,0.00000,0.24056,0.99992,0.00000,1,0,0
DDOS_Slowloris,1,0.39632,0.31050,0.21389,0.17453,0.01527,0.01246,0.02429,0.30014,0.50000,0.23441,0.00000,0.51680,0.00000,0.81700,0.99820,0.99948,1,0,0
DDOS_Slowloris,1,0.39632,0.00038,0.19213,0.15033,0.50178,0.48105,0.51630,0.28575,0.50000,0.20760,0.00000,0.53874,0.00000,0.35664,0.99820,0.99948,1,0,0
DDOS_Slowloris,1,0.39632,0.34655,0.26229,0.27815,0.01664,0.02371,0.03434,0.46788,0.50000,0.31412,0.28906,0.45995,0.72856,0.78989,0.99820,0.99948,1,0,0
DDOS_Slowloris,1,0.39632,0.34570,0.24823,0.26003,0.01487,0.02041,0.03038,0.45308,0.50000,0.29579,0.28906,0.47853,0.68373,0.79890,0.99820,0.99948,1,0,0
DDOS_Slowloris,1,0.39632,0.00037,0.19213,0.15033,0.50367,0.48294,0.51810,0.28575,0.50000,0.20760,0.00000,0.53874,0.00000,0.35519,0.99820,0.99948,1,0,0
DDOS_Slowloris,1,0.39632,0.00071,0.19213,0.15033,0.45677,0.43606,0.47341,0.28575,0.50000,0.20760,0.00000,0.53874,0.00000,0.39111,0.99820,0.99948,1,0,0
DDOS_Slowloris,1,0.39632,0.34599,0.24823,0.26947,0.01483,0.02211,0.03173,0.48226,0.50000,0.30226,0.28906,0.47789,0.70997,0.79571,0.99820,0.99948,1,0,0
DDOS_Slowloris,1,0.39632,0.00061,0.19213,0.15033,0.46756,0.44684,0.48369,0.28575,0.50000,0.20760,0.00000,0.53874,0.00000,0.38284,0.99820,0.99948,1,0,0
DDOS_Slowloris,1,0.39632,0.31052,0.21389,0.17453,0.01526,0.01246,0.02429,0.30014,0.50000,0.23441,0.00000,0.51612,0.00000,0.81702,0.99820,0.99948,1,0,0
DDOS_Slowloris,1,0.39632,0.00067,0.19213,0.15033,0.46151,0.44080,0.47793,0.28575,0.50000,0.20760,0.00000,0.53946,0.00000,0.38747,0.99820,0.99948,1,0,0
DDOS_Slowloris,1,0.39632,0.33514,0.23229,0.19430,0.01428,0.01209,0.02318,0.30951,0.50000,0.25581,0.00000,0.49806,0.00000,0.81884,0.99820,0.99948,1,0,0
DDOS_Slowloris,1,0.39632,0.32308,0.23229,0.19430,0.01598,0.01355,0.02575,0.30951,0.50000,0.25581,0.00000,0.49935,0.00000,0.81192,0.99820,0.99948,1,0,0
DDOS_Slowloris,1,0.39632,0.34602,0.24823,0.26947,0.01483,0.02211,0.03172,0.48226,0.50000,0.30226,0.28906,0.47853,0.70997,0.79574,0.99820,0.99948,1,0,0
DDOS_Slowloris,1,0.39632,0.00005,0.26229,0.00000,0.69477,0.00000,0.66169,0.00000,0.50000,0.20760,0.28906,0.46122,0.00000,0.23922,0.99992,0.00000,1,0,0
DDOS_Slowloris,1,0.39632,0.00029,0.19213,0.15033,0.52102,0.50029,0.53464,0.28575,0.50000,0.20760,0.00000,0.53946,0.00000,0.34191,0.99820,0.99948,1,0,0
DDOS_Slowloris,1,0.39632,0.34628,0.24823,0.28618,0.01479,0.02543,0.03441,0.53606,0.50000,0.31412,0.28906,0.47853,0.74253,0.78974,0.99820,0.99948,1,0,0
DDOS_Slowloris,1,0.39632,0.14112,0.16549,0.00000,0.04891,0.00000,0.04658,0.00000,0.63093,0.00000,0.00000,0.00000,0.00000,0.78722,0.99820,0.00000,1,0,0
DDOS_Slowloris,1,0.39632,0.00005,0.26229,0.00000,0.69600,0.00000,0.66285,0.00000,0.50000,0.20760,0.28906,0.46122,0.00000,0.23829,0.99992,0.00000,1,0,0
DDOS_Slowloris,1,0.39632,0.00039,0.19213,0.15033,0.49998,0.47925,0.51459,0.28575,0.50000,0.20760,0.00000,0.53946,0.00000,0.35801,0.99820,0.99948,1,0,0
DDOS_Slowloris,1,0.39632,0.00066,0.19213,0.15033,0.46224,0.44153,0.47863,0.28575,0.50000,0.20760,0.00000,0.53946,0.00000,0.38691,0.99820,0.99948,1,0,0
DDOS_Slowloris,1,0.39632,0.31888,0.23229,0.19430,0.01662,0.01410,0.02670,0.30951,0.50000,0.25581,0.00000,0.49870,0.00000,0.80951,0.99820,0.99948,1,0,0
DDOS_Slowloris,1,0.39632,0.34660,0.26229,0.27815,0.01663,0.02369,0.03432,0.46788,0.50000,0.31412,0.28906,0.46059,0.72856,0.78992,0.99820,0.99948,1,0,0
DDOS_Slowloris,1,0.39632,0.32311,0.23229,0.19430,0.01598,0.01355,0.02574,0.30951,0.50000,0.25581,0.00000,0.49935,0.00000,0.81194,0.99820,0.99948,1,0,0
DDOS_Slowloris,1,0.39632,0.32313,0.23229,0.19430,0.01598,0.01355,0.02574,0.30951,0.50000,0.25581,0.00000,0.49870,0.00000,0.81195,0.99820,0.99948,1,0,0
DDOS_Slowloris,1,0.39632,0.32736,0.23229,0.19430,0.01536,0.01301,0.02481,0.30951,0.50000,0.25581,0.00000,0.49935,0.00000,0.81438,0.99820,0.99948,1,0,0
DDOS_Slowloris,1,0.39632,0.00005,0.26229,0.00000,0.69261,0.00000,0.65963,0.00000,0.50000,0.20760,0.28906,0.46122,0.00000,0.24085,0.99992,0.00000,1,0,0
DDOS_Slowloris,1,0.39632,0.00005,0.26229,0.00000,0.69396,0.00000,0.66091,0.00000,0.50000,0.20760,0.28906,0.46122,0.00000,0.23983,0.99992,0.00000,1,0,0
DDOS_Slowloris,1,0.39632,0.34610,0.24823,0.26947,0.01482,0.02209,0.03170,0.48226,0.50000,0.30226,0.28906,0.47725,0.70997,0.79578,0.99820,0.99948,1,0,0
DDOS_Slowloris,1,0.39632,0.34645,0.24823,0.28618,0.01477,0.02539,0.03437,0.53606,0.50000,0.31412,0.28906,0.47853,0.74253,0.78983,0.99820,0.99948,1,0,0
DDOS_Slowloris,1,0.39632,0.00005,0.26229,0.00000,0.69590,0.00000,0.66276,0.00000,0.50000,0.20760,0.28906,0.46122,0.00000,0.23837,0.99992,0.00000,1,0,0
DDOS_Slowloris,1,0.39632,0.33140,0.23229,0.19430,0.01479,0.01252,0.02395,0.30951,0.50000,0.25581,0.00000,0.49870,0.00000,0.81669,0.99820,0.99948,1,0,0
DDOS_Slowloris,1,0.39632,0.34662,0.26229,0.27815,0.01663,0.02369,0.03432,0.46788,0.50000,0.31412,0.28906,0.46059,0.72856,0.78993,0.99820,0.99948,1,0,0
DDOS_Slowloris,1,0.39632,0.00005,0.26229,0.00000,0.69477,0.00000,0.66169,0.00000,0.50000,0.20760,0.28906,0.46122,0.00000,0.23922,0.99992,0.00000,1,0,0
DDOS_Slowloris,1,0.39632,0.00054,0.19213,0.15033,0.47706,0.45634,0.49275,0.28575,0.50000,0.20760,0.00000,0.53874,0.00000,0.37556,0.99820,0.99948,1,0,0
DDOS_Slowloris,1,0.39632,0.33146,0.23229,0.19430,0.01478,0.01252,0.02394,0.30951,0.50000,0.25581,0.00000,0.49870,0.00000,0.81673,0.99820,0.99948,1,0,0
DDOS_Slowloris,1,0.39632,0.34661,0.26229,0.27815,0.01663,0.02369,0.03432,0.46788,0.50000,0.31412,0.28906,0.45995,0.72856,0.78993,0.99820,0.99948,1,0,0
DDOS_Slowloris,1,0.39632,0.00067,0.19213,0.15033,0.46114,0.44043,0.47757,0.28575,0.50000,0.20760,0.00000,0.53946,0.00000,0.38776,0.99820,0.99948,1,0,0
DDOS_Slowloris,1,0.39632,0.34656,0.26229,0.27815,0.01663,0.02370,0.03434,0.46788,0.50000,0.31412,0.28906,0.46059,0.72856,0.78989,0.99820,0.99948,1,0,0
DDOS_Slowloris,1,0.39632,0.00076,0.19213,0.15033,0.45199,0.43129,0.46886,0.28575,0.50000,0.20760,0.00000,0.53946,0.00000,0.39477,0.99820,0.99948,1,0,0
DDOS_Slowloris,1,0.39632,0.00036,0.19213,0.15033,0.50520,0.48447,0.51956,0.28575,0.50000,0.20760,0.00000,0.53874,0.00000,0.35402,0.99820,0.99948,1,0,0
DDOS_Slowloris,1,0.39632,0.00005,0.26229,0.00000,0.69660,0.00000,0.66343,0.00000,0.50000,0.20760,0.28906,0.46122,0.00000,0.23784,0.99992,0.00000,1,0,0
DDOS_Slowloris,1,0.39632,0.00037,0.19213,0.15033,0.50374,0.48301,0.51817,0.28575,0.50000,0.20760,0.00000,0.53874,0.00000,0.35513,0.99820,0.99948,1,0,0
DDOS_Slowloris,1,0.39632,0.00005,0.26229,0.00000,0.69328,0.00000,0.66027,0.00000,0.50000,0.20760,0.28906,0.46122,0.00000,0.24034,0.99992,0.00000,1,0,0
DDOS_Slowloris,1,0.39632,0.00032,0.19213,0.15033,0.51402,0.49329,0.52796,0.28575,0.50000,0.20760,0.00000,0.53946,0.00000,0.34727,0.99820,0.99948,1,0,0
DDOS_Slowloris,1,0.39632,0.00005,0.26229,0.00000,0.69630,0.00000,0.66314,0.00000,0.50000,0.20760,0.28906,0.46122,0.00000,0.23807,0.99992,0.00000,1,0,0
DDOS_Slowloris,1,0.39632,0.00005,0.26229,0.00000,0.69616,0.00000,0.66301,0.00000,0.50000,0.20760,0.28906,0.46122,0.00000,0.23817,0.99992,0.00000,1,0,0
DDOS_Slowloris,1,0.39632,0.00035,0.19213,0.15033,0.50708,0.48635,0.52135,0.28575,0.50000,0.20760,0.00000,0.53946,0.00000,0.35258,0.99820,0.99948,1,0,0
DDOS_Slowloris,1,0.39632,0.34642,0.24823,0.28618,0.01477,0.02540,0.03438,0.53606,0.50000,0.31412,0.28906,0.47853,0.74253,0.78982,0.99820,0.99948,1,0,0
DDOS_Slowloris,1,0.39632,0.00005,0.26229,0.00000,0.69687,0.00000,0.66368,0.00000,0.50000,0.20760,0.28906,0.46122,0.00000,0.23764,0.99992,0.00000,1,0,0
DDOS_Slowloris,1,0.39632,0.00003,0.26229,0.00000,0.73368,0.00000,0.69874,0.00000,0.50000,0.20760,0.28906,0.46122,0.00000,0.20994,0.99992,0.00000,1,0,0
DDOS_Slowloris,1,0.39632,0.31889,0.23229,0.19430,0.01662,0.01410,0.02670,0.30951,0.50000,0.25581,0.00000,0.49935,0.00000,0.80952,0.99820,0.99948,1,0,0
DDOS_Slowloris,1,0.39632,0.00005,0.26229,0.00000,0.69477,0.00000,0.66169,0.00000,0.50000,0.20760,0.28906,0.46122,0.00000,0.23922,0.99992,0.00000,1,0,0
DDOS_Slowloris,1,0.39632,0.00006,0.26229,0.00000,0.69141,0.00000,0.65849,0.00000,0.50000,0.20760,0.28906,0.46122,0.00000,0.24176,0.99992,0.00000,1,0,0
DDOS_Slowloris,1,0.39632,0.00067,0.19213,0.15033,0.46062,0.43991,0.47709,0.28575,0.50000,0.20760,0.00000,0.53874,0.00000,0.38815,0.99820,0.99948,1,0,0
DDOS_Slowloris,1,0.39632,0.00059,0.19213,0.15033,0.47051,0.44979,0.48650,0.28575,0.50000,0.20760,0.00000,0.53874,0.00000,0.38058,0.99820,0.99948,1,0,0
DDOS_Slowloris,1,0.39632,0.34646,0.26229,0.28618,0.01665,0.02539,0.03570,0.49279,0.50000,0.31959,0.28906,0.45995,0.71763,0.78701,0.99820,0.99948,1,0,0
DDOS_Slowloris,1,0.39632,0.32739,0.23229,0.19430,0.01535,0.01301,0.02480,0.30951,0.50000,0.25581,0.00000,0.49806,0.00000,0.81440,0.99820,0.99948,1,0,0
DDOS_Slowloris,1,0.39632,0.34611,0.24823,0.27815,0.01482,0.02380,0.03309,0.50987,0.50000,0.30835,0.28906,0.47725,0.72856,0.79263,0.99820,0.99948,1,0,0
DDOS_Slowloris,1,0.39632,0.00005,0.26229,0.00000,0.69643,0.00000,0.66327,0.00000,0.50000,0.20760,0.28906,0.46122,0.00000,0.23797,0.99992,0.00000,1,0,0
DDOS_Slowloris,1,0.39632,0.30020,0.21389,0.17453,0.01682,0.01375,0.02659,0.30014,0.50000,0.23441,0.00000,0.51612,0.00000,0.81104,0.99820,0.99948,1,0,0
DDOS_Slowloris,1,0.39632,0.00044,0.19213,0.15033,0.49133,0.47060,0.50635,0.28575,0.50000,0.20760,0.00000,0.53946,0.00000,0.36463,0.99820,0.99948,1,0,0
DDOS_Slowloris,1,0.39632,0.00005,0.26229,0.00000,0.69435,0.00000,0.66129,0.00000,0.50000,0.20760,0.28906,0.46122,0.00000,0.23954,0.99992,0.00000,1,0,0
DDOS_Slowloris,1,0.39632,0.00108,0.19213,0.15033,0.42638,0.40569,0.44444,0.28575,0.50000,0.20760,0.00000,0.53874,0.00000,0.41442,0.99820,0.99948,1,0,0
DDOS_Slowloris,1,0.39632,0.34577,0.24823,0.26003,0.01486,0.02040,0.03036,0.45308,0.50000,0.29579,0.28906,0.47853,0.68373,0.79894,0.99820,0.99948,1,0,0
DDOS_Slowloris,1,0.39632,0.34213,0.24823,0.19430,0.01537,0.01131,0.02347,0.27522,0.63093,0.25581,0.00000,0.47789,0.00000,0.81756,0.99820,0.99948,1,0,0
DDOS_Slowloris,1,0.39632,0.00005,0.26229,0.00000,0.69461,0.00000,0.66153,0.00000,0.50000,0.20760,0.28906,0.46122,0.00000,0.23934,0.99992,0.00000,1,0,0
DDOS_Slowloris,1,0.39632,0.00047,0.19213,0.15033,0.48674,0.46602,0.50197,0.28575,0.50000,0.20760,0.00000,0.53874,0.00000,0.36815,0.99820,0.99948,1,0,0
DDOS_Slowloris,1,0.39632,0.34561,0.26229,0.22550,0.01678,0.01488,0.02745,0.32098,0.50000,0.28154,0.28906,0.45867,0.58291,0.80622,0.99820,0.99948,1,0,0
DDOS_Slowloris,1,0.39632,0.34569,0.24823,0.26003,0.01487,0.02042,0.03038,0.45308,0.50000,0.29579,0.28906,0.47661,0.68373,0.79889,0.99820,0.99948,1,0,0
DDOS_Slowloris,1,0.39632,0.00049,0.19213,0.15033,0.48333,0.46261,0.49872,0.28575,0.50000,0.20760,0.00000,0.53874,0.00000,0.37076,0.99820,0.99948,1,0,0
DDOS_Slowloris,1,0.39632,0.34548,0.23229,0.19430,0.01295,0.01095,0.02116,0.30951,0.50000,0.25581,0.00000,0.49870,0.00000,0.82473,0.99820,0.99948,1,0,0
DDOS_Slowloris,1,0.39632,0.32737,0.23229,0.19430,0.01536,0.01301,0.02481,0.30951,0.50000,0.25581,0.00000,0.49935,0.00000,0.81439,0.99820,0.99948,1,0,0
DDOS_Slowloris,1,0.39632,0.00044,0.19213,0.15033,0.49151,0.47078,0.50652,0.28575,0.50000,0.20760,0.00000,0.53946,0.00000,0.36450,0.99820,0.99948,1,0,0
DDOS_Slowloris,1,0.39632,0.34568,0.24823,0.26003,0.01487,0.02042,0.03038,0.45308,0.50000,0.29579,0.28906,0.47789,0.68373,0.79889,0.99820,0.99948,1,0,0
DDOS_Slowloris,1,0.39632,0.34551,0.23229,0.19430,0.01295,0.01095,0.02115,0.30951,0.50000,0.25581,0.00000,0.49935,0.00000,0.82475,0.99820,0.99948,1,0,0
DDOS_Slowloris,1,0.39632,0.00039,0.19213,0.15033,0.50024,0.47951,0.51484,0.28575,0.50000,0.20760,0.00000,0.53874,0.00000,0.35781,0.99820,0.99948,1,0,0
DDOS_Slowloris,1,0.39632,0.32324,0.23229,0.19430,0.01596,0.01353,0.02571,0.30951,0.50000,0.25581,0.00000,0.49870,0.00000,0.81202,0.99820,0.99948,1,0,0
DDOS_Slowloris,1,0.39632,0.00005,0.26229,0.00000,0.69328,0.00000,0.66027,0.00000,0.50000,0.20760,0.28906,0.46122,0.00000,0.24034,0.99992,0.00000,1,0,0
DDOS_Slowloris,1,0.39632,0.31890,0.23229,0.19430,0.01662,0.01410,0.02670,0.30951,0.50000,0.25581,0.00000,0.49935,0.00000,0.80952,0.99820,0.99948,1,0,0
DDOS_Slowloris,1,0.39632,0.34545,0.23229,0.19430,0.01296,0.01095,0.02116,0.30951,0.50000,0.25581,0.00000,0.49806,0.00000,0.82472,0.99820,0.99948,1,0,0
DDOS_Slowloris,1,0.39632,0.00044,0.19213,0.15033,0.49222,0.47149,0.50719,0.28575,0.50000,0.20760,0.00000,0.53946,0.00000,0.36396,0.99820,0.99948,1,0,0
DDOS_Slowloris,1,0.39632,0.34566,0.26229,0.22550,0.01677,0.01488,0.02743,0.32098,0.50000,0.28154,0.28906,0.45995,0.58291,0.80625,0.99820,0.99948,1,0,0
DDOS_Slowloris,1,0.39632,0.32310,0.23229,0.19430,0.01598,0.01355,0.02575,0.30951,0.50000,0.25581,0.00000,0.49870,0.00000,0.81194,0.99820,0.99948,1,0,0
DDOS_Slowloris,1,0.39632,0.00005,0.26229,0.00000,0.69261,0.00000,0.65963,0.00000,0.50000,0.20760,0.28906,0.46122,0.00000,0.24085,0.99992,0.00000,1,0,0
DDOS_Slowloris,1,0.39632,0.00067,0.19213,0.15033,0.46127,0.44055,0.47770,0.28575,0.50000,0.20760,0.00000,0.53874,0.00000,0.38766,0.99820,0.99948,1,0,0
DDOS_Slowloris,1,0.39632,0.34560,0.26229,0.22550,0.01678,0.01489,0.02745,0.32098,0.50000,0.28154,0.28906,0.45995,0.58291,0.80622,0.99820,0.99948,1,0,0
DDOS_Slowloris,1,0.39632,0.00058,0.19213,0.15033,0.47131,0.45059,0.48727,0.28575,0.50000,0.20760,0.00000,0.53946,0.00000,0.37997,0.99820,0.99948,1,0,0
DDOS_Slowloris,1,0.39632,0.34576,0.24823,0.26003,0.01486,0.02040,0.03036,0.45308,0.50000,0.29579,0.28906,0.47853,0.68373,0.79893,0.99820,0.99948,1,0,0
DDOS_Slowloris,1,0.39632,0.00032,0.19213,0.15033,0.51469,0.49396,0.52860,0.28575,0.50000,0.20760,0.00000,0.53946,0.00000,0.34676,0.99820,0.99948,1,0,0
DDOS_Slowloris,1,0.39632,0.34554,0.26229,0.22550,0.01679,0.01489,0.02746,0.32098,0.50000,0.28154,0.28906,0.45931,0.58291,0.80618,0.99820,0.99948,1,0,0
DDOS_Slowloris,1,0.39632,0.00041,0.19213,0.15033,0.49700,0.47628,0.51175,0.28575,0.50000,0.20760,0.00000,0.53874,0.00000,0.36029,0.99820,0.99948,1,0,0
DDOS_Slowloris,1,0.39632,0.00005,0.26229,0.00000,0.69590,0.00000,0.66276,0.00000,0.50000,0.20760,0.28906,0.46122,0.00000,0.23837,0.99992,0.00000,1,0,0
DDOS_Slowloris,1,0.39632,0.00005,0.26229,0.00000,0.69370,0.00000,0.66067,0.00000,0.50000,0.20760,0.28906,0.46122,0.00000,0.24003,0.99992,0.00000,1,0,0
DDOS_Slowloris,1,0.39632,0.34611,0.24823,0.27815,0.01481,0.02380,0.03309,0.50987,0.50000,0.30835,0.28906,0.47596,0.72856,0.79263,0.99820,0.99948,1,0,0
DDOS_Slowloris,1,0.39632,0.32332,0.23229,0.19430,0.01595,0.01352,0.02570,0.30951,0.50000,0.25581,0.00000,0.49870,0.00000,0.81206,0.99820,0.99948,1,0,0
DDOS_Slowloris,1,0.39632,0.00041,0.19213,0.15033,0.49681,0.47608,0.51157,0.28575,0.50000,0.20760,0.00000,0.53874,0.00000,0.36044,0.99820,0.99948,1,0,0
DDOS_Slowloris,1,0.39632,0.00005,0.26229,0.00000,0.69630,0.00000,0.66314,0.00000,0.50000,0.20760,0.28906,0.46122,0.00000,0.23807,0.99992,0.00000,1,0,0
DDOS_Slowloris,1,0.39632,0.31036,0.21389,0.17453,0.01529,0.01248,0.02432,0.30014,0.50000,0.23441,0.00000,0.51612,0.00000,0.81692,0.99820,0.99948,1,0,0
DDOS_Slowloris,1,0.39632,0.34631,0.24823,0.28618,0.01479,0.02542,0.03441,0.53606,0.50000,0.31412,0.28906,0.47789,0.74253,0.78975,0.99820,0.99948,1,0,0
DDOS_Slowloris,1,0.39632,0.32320,0.23229,0.19430,0.01597,0.01354,0.02572,0.30951,0.50000,0.25581,0.00000,0.49935,0.00000,0.81199,0.99820,0.99948,1,0,0
DDOS_Slowloris,1,0.39632,0.32315,0.23229,0.19430,0.01597,0.01354,0.02573,0.30951,0.50000,0.25581,0.00000,0.49870,0.00000,0.81197,0.99820,0.99948,1,0,0
DDOS_Slowloris,1,0.39632,0.00058,0.19213,0.15033,0.47151,0.45079,0.48746,0.28575,0.50000,0.20760,0.00000,0.53874,0.00000,0.37982,0.99820,0.99948,1,0,0
DDOS_Slowloris,1,0.39632,0.33513,0.23229,0.19430,0.01428,0.01209,0.02318,0.30951,0.50000,0.25581,0.00000,0.49935,0.00000,0.81883,0.99820,0.99948,1,0,0
DDOS_Slowloris,1,0.39632,0.34612,0.24823,0.27815,0.01481,0.02380,0.03309,0.50987,0.50000,0.30835,0.28906,0.47789,0.72856,0.79263,0.99820,0.99948,1,0,0
DDOS_Slowloris,1,0.39632,0.00066,0.19213,0.15033,0.46230,0.44158,0.47868,0.28575,0.50000,0.20760,0.00000,0.53874,0.00000,0.38687,0.99820,0.99948,1,0,0
DDOS_Slowloris,1,0.39632,0.00043,0.19213,0.15033,0.49386,0.47313,0.50876,0.28575,0.50000,0.20760,0.00000,0.53874,0.00000,0.36270,0.99820,0.99948,1,0,0
DDOS_Slowloris,1,0.39632,0.33869,0.23229,0.19430,0.01381,0.01168,0.02246,0.30951,0.50000,0.25581,0.00000,0.49806,0.00000,0.82086,0.99820,0.99948,1,0,0
DDOS_Slowloris,1,0.39632,0.34622,0.24823,0.28618,0.01480,0.02544,0.03443,0.53606,0.50000,0.31412,0.28906,0.47789,0.74253,0.78970,0.99820,0.99948,1,0,0
DDOS_Slowloris,1,0.39632,0.00052,0.19213,0.15033,0.47976,0.45904,0.49532,0.28575,0.50000,0.20760,0.00000,0.53874,0.00000,0.37349,0.99820,0.99948,1,0,0
DDOS_Slowloris,1,0.39632,0.34550,0.23229,0.19430,0.01295,0.01095,0.02115,0.30951,0.50000,0.25581,0.00000,0.49870,0.00000,0.82475,0.99820,0.99948,1,0,0
DDOS_Slowloris,1,0.39632,0.32336,0.23229,0.19430,0.01594,0.01352,0.02569,0.30951,0.50000,0.25581,0.00000,0.49935,0.00000,0.81208,0.99820,0.99948,1,0,0
DDOS_Slowloris,1,0.39632,0.34576,0.24823,0.26003,0.01486,0.02040,0.03036,0.45308,0.50000,0.29579,0.28906,0.47853,0.68373,0.79893,0.99820,0.99948,1,0,0
DDOS_Slowloris,1,0.39632,0.00040,0.19213,0.15033,0.49876,0.47803,0.51342,0.28575,0.50000,0.20760,0.00000,0.53946,0.00000,0.35895,0.99820,0.99948,1,0,0
DDOS_Slowloris,1,0.39632,0.31040,0.21389,0.17453,0.01528,0.01247,0.02431,0.30014,0.50000,0.23441,0.00000,0.51680,0.00000,0.81695,0.99820,0.99948,1,0,0
DDOS_Slowloris,1,0.39632,0.33150,0.23229,0.19430,0.01477,0.01251,0.02393,0.30951,0.50000,0.25581,0.00000,0.49870,0.00000,0.81675,0.99820,0.99948,1,0,0
DDOS_Slowloris,1,0.39632,0.00036,0.19213,0.15033,0.50582,0.48509,0.52015,0.28575,0.50000,0.20760,0.00000,0.53946,0.00000,0.35354,0.99820,0.99948,1,0,0
DDOS_Slowloris,1,0.39632,0.31056,0.21389,0.17453,0.01526,0.01245,0.02428,0.30014,0.50000,0.23441,0.00000,0.51680,0.00000,0.81703,0.99820,0.99948,1,0,0
DDOS_Slowloris,1,0.39632,0.31051,0.21389,0.17453,0.01526,0.01246,0.02429,0.30014,0.50000,0.23441,0.00000,0.51680,0.00000,0.81701,0.99820,0.99948,1,0,0
DDOS_Slowloris,1,0.39632,0.34653,0.26229,0.27815,0.01664,0.02371,0.03434,0.46788,0.50000,0.31412,0.28906,0.46059,0.72856,0.78988,0.99820,0.99948,1,0,0
DDOS_Slowloris,1,0.39632,0.34581,0.24823,0.26003,0.01486,0.02039,0.03035,0.45308,0.50000,0.29579,0.28906,0.47853,0.68373,0.79896,0.99820,0.99948,1,0,0
DDOS_Slowloris,1,0.39632,0.34608,0.24823,0.26947,0.01482,0.02209,0.03171,0.48226,0.50000,0.30226,0.28906,0.47853,0.70997,0.79577,0.99820,0.99948,1,0,0
DDOS_Slowloris,1,0.39632,0.00051,0.19213,0.15033,0.48045,0.45973,0.49598,0.28575,0.50000,0.20760,0.00000,0.53874,0.00000,0.37297,0.99820,0.99948,1,0,0
DDOS_Slowloris,1,0.39632,0.34588,0.24823,0.26003,0.01485,0.02038,0.03033,0.45308,0.50000,0.29579,0.28906,0.47789,0.68373,0.79900,0.99820,0.99948,1,0,0
DDOS_Slowloris,1,0.39632,0.00051,0.19213,0.15033,0.48073,0.46001,0.49625,0.28575,0.50000,0.20760,0.00000,0.53946,0.00000,0.37275,0.99820,0.99948,1,0,0
DDOS_Slowloris,1,0.39632,0.00005,0.26229,0.00000,0.69396,0.00000,0.66091,0.00000,0.50000,0.20760,0.28906,0.46122,0.00000,0.23983,0.99992,0.00000,1,0,0
DDOS_Slowloris,1,0.39632,0.34614,0.24823,0.27815,0.01481,0.02379,0.03309,0.50987,0.50000,0.30835,0.28906,0.47853,0.72856,0.79264,0.99820,0.99948,1,0,0
DDOS_Slowloris,1,0.39632,0.30023,0.21389,0.17453,0.01681,0.01375,0.02658,0.30014,0.50000,0.23441,0.00000,0.51680,0.00000,0.81106,0.99820,0.99948,1,0,0
DDOS_Slowloris,1,0.39632,0.00042,0.19213,0.15033,0.49413,0.47340,0.50901,0.28575,0.50000,0.20760,0.00000,0.53946,0.00000,0.36249,0.99820,0.99948,1,0,0
DDOS_Slowloris,1,0.39632,0.34639,0.24823,0.28618,0.01478,0.02541,0.03438,0.53606,0.50000,0.31412,0.28906,0.47789,0.74253,0.78980,0.99820,0.99948,1,0,0
DDOS_Slowloris,1,0.39632,0.34595,0.24823,0.26947,0.01484,0.02212,0.03174,0.48226,0.50000,0.30226,0.28906,0.47789,0.70997,0.79569,0.99820,0.99948,1,0,0
DDOS_Slowloris,1,0.39632,0.00005,0.26229,0.00000,0.69646,0.00000,0.66330,0.00000,0.50000,0.20760,0.28906,0.46122,0.00000,0.23794,0.99992,0.00000,1,0,0
DDOS_Slowloris,1,0.39632,0.34562,0.26229,0.22550,0.01678,0.01488,0.02744,0.32098,0.50000,0.28154,0.28906,0.45931,0.58291,0.80623,0.99820,0.99948,1,0,0
DDOS_Slowloris,1,0.39632,0.00039,0.19213,0.15033,0.50072,0.48000,0.51530,0.28575,0.50000,0.20760,0.00000,0.53946,0.00000,0.35744,0.99820,0.99948,1,0,0
DDOS_Slowloris,1,0.39632,0.00069,0.19213,0.15033,0.45873,0.43802,0.47528,0.28575,0.50000,0.20760,0.00000,0.53874,0.00000,0.38960,0.99820,0.99948,1,0,0
DDOS_Slowloris,1,0.39632,0.00005,0.26229,0.00000,0.69409,0.00000,0.66104,0.00000,0.50000,0.20760,0.28906,0.46122,0.00000,0.23974,0.99992,0.00000,1,0,0
DDOS_Slowloris,1,0.39632,0.00005,0.26229,0.00000,0.69477,0.00000,0.66169,0.00000,0.50000,0.20760,0.28906,0.46122,0.00000,0.23922,0.99992,0.00000,1,0,0
DDOS_Slowloris,1,0.39632,0.34575,0.24823,0.26003,0.01486,0.02040,0.03036,0.45308,0.50000,0.29579,0.28906,0.47789,0.68373,0.79893,0.99820,0.99948,1,0,0
DDOS_Slowloris,1,0.39632,0.00063,0.19213,0.15033,0.46565,0.44493,0.48187,0.28575,0.50000,0.20760,0.00000,0.53946,0.00000,0.38430,0.99820,0.99948,1,0,0
DDOS_Slowloris,1,0.39632,0.00039,0.19213,0.15033,0.50078,0.48005,0.51535,0.28575,0.50000,0.20760,0.00000,0.53874,0.00000,0.35740,0.99820,0.99948,1,0,0
DDOS_Slowloris,1,0.39632,0.00089,0.19213,0.15033,0.44076,0.42006,0.45815,0.28575,0.50000,0.20760,0.00000,0.53874,0.00000,0.40338,0.99820,0.99948,1,0,0
DDOS_Slowloris,1,0.39632,0.33145,0.23229,0.19430,0.01478,0.01252,0.02394,0.30951,0.50000,0.25581,0.00000,0.49935,0.00000,0.81672,0.99820,0.99948,1,0,0
DDOS_Slowloris,1,0.39632,0.00006,0.26229,0.00000,0.68835,0.00000,0.65558,0.00000,0.50000,0.20760,0.28906,0.46122,0.00000,0.24407,0.99992,0.00000,1,0,0
DDOS_Slowloris,1,0.39632,0.00029,0.19213,0.15033,0.52201,0.50128,0.53558,0.28575,0.50000,0.20760,0.00000,0.53946,0.00000,0.34116,0.99820,0.99948,1,0,0
DDOS_Slowloris,1,0.39632,0.00030,0.19213,0.15033,0.51859,0.49786,0.53232,0.28575,0.50000,0.20760,0.00000,0.53946,0.00000,0.34377,0.99820,0.99948,1,0,0
DDOS_Slowloris,1,0.39632,0.34581,0.24823,0.26003,0.01486,0.02039,0.03035,0.45308,0.50000,0.29579,0.28906,0.47725,0.68373,0.79896,0.99820,0.99948,1,0,0
DDOS_Slowloris,1,0.39632,0.34603,0.24823,0.26947,0.01483,0.02210,0.03172,0.48226,0.50000,0.30226,0.28906,0.47853,0.70997,0.79574,0.99820,0.99948,1,0,0
DDOS_Slowloris,1,0.39632,0.34576,0.24823,0.26003,0.01486,0.02040,0.03036,0.45308,0.50000,0.29579,0.28906,0.47789,0.68373,0.79894,0.99820,0.99948,1,0,0
DDOS_Slowloris,1,0.39632,0.31034,0.21389,0.17453,0.01529,0.01248,0.02433,0.30014,0.50000,0.23441,0.00000,0.51612,0.00000,0.81691,0.99820,0.99948,1,0,0
DDOS_Slowloris,1,0.39632,0.34624,0.24823,0.28618,0.01480,0.02544,0.03443,0.53606,0.50000,0.31412,0.28906,0.47725,0.74253,0.78971,0.99820,0.99948,1,0,0
DDOS_Slowloris,1,0.39632,0.34614,0.24823,0.27815,0.01481,0.02379,0.03309,0.50987,0.50000,0.30835,0.28906,0.47789,0.72856,0.79264,0.99820,0.99948,1,0,0
DDOS_Slowloris,1,0.39632,0.34604,0.24823,0.26947,0.01483,0.02210,0.03172,0.48226,0.50000,0.30226,0.28906,0.47789,0.70997,0.79574,0.99820,0.99948,1,0,0
DDOS_Slowloris,1,0.39632,0.00003,0.26229,0.00000,0.74576,0.00000,0.71025,0.00000,0.50000,0.20760,0.28906,0.46122,0.00000,0.20091,0.99992,0.00000,1,0,0
DDOS_Slowloris,1,0.39632,0.34549,0.23229,0.19430,0.01295,0.01095,0.02115,0.30951,0.50000,0.25581,0.00000,0.49806,0.00000,0.82474,0.99820,0.99948,1,0,0
DDOS_Slowloris,1,0.39632,0.00030,0.19213,0.15033,0.51907,0.49834,0.53278,0.28575,0.50000,0.20760,0.00000,0.53946,0.00000,0.34341,0.99820,0.99948,1,0,0
DDOS_Slowloris,1,0.39632,0.00041,0.19213,0.15033,0.49623,0.47551,0.51102,0.28575,0.50000,0.20760,0.00000,0.53874,0.00000,0.36088,0.99820,0.99948,1,0,0
DDOS_Slowloris,1,0.39632,0.34560,0.26229,0.22550,0.01678,0.01489,0.02745,0.32098,0.50000,0.28154,0.28906,0.45995,0.58291,0.80622,0.99820,0.99948,1,0,0
DDOS_Slowloris,1,0.39632,0.34654,0.26229,0.27815,0.01664,0.02371,0.03434,0.46788,0.50000,0.31412,0.28906,0.45995,0.72856,0.78989,0.99820,0.99948,1,0,0
DDOS_Slowloris,1,0.39632,0.31057,0.21389,0.17453,0.01525,0.01245,0.02428,0.30014,0.50000,0.23441,0.00000,0.51612,0.00000,0.81705,0.99820,0.99948,1,0,0
DDOS_Slowloris,1,0.39632,0.00048,0.19213,0.15033,0.48446,0.46374,0.49980,0.28575,0.50000,0.20760,0.00000,0.53874,0.00000,0.36989,0.99820,0.99948,1,0,0
DOS_SYN_Hping,1,0.27877,0.00000,0.08274,0.07517,1.00000,1.00000,1.00000,0.35394,0.31546,0.07395,0.28906,0.66741,0.00000,0.03699,0.37640,0.00000,1,0,0
DOS_SYN_Hping,1,0.27877,0.00000,0.08274,0.07517,0.88038,0.88038,0.88608,0.35394,0.31546,0.07395,0.28906,0.66741,0.00000,0.09903,0.37640,0.00000,1,0,0
DOS_SYN_Hping,1,0.27877,0.00000,0.08274,0.07517,0.89563,0.89563,0.90060,0.35394,0.31546,0.07395,0.28906,0.66741,0.00000,0.08948,0.37640,0.00000,1,0,0
DOS_SYN_Hping,1,0.27877,0.00000,0.08274,0.07517,1.00000,1.00000,1.00000,0.35394,0.31546,0.07395,0.28906,0.66741,0.00000,0.03699,0.37640,0.00000,1,0,0
DOS_SYN_Hping,1,0.27877,0.00000,0.08274,0.07517,0.89563,0.89563,0.90060,0.35394,0.31546,0.07395,0.28906,0.66741,0.00000,0.08948,0.37640,0.00000,1,0,0
DOS_SYN_Hping,1,0.27877,0.00000,0.08274,0.07517,0.83038,0.83038,0.83846,0.35394,0.31546,0.07395,0.28906,0.66741,0.00000,0.13252,0.37640,0.00000,1,0,0
DOS_SYN_Hping,1,0.27877,0.00000,0.08274,0.07517,0.91498,0.91498,0.91903,0.35394,0.31546,0.07395,0.28906,0.66741,0.00000,0.07793,0.37640,0.00000,1,0,0
DOS_SYN_Hping,1,0.27877,0.00000,0.08274,0.00000,0.00000,0.00000,0.00000,0.00000,0.31546,0.00000,0.00000,0.66741,0.00000,0.00000,0.37640,0.00000,1,0,0
DOS_SYN_Hping,1,0.27877,0.00000,0.08274,0.07517,0.98390,0.98390,0.98467,0.35394,0.31546,0.07395,0.28906,0.66741,0.00000,0.04335,0.37640,0.00000,1,0,0
DOS_SYN_Hping,1,0.27877,0.00000,0.08274,0.07517,0.94150,0.94150,0.94429,0.35394,0.31546,0.07395,0.28906,0.66741,0.00000,0.06331,0.37640,0.00000,1,0,0
DOS_SYN_Hping,1,0.27877,0.00000,0.08274,0.00000,0.00000,0.00000,0.00000,0.00000,0.31546,0.00000,0.00000,0.66741,0.00000,0.00000,0.37640,0.00000,1,0,0
DOS_SYN_Hping,1,0.27877,0.00000,0.08274,0.07517,0.86781,0.86781,0.87410,0.35394,0.31546,0.07395,0.28906,0.66741,0.00000,0.10717,0.37640,0.00000,1,0,0
DOS_SYN_Hping,1,0.27877,0.00000,0.08274,0.07517,1.00000,1.00000,1.00000,0.35394,0.31546,0.07395,0.28906,0.66741,0.00000,0.03699,0.37640,0.00000,1,0,0
DOS_SYN_Hping,1,0.27877,0.00000,0.08274,0.07517,0.89563,0.89563,0.90060,0.35394,0.31546,0.07395,0.28906,0.66741,0.00000,0.08948,0.37640,0.00000,1,0,0
DOS_SYN_Hping,1,0.27877,0.00000,0.08274,0.07517,1.00000,1.00000,1.00000,0.35394,0.31546,0.07395,0.28906,0.66741,0.00000,0.03699,0.37640,0.00000,1,0,0
DOS_SYN_Hping,1,0.27877,0.00000,0.08274,0.07517,1.00000,1.00000,1.00000,0.35394,0.31546,0.07395,0.28906,0.66741,0.00000,0.03699,0.37640,0.00000,1,0,0
DOS_SYN_Hping,1,0.27877,0.00000,0.08274,0.07517,0.88038,0.88038,0.88608,0.35394,0.31546,0.07395,0.28906,0.66741,0.00000,0.09903,0.37640,0.00000,1,0,0
DOS_SYN_Hping,1,0.27877,0.00000,0.08274,0.07517,1.00000,1.00000,1.00000,0.35394,0.31546,0.07395,0.28906,0.66741,0.00000,0.03699,0.37640,0.00000,1,0,0
DOS_SYN_Hping,1,0.27877,0.00000,0.08274,0.07517,0.88038,0.88038,0.88608,0.35394,0.31546,0.07395,0.28906,0.66741,0.00000,0.09903,0.37640,0.00000,1,0,0
DOS_SYN_Hping,1,0.27877,0.00000,0.08274,0.00000,0.00000,0.00000,0.00000,0.00000,0.31546,0.00000,0.00000,0.66741,0.00000,0.00000,0.37640,0.00000,1,0,0
DOS_SYN_Hping,1,0.27877,0.00000,0.08274,0.07517,1.00000,1.00000,1.00000,0.35394,0.31546,0.07395,0.28906,0.66741,0.00000,0.03699,0.37640,0.00000,1,0,0
DOS_SYN_Hping,1,0.27877,0.00000,0.08274,0.00000,0.00000,0.00000,0.00000,0.00000,0.31546,0.00000,0.00000,0.66741,0.00000,0.00000,0.37640,0.00000,1,0,0
DOS_SYN_Hping,1,0.27877,0.00000,0.08274,0.00000,0.00000,0.00000,0.00000,0.00000,0.31546,0.00000,0.00000,0.66741,0.00000,0.00000,0.37640,0.00000,1,0,0
DOS_SYN_Hping,1,0.27877,0.00000,0.08274,0.07517,0.91498,0.91498,0.91903,0.35394,0.31546,0.07395,0.28906,0.66741,0.00000,0.07793,0.37640,0.00000,1,0,0
DOS_SYN_Hping,1,0.27877,0.00000,0.08274,0.07517,1.00000,1.00000,1.00000,0.35394,0.31546,0.07395,0.28906,0.66741,0.00000,0.03699,0.37640,0.00000,1,0,0
DOS_SYN_Hping,1,0.27877,0.00000,0.08274,0.07517,0.89563,0.89563,0.90060,0.35394,0.31546,0.07395,0.28906,0.66741,0.00000,0.08948,0.37640,0.00000,1,0,0
DOS_SYN_Hping,1,0.27877,0.00000,0.08274,0.07517,0.88038,0.88038,0.88608,0.35394,0.31546,0.07395,0.28906,0.66741,0.00000,0.09903,0.37640,0.00000,1,0,0
DOS_SYN_Hping,1,0.27877,0.00000,0.08274,0.07517,0.94150,0.94150,0.94429,0.35394,0.31546,0.07395,0.28906,0.66741,0.00000,0.06331,0.37640,0.00000,1,0,0
DOS_SYN_Hping,1,0.27877,0.00000,0.08274,0.07517,1.00000,1.00000,1.00000,0.35394,0.31546,0.07395,0.28906,0.66741,0.00000,0.03699,0.37640,0.00000,1,0,0
DOS_SYN_Hping,1,0.27877,0.00000,0.08274,0.07517,0.95000,0.95000,0.95238,0.35394,0.31546,0.07395,0.28906,0.66741,0.00000,0.05895,0.37640,0.00000,1,0,0
DOS_SYN_Hping,1,0.27877,0.00000,0.08274,0.07517,0.95000,0.95000,0.95238,0.35394,0.31546,0.07395,0.28906,0.66741,0.00000,0.05895,0.37640,0.00000,1,0,0
DOS_SYN_Hping,1,0.27877,0.00000,0.08274,0.07517,1.00000,1.00000,1.00000,0.35394,0.31546,0.07395,0.28906,0.66741,0.00000,0.03699,0.37640,0.00000,1,0,0
DOS_SYN_Hping,1,0.27877,0.00000,0.08274,0.07517,0.95000,0.95000,0.95238,0.35394,0.31546,0.07395,0.28906,0.66741,0.00000,0.05895,0.37640,0.00000,1,0,0
DOS_SYN_Hping,1,0.27877,0.00000,0.08274,0.07517,0.91498,0.91498,0.91903,0.35394,0.31546,0.07395,0.28906,0.66741,0.00000,0.07793,0.37640,0.00000,1,0,0
DOS_SYN_Hping,1,0.27877,0.00000,0.08274,0.07517,0.88038,0.88038,0.88608,0.35394,0.31546,0.07395,0.28906,0.66741,0.00000,0.09903,0.37640,0.00000,1,0,0
DOS_SYN_Hping,1,0.27877,0.00000,0.08274,0.07517,0.89563,0.89563,0.90060,0.35394,0.31546,0.07395,0.28906,0.66741,0.00000,0.08948,0.37640,0.00000,1,0,0
DOS_SYN_Hping,1,0.27877,0.00000,0.08274,0.07517,0.88038,0.88038,0.88608,0.35394,0.31546,0.07395,0.28906,0.66741,0.00000,0.09903,0.37640,0.00000,1,0,0
DOS_SYN_Hping,1,0.27877,0.00000,0.08274,0.07517,0.94150,0.94150,0.94429,0.35394,0.31546,0.07395,0.28906,0.66741,0.00000,0.06331,0.37640,0.00000,1,0,0
DOS_SYN_Hping,1,0.27877,0.00000,0.08274,0.00000,0.00000,0.00000,0.00000,0.00000,0.31546,0.00000,0.00000,0.66741,0.00000,0.00000,0.37640,0.00000,1,0,0
DOS_SYN_Hping,1,0.27877,0.00000,0.08274,0.07517,1.00000,1.00000,1.00000,0.35394,0.31546,0.07395,0.28906,0.66741,0.00000,0.03699,0.37640,0.00000,1,0,0
DOS_SYN_Hping,1,0.27877,0.00000,0.08274,0.07517,0.89563,0.89563,0.90060,0.35394,0.31546,0.07395,0.28906,0.66741,0.00000,0.08948,0.37640,0.00000,1,0,0
DOS_SYN_Hping,1,0.27877,0.00000,0.08274,0.07517,0.92075,0.92075,0.92453,0.35394,0.31546,0.07395,0.28906,0.66741,0.00000,0.07462,0.37640,0.00000,1,0,0
DOS_SYN_Hping,1,0.27877,0.00000,0.08274,0.07517,1.00000,1.00000,1.00000,0.35394,0.31546,0.07395,0.28906,0.66741,0.00000,0.03699,0.37640,0.00000,1,0,0
DOS_SYN_Hping,1,0.27877,0.00000,0.08274,0.07517,0.89563,0.89563,0.90060,0.35394,0.31546,0.07395,0.28906,0.66741,0.00000,0.08948,0.37640,0.00000,1,0,0
DOS_SYN_Hping,1,0.27877,0.00000,0.08274,0.07517,0.89563,0.89563,0.90060,0.35394,0.31546,0.07395,0.28906,0.66741,0.00000,0.08948,0.37640,0.00000,1,0,0
DOS_SYN_Hping,1,0.27877,0.00000,0.08274,0.00000,0.00000,0.00000,0.00000,0.00000,0.31546,0.00000,0.00000,0.66741,0.00000,0.00000,0.37640,0.00000,1,0,0
DOS_SYN_Hping,1,0.27877,0.00000,0.08274,0.07517,1.00000,1.00000,1.00000,0.35394,0.31546,0.07395,0.28906,0.66741,0.00000,0.03699,0.37640,0.00000,1,0,0
DOS_SYN_Hping,1,0.27877,0.00000,0.08274,0.07517,0.95000,0.95000,0.95238,0.35394,0.31546,0.07395,0.28906,0.66741,0.00000,0.05895,0.37640,0.00000,1,0,0
DOS_SYN_Hping,1,0.27877,0.00000,0.08274,0.07517,0.89563,0.89563,0.90060,0.35394,0.31546,0.07395,0.28906,0.66741,0.00000,0.08948,0.37640,0.00000,1,0,0
DOS_SYN_Hping,1,0.27877,0.00000,0.08274,0.00000,0.00000,0.00000,0.00000,0.00000,0.31546,0.00000,0.00000,0.66741,0.00000,0.00000,0.37640,0.00000,1,0,0
DOS_SYN_Hping,1,0.27877,0.00000,0.08274,0.07517,0.90000,0.90000,0.90476,0.35394,0.31546,0.07395,0.28906,0.66741,0.00000,0.08681,0.37640,0.00000,1,0,0
DOS_SYN_Hping,1,0.27877,0.00000,0.08274,0.07517,1.00000,1.00000,1.00000,0.35394,0.31546,0.07395,0.28906,0.66741,0.00000,0.03699,0.37640,0.00000,1,0,0
DOS_SYN_Hping,1,0.27877,0.00000,0.08274,0.07517,1.00000,1.00000,1.00000,0.35394,0.31546,0.07395,0.28906,0.66741,0.00000,0.03699,0.37640,0.00000,1,0,0
DOS_SYN_Hping,1,0.27877,0.00000,0.08274,0.07517,0.98390,0.98390,0.98467,0.35394,0.31546,0.07395,0.28906,0.66741,0.00000,0.04335,0.37640,0.00000,1,0,0
DOS_SYN_Hping,1,0.27877,0.00000,0.08274,0.00000,0.00000,0.00000,0.00000,0.00000,0.31546,0.00000,0.00000,0.66741,0.00000,0.00000,0.37640,0.00000,1,0,0
DOS_SYN_Hping,1,0.27877,0.00000,0.08274,0.07517,0.88038,0.88038,0.88608,0.35394,0.31546,0.07395,0.28906,0.66741,0.00000,0.09903,0.37640,0.00000,1,0,0
DOS_SYN_Hping,1,0.27877,0.00000,0.08274,0.07517,1.00000,1.00000,1.00000,0.35394,0.31546,0.07395,0.28906,0.66741,0.00000,0.03699,0.37640,0.00000,1,0,0
DOS_SYN_Hping,1,0.27877,0.00000,0.08274,0.07517,1.00000,1.00000,1.00000,0.35394,0.31546,0.07395,0.28906,0.66741,0.00000,0.03699,0.37640,0.00000,1,0,0
DOS_SYN_Hping,1,0.27877,0.00000,0.08274,0.07517,0.89563,0.89563,0.90060,0.35394,0.31546,0.07395,0.28906,0.66741,0.00000,0.08948,0.37640,0.00000,1,0,0
DOS_SYN_Hping,1,0.27877,0.00000,0.08274,0.07517,1.00000,1.00000,1.00000,0.35394,0.31546,0.07395,0.28906,0.66741,0.00000,0.03699,0.37640,0.00000,1,0,0
DOS_SYN_Hping,1,0.27877,0.00000,0.08274,0.07517,1.00000,1.00000,1.00000,0.35394,0.31546,0.07395,0.28906,0.66741,0.00000,0.03699,0.37640,0.00000,1,0,0
DOS_SYN_Hping,1,0.27877,0.00000,0.08274,0.07517,1.00000,1.00000,1.00000,0.35394,0.31546,0.07395,0.28906,0.66741,0.00000,0.03699,0.37640,0.00000,1,0,0
DOS_SYN_Hping,1,0.27877,0.00000,0.08274,0.07517,0.98390,0.98390,0.98467,0.35394,0.31546,0.07395,0.28906,0.66741,0.00000,0.04335,0.37640,0.00000,1,0,0
DOS_SYN_Hping,1,0.27877,0.00000,0.08274,0.07517,0.88038,0.88038,0.88608,0.35394,0.31546,0.07395,0.28906,0.66741,0.00000,0.09903,0.37640,0.00000,1,0,0
DOS_SYN_Hping,1,0.27877,0.00000,0.08274,0.07517,1.00000,1.00000,1.00000,0.35394,0.31546,0.07395,0.28906,0.66741,0.00000,0.03699,0.37640,0.00000,1,0,0
DOS_SYN_Hping,1,0.27877,0.00000,0.08274,0.07517,0.95000,0.95000,0.95238,0.35394,0.31546,0.07395,0.28906,0.66741,0.00000,0.05895,0.37640,0.00000,1,0,0
DOS_SYN_Hping,1,0.27877,0.00000,0.08274,0.07517,1.00000,1.00000,1.00000,0.35394,0.31546,0.07395,0.28906,0.66741,0.00000,0.03699,0.37640,0.00000,1,0,0
DOS_SYN_Hping,1,0.27877,0.00000,0.08274,0.07517,0.90000,0.90000,0.90476,0.35394,0.31546,0.07395,0.28906,0.66741,0.00000,0.08681,0.37640,0.00000,1,0,0
DOS_SYN_Hping,1,0.27877,0.00000,0.08274,0.07517,0.89563,0.89563,0.90060,0.35394,0.31546,0.07395,0.28906,0.66741,0.00000,0.08948,0.37640,0.00000,1,0,0
DOS_SYN_Hping,1,0.27877,0.00000,0.08274,0.00000,0.00000,0.00000,0.00000,0.00000,0.31546,0.00000,0.00000,0.66741,0.00000,0.00000,0.37640,0.00000,1,0,0
DOS_SYN_Hping,1,0.27877,0.00000,0.08274,0.07517,0.89563,0.89563,0.90060,0.35394,0.31546,0.07395,0.28906,0.66741,0.00000,0.08948,0.37640,0.00000,1,0,0
DOS_SYN_Hping,1,0.27877,0.00000,0.08274,0.07517,0.89563,0.89563,0.90060,0.35394,0.31546,0.07395,0.28906,0.66741,0.00000,0.08948,0.37640,0.00000,1,0,0
DOS_SYN_Hping,1,0.27877,0.00000,0.08274,0.07517,0.89563,0.89563,0.90060,0.35394,0.31546,0.07395,0.28906,0.66741,0.00000,0.08948,0.37640,0.00000,1,0,0
DOS_SYN_Hping,1,0.27877,0.00000,0.08274,0.07517,0.90000,0.90000,0.90476,0.35394,0.31546,0.07395,0.28906,0.66741,0.00000,0.08681,0.37640,0.00000,1,0,0
DOS_SYN_Hping,1,0.27877,0.00000,0.08274,0.07517,0.89563,0.89563,0.90060,0.35394,0.31546,0.07395,0.28906,0.66741,0.00000,0.08948,0.37640,0.00000,1,0,0
DOS_SYN_Hping,1,0.27877,0.00000,0.08274,0.07517,0.88038,0.88038,0.88608,0.35394,0.31546,0.07395,0.28906,0.66741,0.00000,0.09903,0.37640,0.00000,1,0,0
DOS_SYN_Hping,1,0.27877,0.00000,0.08274,0.07517,1.00000,1.00000,1.00000,0.35394,0.31546,0.07395,0.28906,0.66741,0.00000,0.03699,0.37640,0.00000,1,0,0
DOS_SYN_Hping,1,0.27877,0.00000,0.08274,0.07517,0.89563,0.89563,0.90060,0.35394,0.31546,0.07395,0.28906,0.66741,0.00000,0.08948,0.37640,0.00000,1,0,0
DOS_SYN_Hping,1,0.27877,0.00000,0.08274,0.07517,0.90000,0.90000,0.90476,0.35394,0.31546,0.07395,0.28906,0.66741,0.00000,0.08681,0.37640,0.00000,1,0,0
DOS_SYN_Hping,1,0.27877,0.00000,0.08274,0.07517,0.89563,0.89563,0.90060,0.35394,0.31546,0.07395,0.28906,0.66741,0.00000,0.08948,0.37640,0.00000,1,0,0
DOS_SYN_Hping,1,0.27877,0.00000,0.08274,0.00000,0.00000,0.00000,0.00000,0.00000,0.31546,0.00000,0.00000,0.66741,0.00000,0.00000,0.37640,0.00000,1,0,0
DOS_SYN_Hping,1,0.27877,0.00000,0.08274,0.07517,0.89563,0.89563,0.90060,0.35394,0.31546,0.07395,0.28906,0.66741,0.00000,0.08948,0.37640,0.00000,1,0,0
DOS_SYN_Hping,1,0.27877,0.00000,0.08274,0.07517,0.88038,0.88038,0.88608,0.35394,0.31546,0.07395,0.28906,0.66741,0.00000,0.09903,0.37640,0.00000,1,0,0
DOS_SYN_Hping,1,0.27877,0.00000,0.08274,0.07517,0.92075,0.92075,0.92453,0.35394,0.31546,0.07395,0.28906,0.66741,0.00000,0.07462,0.37640,0.00000,1,0,0
DOS_SYN_Hping,1,0.27877,0.00000,0.08274,0.07517,0.89563,0.89563,0.90060,0.35394,0.31546,0.07395,0.28906,0.66741,0.00000,0.08948,0.37640,0.00000,1,0,0
DOS_SYN_Hping,1,0.27877,0.00000,0.08274,0.07517,0.88038,0.88038,0.88608,0.35394,0.31546,0.07395,0.28906,0.66741,0.00000,0.09903,0.37640,0.00000,1,0,0
DOS_SYN_Hping,1,0.27877,0.00000,0.08274,0.07517,0.98390,0.98390,0.98467,0.35394,0.31546,0.07395,0.28906,0.66741,0.00000,0.04335,0.37640,0.00000,1,0,0
DOS_SYN_Hping,1,0.27877,0.00000,0.08274,0.00000,0.00000,0.00000,0.00000,0.00000,0.31546,0.00000,0.00000,0.66741,0.00000,0.00000,0.37640,0.00000,1,0,0
DOS_SYN_Hping,1,0.27877,0.00000,0.08274,0.07517,0.00000,0.00000,0.00000,0.35394,0.31546,0.07395,0.28906,0.66741,0.00000,0.00000,0.37640,0.00000,1,0,0
DOS_SYN_Hping,1,0.27877,0.00000,0.08274,0.07517,0.88038,0.88038,0.88608,0.35394,0.31546,0.07395,0.28906,0.66741,0.00000,0.09903,0.37640,0.00000,1,0,0
DOS_SYN_Hping,1,0.27877,0.00000,0.08274,0.07517,0.85466,0.85466,0.86158,0.35394,0.31546,0.07395,0.28906,0.66741,0.00000,0.11591,0.37640,0.00000,1,0,0
DOS_SYN_Hping,1,0.27877,0.00000,0.08274,0.07517,0.88038,0.88038,0.88608,0.35394,0.31546,0.07395,0.28906,0.66741,0.00000,0.09903,0.37640,0.00000,1,0,0
DOS_SYN_Hping,1,0.27877,0.00000,0.08274,0.07517,1.00000,1.00000,1.00000,0.35394,0.31546,0.07395,0.28906,0.66741,0.00000,0.03699,0.37640,0.00000,1,0,0
DOS_SYN_Hping,1,0.27877,0.00000,0.08274,0.07517,0.89563,0.89563,0.90060,0.35394,0.31546,0.07395,0.28906,0.66741,0.00000,0.08948,0.37640,0.00000,1,0,0
DOS_SYN_Hping,1,0.27877,0.00000,0.08274,0.07517,0.89563,0.89563,0.90060,0.35394,0.31546,0.07395,0.28906,0.66741,0.00000,0.08948,0.37640,0.00000,1,0,0
DOS_SYN_Hping,1,0.27877,0.00000,0.08274,0.07517,1.00000,1.00000,1.00000,0.35394,0.31546,0.07395,0.28906,0.66741,0.00000,0.03699,0.37640,0.00000,1,0,0
DOS_SYN_Hping,1,0.27877,0.00000,0.08274,0.07517,0.89563,0.89563,0.90060,0.35394,0.31546,0.07395,0.28906,0.66741,0.00000,0.08948,0.37640,0.00000,1,0,0
DOS_SYN_Hping,1,0.27877,0.00000,0.08274,0.00000,0.00000,0.00000,0.00000,0.00000,0.31546,0.00000,0.00000,0.66741,0.00000,0.00000,0.37640,0.00000,1,0,0
DOS_SYN_Hping,1,0.27877,0.00000,0.08274,0.07517,0.88038,0.88038,0.88608,0.35394,0.31546,0.07395,0.28906,0.66741,0.00000,0.09903,0.37640,0.00000,1,0,0
DOS_SYN_Hping,1,0.27877,0.00000,0.08274,0.07517,0.89563,0.89563,0.90060,0.35394,0.31546,0.07395,0.28906,0.66741,0.00000,0.08948,0.37640,0.00000,1,0,0
DOS_SYN_Hping,1,0.27877,0.00000,0.08274,0.07517,0.88038,0.88038,0.88608,0.35394,0.31546,0.07395,0.28906,0.66741,0.00000,0.09903,0.37640,0.00000,1,0,0
DOS_SYN_Hping,1,0.27877,0.00000,0.08274,0.00000,0.00000,0.00000,0.00000,0.00000,0.31546,0.00000,0.00000,0.66741,0.00000,0.00000,0.37640,0.00000,1,0,0
DOS_SYN_Hping,1,0.27877,0.00000,0.08274,0.07517,0.89563,0.89563,0.90060,0.35394,0.31546,0.07395,0.28906,0.66741,0.00000,0.08948,0.37640,0.00000,1,0,0
DOS_SYN_Hping,1,0.27877,0.00000,0.08274,0.07517,1.00000,1.00000,1.00000,0.35394,0.31546,0.07395,0.28906,0.66741,0.00000,0.03699,0.37640,0.00000,1,0,0
DOS_SYN_Hping,1,0.27877,0.00000,0.08274,0.07517,0.90000,0.90000,0.90476,0.35394,0.31546,0.07395,0.28906,0.66741,0.00000,0.08681,0.37640,0.00000,1,0,0
DOS_SYN_Hping,1,0.27877,0.00000,0.08274,0.07517,0.92075,0.92075,0.92453,0.35394,0.31546,0.07395,0.28906,0.66741,0.00000,0.07462,0.37640,0.00000,1,0,0
DOS_SYN_Hping,1,0.27877,0.00000,0.08274,0.07517,0.98390,0.98390,0.98467,0.35394,0.31546,0.07395,0.28906,0.66741,0.00000,0.04335,0.37640,0.00000,1,0,0
DOS_SYN_Hping,1,0.27877,0.00000,0.08274,0.00000,0.00000,0.00000,0.00000,0.00000,0.31546,0.00000,0.00000,0.66741,0.00000,0.00000,0.37640,0.00000,1,0,0
DOS_SYN_Hping,1,0.27877,0.00000,0.08274,0.07517,0.92075,0.92075,0.92453,0.35394,0.31546,0.07395,0.28906,0.66741,0.00000,0.07462,0.37640,0.00000,1,0,0
DOS_SYN_Hping,1,0.27877,0.00000,0.08274,0.00000,0.00000,0.00000,0.00000,0.00000,0.31546,0.00000,0.00000,0.66741,0.00000,0.00000,0.37640,0.00000,1,0,0
DOS_SYN_Hping,1,0.27877,0.00000,0.08274,0.07517,0.89563,0.89563,0.90060,0.35394,0.31546,0.07395,0.28906,0.66741,0.00000,0.08948,0.37640,0.00000,1,0,0
DOS_SYN_Hping,1,0.27877,0.00000,0.08274,0.00000,0.00000,0.00000,0.00000,0.00000,0.31546,0.00000,0.00000,0.66741,0.00000,0.00000,0.37640,0.00000,1,0,0
DOS_SYN_Hping,1,0.27877,0.00000,0.08274,0.07517,0.88038,0.88038,0.88608,0.35394,0.31546,0.07395,0.28906,0.66741,0.00000,0.09903,0.37640,0.00000,1,0,0
DOS_SYN_Hping,1,0.27877,0.00000,0.08274,0.07517,1.00000,1.00000,1.00000,0.35394,0.31546,0.07395,0.28906,0.66741,0.00000,0.03699,0.37640,0.00000,1,0,0
DOS_SYN_Hping,1,0.27877,0.00000,0.08274,0.07517,0.88038,0.88038,0.88608,0.35394,0.31546,0.07395,0.28906,0.66741,0.00000,0.09903,0.37640,0.00000,1,0,0
DOS_SYN_Hping,1,0.27877,0.00000,0.08274,0.07517,0.89563,0.89563,0.90060,0.35394,0.31546,0.07395,0.28906,0.66741,0.00000,0.08948,0.37640,0.00000,1,0,0
DOS_SYN_Hping,1,0.27877,0.00000,0.08274,0.07517,0.95000,0.95000,0.95238,0.35394,0.31546,0.07395,0.28906,0.66741,0.00000,0.05895,0.37640,0.00000,1,0,0
DOS_SYN_Hping,1,0.27877,0.00000,0.08274,0.07517,0.89563,0.89563,0.90060,0.35394,0.31546,0.07395,0.28906,0.66741,0.00000,0.08948,0.37640,0.00000,1,0,0
DOS_SYN_Hping,1,0.27877,0.00000,0.08274,0.07517,1.00000,1.00000,1.00000,0.35394,0.31546,0.07395,0.28906,0.66741,0.00000,0.03699,0.37640,0.00000,1,0,0
DOS_SYN_Hping,1,0.27877,0.00000,0.08274,0.00000,0.00000,0.00000,0.00000,0.00000,0.31546,0.00000,0.00000,0.66741,0.00000,0.00000,0.37640,0.00000,1,0,0
DOS_SYN_Hping,1,0.27877,0.00000,0.08274,0.07517,0.92075,0.92075,0.92453,0.35394,0.31546,0.07395,0.28906,0.66741,0.00000,0.07462,0.37640,0.00000,1,0,0
DOS_SYN_Hping,1,0.27877,0.00000,0.08274,0.07517,0.98390,0.98390,0.98467,0.35394,0.31546,0.07395,0.28906,0.66741,0.00000,0.04335,0.37640,0.00000,1,0,0
DOS_SYN_Hping,1,0.27877,0.00000,0.08274,0.07517,0.88038,0.88038,0.88608,0.35394,0.31546,0.07395,0.28906,0.66741,0.00000,0.09903,0.37640,0.00000,1,0,0
DOS_SYN_Hping,1,0.27877,0.00000,0.08274,0.00000,0.00000,0.00000,0.00000,0.00000,0.31546,0.00000,0.00000,0.66741,0.00000,0.00000,0.37640,0.00000,1,0,0
DOS_SYN_Hping,1,0.27877,0.00000,0.08274,0.07517,1.00000,1.00000,1.00000,0.35394,0.31546,0.07395,0.28906,0.66741,0.00000,0.03699,0.37640,0.00000,1,0,0
DOS_SYN_Hping,1,0.27877,0.00000,0.08274,0.00000,0.00000,0.00000,0.00000,0.00000,0.31546,0.00000,0.00000,0.66741,0.00000,0.00000,0.37640,0.00000,1,0,0
DOS_SYN_Hping,1,0.27877,0.00000,0.08274,0.07517,0.98390,0.98390,0.98467,0.35394,0.31546,0.07395,0.28906,0.66741,0.00000,0.04335,0.37640,0.00000,1,0,0
DOS_SYN_Hping,1,0.27877,0.00000,0.08274,0.07517,1.00000,1.00000,1.00000,0.35394,0.31546,0.07395,0.28906,0.66741,0.00000,0.03699,0.37640,0.00000,1,0,0
DOS_SYN_Hping,1,0.27877,0.00000,0.08274,0.07517,0.95000,0.95000,0.95238,0.35394,0.31546,0.07395,0.28906,0.66741,0.00000,0.05895,0.37640,0.00000,1,0,0
DOS_SYN_Hping,1,0.27877,0.00000,0.08274,0.07517,0.89563,0.89563,0.90060,0.35394,0.31546,0.07395,0.28906,0.66741,0.00000,0.08948,0.37640,0.00000,1,0,0
DOS_SYN_Hping,1,0.27877,0.00000,0.08274,0.07517,0.89563,0.89563,0.90060,0.35394,0.31546,0.07395,0.28906,0.66741,0.00000,0.08948,0.37640,0.00000,1,0,0
DOS_SYN_Hping,1,0.27877,0.00000,0.08274,0.07517,1.00000,1.00000,1.00000,0.35394,0.31546,0.07395,0.28906,0.66741,0.00000,0.03699,0.37640,0.00000,1,0,0
DOS_SYN_Hping,1,0.27877,0.00000,0.08274,0.07517,0.89563,0.89563,0.90060,0.35394,0.31546,0.07395,0.28906,0.66741,0.00000,0.08948,0.37640,0.00000,1,0,0
DOS_SYN_Hping,1,0.27877,0.00000,0.08274,0.00000,0.00000,0.00000,0.00000,0.00000,0.31546,0.00000,0.00000,0.66741,0.00000,0.00000,0.37640,0.00000,1,0,0
DOS_SYN_Hping,1,0.27877,0.00000,0.08274,0.07517,0.90000,0.90000,0.90476,0.35394,0.31546,0.07395,0.28906,0.66741,0.00000,0.08681,0.37640,0.00000,1,0,0
DOS_SYN_Hping,1,0.27877,0.00000,0.08274,0.07517,0.92075,0.92075,0.92453,0.35394,0.31546,0.07395,0.28906,0.66741,0.00000,0.07462,0.37640,0.00000,1,0,0
DOS_SYN_Hping,1,0.27877,0.00000,0.08274,0.07517,0.91498,0.91498,0.91903,0.35394,0.31546,0.07395,0.28906,0.66741,0.00000,0.07793,0.37640,0.00000,1,0,0
DOS_SYN_Hping,1,0.27877,0.00000,0.08274,0.07517,0.90000,0.90000,0.90476,0.35394,0.31546,0.07395,0.28906,0.66741,0.00000,0.08681,0.37640,0.00000,1,0,0
DOS_SYN_Hping,1,0.27877,0.00000,0.08274,0.07517,0.95000,0.95000,0.95238,0.35394,0.31546,0.07395,0.28906,0.66741,0.00000,0.05895,0.37640,0.00000,1,0,0
DOS_SYN_Hping,1,0.27877,0.00000,0.08274,0.07517,0.89563,0.89563,0.90060,0.35394,0.31546,0.07395,0.28906,0.66741,0.00000,0.08948,0.37640,0.00000,1,0,0
DOS_SYN_Hping,1,0.27877,0.00000,0.08274,0.07517,1.00000,1.00000,1.00000,0.35394,0.31546,0.07395,0.28906,0.66741,0.00000,0.03699,0.37640,0.00000,1,0,0
DOS_SYN_Hping,1,0.27877,0.00000,0.08274,0.07517,0.89563,0.89563,0.90060,0.35394,0.31546,0.07395,0.28906,0.66741,0.00000,0.08948,0.37640,0.00000,1,0,0
DOS_SYN_Hping,1,0.27877,0.00000,0.08274,0.07517,0.88038,0.88038,0.88608,0.35394,0.31546,0.07395,0.28906,0.66741,0.00000,0.09903,0.37640,0.00000,1,0,0
DOS_SYN_Hping,1,0.27877,0.00000,0.08274,0.07517,0.91498,0.91498,0.91903,0.35394,0.31546,0.07395,0.28906,0.66741,0.00000,0.07793,0.37640,0.00000,1,0,0
DOS_SYN_Hping,1,0.27877,0.00000,0.08274,0.07517,0.90000,0.90000,0.90476,0.35394,0.31546,0.07395,0.28906,0.66741,0.00000,0.08681,0.37640,0.00000,1,0,0
DOS_SYN_Hping,1,0.27877,0.00000,0.08274,0.07517,0.92075,0.92075,0.92453,0.35394,0.31546,0.07395,0.28906,0.66741,0.00000,0.07462,0.37640,0.00000,1,0,0
DOS_SYN_Hping,1,0.27877,0.00000,0.08274,0.07517,0.77703,0.77703,0.78765,0.35394,0.31546,0.07395,0.28906,0.66741,0.00000,0.17069,0.37640,0.00000,1,0,0
DOS_SYN_Hping,1,0.27877,0.00000,0.08274,0.07517,1.00000,1.00000,1.00000,0.35394,0.31546,0.07395,0.28906,0.66741,0.00000,0.03699,0.37640,0.00000,1,0,0
DOS_SYN_Hping,1,0.27877,0.00000,0.08274,0.07517,0.88038,0.88038,0.88608,0.35394,0.31546,0.07395,0.28906,0.66741,0.00000,0.09903,0.37640,0.00000,1,0,0
DOS_SYN_Hping,1,0.27877,0.00000,0.08274,0.07517,1.00000,1.00000,1.00000,0.35394,0.31546,0.07395,0.28906,0.66741,0.00000,0.03699,0.37640,0.00000,1,0,0
DOS_SYN_Hping,1,0.27877,0.00000,0.08274,0.07517,0.89563,0.89563,0.90060,0.35394,0.31546,0.07395,0.28906,0.66741,0.00000,0.08948,0.37640,0.00000,1,0,0
DOS_SYN_Hping,1,0.27877,0.00000,0.08274,0.07517,0.89563,0.89563,0.90060,0.35394,0.31546,0.07395,0.28906,0.66741,0.00000,0.08948,0.37640,0.00000,1,0,0
DOS_SYN_Hping,1,0.27877,0.00000,0.08274,0.07517,0.89563,0.89563,0.90060,0.35394,0.31546,0.07395,0.28906,0.66741,0.00000,0.08948,0.37640,0.00000,1,0,0
DOS_SYN_Hping,1,0.27877,0.00000,0.08274,0.07517,0.88038,0.88038,0.88608,0.35394,0.31546,0.07395,0.28906,0.66741,0.00000,0.09903,0.37640,0.00000,1,0,0
DOS_SYN_Hping,1,0.27877,0.00000,0.08274,0.07517,1.00000,1.00000,1.00000,0.35394,0.31546,0.07395,0.28906,0.66741,0.00000,0.03699,0.37640,0.00000,1,0,0
DOS_SYN_Hping,1,0.27877,0.00000,0.08274,0.07517,1.00000,1.00000,1.00000,0.35394,0.31546,0.07395,0.28906,0.66741,0.00000,0.03699,0.37640,0.00000,1,0,0
DOS_SYN_Hping,1,0.27877,0.00000,0.08274,0.07517,0.86781,0.86781,0.87410,0.35394,0.31546,0.07395,0.28906,0.66741,0.00000,0.10717,0.37640,0.00000,1,0,0
DOS_SYN_Hping,1,0.27877,0.00000,0.08274,0.07517,0.94150,0.94150,0.94429,0.35394,0.31546,0.07395,0.28906,0.66741,0.00000,0.06331,0.37640,0.00000,1,0,0
DOS_SYN_Hping,1,0.27877,0.00000,0.08274,0.07517,0.88038,0.88038,0.88608,0.35394,0.31546,0.07395,0.28906,0.66741,0.00000,0.09903,0.37640,0.00000,1,0,0
DOS_SYN_Hping,1,0.27877,0.00000,0.08274,0.07517,0.88390,0.88390,0.88943,0.35394,0.31546,0.07395,0.28906,0.66741,0.00000,0.09680,0.37640,0.00000,1,0,0
DOS_SYN_Hping,1,0.27877,0.00000,0.08274,0.07517,0.94150,0.94150,0.94429,0.35394,0.31546,0.07395,0.28906,0.66741,0.00000,0.06331,0.37640,0.00000,1,0,0
DOS_SYN_Hping,1,0.27877,0.00000,0.08274,0.07517,0.86781,0.86781,0.87410,0.35394,0.31546,0.07395,0.28906,0.66741,0.00000,0.10717,0.37640,0.00000,1,0,0
DOS_SYN_Hping,1,0.27877,0.00000,0.08274,0.07517,0.89563,0.89563,0.90060,0.35394,0.31546,0.07395,0.28906,0.66741,0.00000,0.08948,0.37640,0.00000,1,0,0
DOS_SYN_Hping,1,0.27877,0.00000,0.08274,0.07517,1.00000,1.00000,1.00000,0.35394,0.31546,0.07395,0.28906,0.66741,0.00000,0.03699,0.37640,0.00000,1,0,0
DOS_SYN_Hping,1,0.27877,0.00000,0.08274,0.00000,0.00000,0.00000,0.00000,0.00000,0.31546,0.00000,0.00000,0.66741,0.00000,0.00000,0.37640,0.00000,1,0,0
DOS_SYN_Hping,1,0.27877,0.00000,0.08274,0.07517,1.00000,1.00000,1.00000,0.35394,0.31546,0.07395,0.28906,0.66741,0.00000,0.03699,0.37640,0.00000,1,0,0
DOS_SYN_Hping,1,0.27877,0.00000,0.08274,0.07517,0.95000,0.95000,0.95238,0.35394,0.31546,0.07395,0.28906,0.66741,0.00000,0.05895,0.37640,0.00000,1,0,0
DOS_SYN_Hping,1,0.27877,0.00000,0.08274,0.07517,0.98390,0.98390,0.98467,0.35394,0.31546,0.07395,0.28906,0.66741,0.00000,0.04335,0.37640,0.00000,1,0,0
DOS_SYN_Hping,1,0.27877,0.00000,0.08274,0.07517,0.92075,0.92075,0.92453,0.35394,0.31546,0.07395,0.28906,0.66741,0.00000,0.07462,0.37640,0.00000,1,0,0
DOS_SYN_Hping,1,0.27877,0.00000,0.08274,0.07517,1.00000,1.00000,1.00000,0.35394,0.31546,0.07395,0.28906,0.66741,0.00000,0.03699,0.37640,0.00000,1,0,0
DOS_SYN_Hping,1,0.27877,0.00000,0.08274,0.07517,1.00000,1.00000,1.00000,0.35394,0.31546,0.07395,0.28906,0.66741,0.00000,0.03699,0.37640,0.00000,1,0,0
DOS_SYN_Hping,1,0.27877,0.00000,0.08274,0.07517,0.98390,0.98390,0.98467,0.35394,0.31546,0.07395,0.28906,0.66741,0.00000,0.04335,0.37640,0.00000,1,0,0
DOS_SYN_Hping,1,0.27877,0.00000,0.08274,0.07517,1.00000,1.00000,1.00000,0.35394,0.31546,0.07395,0.28906,0.66741,0.00000,0.03699,0.37640,0.00000,1,0,0
DOS_SYN_Hping,1,0.27877,0.00000,0.08274,0.07517,0.88038,0.88038,0.88608,0.35394,0.31546,0.07395,0.28906,0.66741,0.00000,0.09903,0.37640,0.00000,1,0,0
DOS_SYN_Hping,1,0.27877,0.00000,0.08274,0.07517,0.89563,0.89563,0.90060,0.35394,0.31546,0.07395,0.28906,0.66741,0.00000,0.08948,0.37640,0.00000,1,0,0
DOS_SYN_Hping,1,0.27877,0.00000,0.08274,0.07517,0.90000,0.90000,0.90476,0.35394,0.31546,0.07395,0.28906,0.66741,0.00000,0.08681,0.37640,0.00000,1,0,0
DOS_SYN_Hping,1,0.27877,0.00000,0.08274,0.07517,1.00000,1.00000,1.00000,0.35394,0.31546,0.07395,0.28906,0.66741,0.00000,0.03699,0.37640,0.00000,1,0,0
DOS_SYN_Hping,1,0.27877,0.00000,0.08274,0.07517,0.85710,0.85710,0.86391,0.35394,0.31546,0.07395,0.28906,0.66741,0.00000,0.11427,0.37640,0.00000,1,0,0
DOS_SYN_Hping,1,0.27877,0.00000,0.08274,0.07517,1.00000,1.00000,1.00000,0.35394,0.31546,0.07395,0.28906,0.66741,0.00000,0.03699,0.37640,0.00000,1,0,0
DOS_SYN_Hping,1,0.27877,0.00000,0.08274,0.07517,1.00000,1.00000,1.00000,0.35394,0.31546,0.07395,0.28906,0.66741,0.00000,0.03699,0.37640,0.00000,1,0,0
DOS_SYN_Hping,1,0.27877,0.00000,0.08274,0.07517,0.98390,0.98390,0.98467,0.35394,0.31546,0.07395,0.28906,0.66741,0.00000,0.04335,0.37640,0.00000,1,0,0
DOS_SYN_Hping,1,0.27877,0.00000,0.08274,0.07517,1.00000,1.00000,1.00000,0.35394,0.31546,0.07395,0.28906,0.66741,0.00000,0.03699,0.37640,0.00000,1,0,0
DOS_SYN_Hping,1,0.27877,0.00000,0.08274,0.07517,0.89563,0.89563,0.90060,0.35394,0.31546,0.07395,0.28906,0.66741,0.00000,0.08948,0.37640,0.00000,1,0,0
DOS_SYN_Hping,1,0.27877,0.00000,0.08274,0.07517,0.94150,0.94150,0.94429,0.35394,0.31546,0.07395,0.28906,0.66741,0.00000,0.06331,0.37640,0.00000,1,0,0
DOS_SYN_Hping,1,0.27877,0.00000,0.08274,0.07517,0.89563,0.89563,0.90060,0.35394,0.31546,0.07395,0.28906,0.66741,0.00000,0.08948,0.37640,0.00000,1,0,0
DOS_SYN_Hping,1,0.27877,0.00000,0.08274,0.07517,1.00000,1.00000,1.00000,0.35394,0.31546,0.07395,0.28906,0.66741,0.00000,0.03699,0.37640,0.00000,1,0,0
DOS_SYN_Hping,1,0.27877,0.00000,0.08274,0.07517,0.98390,0.98390,0.98467,0.35394,0.31546,0.07395,0.28906,0.66741,0.00000,0.04335,0.37640,0.00000,1,0,0
DOS_SYN_Hping,1,0.27877,0.00000,0.08274,0.07517,0.88038,0.88038,0.88608,0.35394,0.31546,0.07395,0.28906,0.66741,0.00000,0.09903,0.37640,0.00000,1,0,0
DOS_SYN_Hping,1,0.27877,0.00000,0.08274,0.07517,1.00000,1.00000,1.00000,0.35394,0.31546,0.07395,0.28906,0.66741,0.00000,0.03699,0.37640,0.00000,1,0,0
DOS_SYN_Hping,1,0.27877,0.00000,0.08274,0.07517,0.89563,0.89563,0.90060,0.35394,0.31546,0.07395,0.28906,0.66741,0.00000,0.08948,0.37640,0.00000,1,0,0
DOS_SYN_Hping,1,0.27877,0.00000,0.08274,0.07517,1.00000,1.00000,1.00000,0.35394,0.31546,0.07395,0.28906,0.66741,0.00000,0.03699,0.37640,0.00000,1,0,0
DOS_SYN_Hping,1,0.27877,0.00000,0.08274,0.07517,0.89563,0.89563,0.90060,0.35394,0.31546,0.07395,0.28906,0.66741,0.00000,0.08948,0.37640,0.00000,1,0,0
DOS_SYN_Hping,1,0.27877,0.00000,0.08274,0.07517,0.90000,0.90000,0.90476,0.35394,0.31546,0.07395,0.28906,0.66741,0.00000,0.08681,0.37640,0.00000,1,0,0
DOS_SYN_Hping,1,0.27877,0.00000,0.08274,0.07517,1.00000,1.00000,1.00000,0.35394,0.31546,0.07395,0.28906,0.66741,0.00000,0.03699,0.37640,0.00000,1,0,0
DOS_SYN_Hping,1,0.27877,0.00000,0.08274,0.07517,0.91498,0.91498,0.91903,0.35394,0.31546,0.07395,0.28906,0.66741,0.00000,0.07793,0.37640,0.00000,1,0,0
DOS_SYN_Hping,1,0.27877,0.00000,0.08274,0.07517,1.00000,1.00000,1.00000,0.35394,0.31546,0.07395,0.28906,0.66741,0.00000,0.03699,0.37640,0.00000,1,0,0
DOS_SYN_Hping,1,0.27877,0.00000,0.08274,0.07517,0.88390,0.88390,0.88943,0.35394,0.31546,0.07395,0.28906,0.66741,0.00000,0.09680,0.37640,0.00000,1,0,0
DOS_SYN_Hping,1,0.27877,0.00000,0.08274,0.07517,0.89563,0.89563,0.90060,0.35394,0.31546,0.07395,0.28906,0.66741,0.00000,0.08948,0.37640,0.00000,1,0,0
DOS_SYN_Hping,1,0.27877,0.00000,0.08274,0.07517,0.89563,0.89563,0.90060,0.35394,0.31546,0.07395,0.28906,0.66741,0.00000,0.08948,0.37640,0.00000,1,0,0
DOS_SYN_Hping,1,0.27877,0.00000,0.08274,0.07517,0.90000,0.90000,0.90476,0.35394,0.31546,0.07395,0.28906,0.66741,0.00000,0.08681,0.37640,0.00000,1,0,0
DOS_SYN_Hping,1,0.27877,0.00000,0.08274,0.07517,0.88038,0.88038,0.88608,0.35394,0.31546,0.07395,0.28906,0.66741,0.00000,0.09903,0.37640,0.00000,1,0,0
DOS_SYN_Hping,1,0.27877,0.00000,0.08274,0.07517,0.89563,0.89563,0.90060,0.35394,0.31546,0.07395,0.28906,0.66741,0.00000,0.08948,0.37640,0.00000,1,0,0
DOS_SYN_Hping,1,0.27877,0.00000,0.08274,0.07517,0.89563,0.89563,0.90060,0.35394,0.31546,0.07395,0.28906,0.66741,0.00000,0.08948,0.37640,0.00000,1,0,0
DOS_SYN_Hping,1,0.27877,0.00000,0.08274,0.07517,1.00000,1.00000,1.00000,0.35394,0.31546,0.07395,0.28906,0.66741,0.00000,0.03699,0.37640,0.00000,1,0,0
DOS_SYN_Hping,1,0.27877,0.00000,0.08274,0.07517,0.89563,0.89563,0.90060,0.35394,0.31546,0.07395,0.28906,0.66741,0.00000,0.08948,0.37640,0.00000,1,0,0
DOS_SYN_Hping,1,0.27877,0.00000,0.08274,0.07517,0.89563,0.89563,0.90060,0.35394,0.31546,0.07395,0.28906,0.66741,0.00000,0.08948,0.37640,0.00000,1,0,0
DOS_SYN_Hping,1,0.27877,0.00000,0.08274,0.07517,0.89563,0.89563,0.90060,0.35394,0.31546,0.07395,0.28906,0.66741,0.00000,0.08948,0.37640,0.00000,1,0,0
DOS_SYN_Hping,1,0.27877,0.00000,0.08274,0.00000,0.00000,0.00000,0.00000,0.00000,0.31546,0.00000,0.00000,0.66741,0.00000,0.00000,0.37640,0.00000,1,0,0
DOS_SYN_Hping,1,0.27877,0.00000,0.08274,0.07517,0.92075,0.92075,0.92453,0.35394,0.31546,0.07395,0.28906,0.66741,0.00000,0.07462,0.37640,0.00000,1,0,0
DOS_SYN_Hping,1,0.27877,0.00000,0.08274,0.07517,0.89563,0.89563,0.90060,0.35394,0.31546,0.07395,0.28906,0.66741,0.00000,0.08948,0.37640,0.00000,1,0,0
DOS_SYN_Hping,1,0.27877,0.00000,0.08274,0.07517,1.00000,1.00000,1.00000,0.35394,0.31546,0.07395,0.28906,0.66741,0.00000,0.03699,0.37640,0.00000,1,0,0
DOS_SYN_Hping,1,0.27877,0.00000,0.08274,0.07517,0.88038,0.88038,0.88608,0.35394,0.31546,0.07395,0.28906,0.66741,0.00000,0.09903,0.37640,0.00000,1,0,0
DOS_SYN_Hping,1,0.27877,0.00000,0.08274,0.07517,1.00000,1.00000,1.00000,0.35394,0.31546,0.07395,0.28906,0.66741,0.00000,0.03699,0.37640,0.00000,1,0,0
DOS_SYN_Hping,1,0.27877,0.00000,0.08274,0.07517,0.88038,0.88038,0.88608,0.35394,0.31546,0.07395,0.28906,0.66741,0.00000,0.09903,0.37640,0.00000,1,0,0
DOS_SYN_Hping,1,0.27877,0.00000,0.08274,0.07517,0.89563,0.89563,0.90060,0.35394,0.31546,0.07395,0.28906,0.66741,0.00000,0.08948,0.37640,0.00000,1,0,0
DOS_SYN_Hping,1,0.27877,0.00000,0.08274,0.07517,0.90000,0.90000,0.90476,0.35394,0.31546,0.07395,0.28906,0.66741,0.00000,0.08681,0.37640,0.00000,1,0,0
DOS_SYN_Hping,1,0.27877,0.00000,0.08274,0.07517,0.89563,0.89563,0.90060,0.35394,0.31546,0.07395,0.28906,0.66741,0.00000,0.08948,0.37640,0.00000,1,0,0
DOS_SYN_Hping,1,0.27877,0.00000,0.08274,0.07517,0.89563,0.89563,0.90060,0.35394,0.31546,0.07395,0.28906,0.66741,0.00000,0.08948,0.37640,0.00000,1,0,0
DOS_SYN_Hping,1,0.27877,0.00000,0.08274,0.07517,0.88038,0.88038,0.88608,0.35394,0.31546,0.07395,0.28906,0.66741,0.00000,0.09903,0.37640,0.00000,1,0,0
DOS_SYN_Hping,1,0.27877,0.00000,0.08274,0.00000,0.00000,0.00000,0.00000,0.00000,0.31546,0.00000,0.00000,0.66741,0.00000,0.00000,0.37640,0.00000,1,0,0
DOS_SYN_Hping,1,0.27877,0.00000,0.08274,0.07517,1.00000,1.00000,1.00000,0.35394,0.31546,0.07395,0.28906,0.66741,0.00000,0.03699,0.37640,0.00000,1,0,0
DOS_SYN_Hping,1,0.27877,0.00000,0.08274,0.07517,0.98390,0.98390,0.98467,0.35394,0.31546,0.07395,0.28906,0.66741,0.00000,0.04335,0.37640,0.00000,1,0,0
DOS_SYN_Hping,1,0.27877,0.00000,0.08274,0.07517,0.94150,0.94150,0.94429,0.35394,0.31546,0.07395,0.28906,0.66741,0.00000,0.06331,0.37640,0.00000,1,0,0
DOS_SYN_Hping,1,0.27877,0.00000,0.08274,0.07517,0.00000,0.00000,0.00000,0.35394,0.31546,0.07395,0.28906,0.66741,0.00000,0.00000,0.37640,0.00000,1,0,0
DOS_SYN_Hping,1,0.27877,0.00000,0.08274,0.07517,0.89563,0.89563,0.90060,0.35394,0.31546,0.07395,0.28906,0.66741,0.00000,0.08948,0.37640,0.00000,1,0,0
DOS_SYN_Hping,1,0.27877,0.00000,0.08274,0.07517,0.91498,0.91498,0.91903,0.35394,0.31546,0.07395,0.28906,0.66741,0.00000,0.07793,0.37640,0.00000,1,0,0
DOS_SYN_Hping,1,0.27877,0.00000,0.08274,0.00000,0.00000,0.00000,0.00000,0.00000,0.31546,0.00000,0.00000,0.66741,0.00000,0.00000,0.37640,0.00000,1,0,0
DOS_SYN_Hping,1,0.27877,0.00000,0.08274,0.00000,0.00000,0.00000,0.00000,0.00000,0.31546,0.00000,0.00000,0.66741,0.00000,0.00000,0.37640,0.00000,1,0,0
DOS_SYN_Hping,1,0.27877,0.00000,0.08274,0.07517,1.00000,1.00000,1.00000,0.35394,0.31546,0.07395,0.28906,0.66741,0.00000,0.03699,0.37640,0.00000,1,0,0
DOS_SYN_Hping,1,0.27877,0.00000,0.08274,0.07517,0.95000,0.95000,0.95238,0.35394,0.31546,0.07395,0.28906,0.66741,0.00000,0.05895,0.37640,0.00000,1,0,0
DOS_SYN_Hping,1,0.27877,0.00000,0.08274,0.07517,0.89563,0.89563,0.90060,0.35394,0.31546,0.07395,0.28906,0.66741,0.00000,0.08948,0.37640,0.00000,1,0,0
DOS_SYN_Hping,1,0.27877,0.00000,0.08274,0.07517,1.00000,1.00000,1.00000,0.35394,0.31546,0.07395,0.28906,0.66741,0.00000,0.03699,0.37640,0.00000,1,0,0
DOS_SYN_Hping,1,0.27877,0.00000,0.08274,0.07517,0.89563,0.89563,0.90060,0.35394,0.31546,0.07395,0.28906,0.66741,0.00000,0.08948,0.37640,0.00000,1,0,0
DOS_SYN_Hping,1,0.27877,0.00000,0.08274,0.07517,0.92075,0.92075,0.92453,0.35394,0.31546,0.07395,0.28906,0.66741,0.00000,0.07462,0.37640,0.00000,1,0,0
DOS_SYN_Hping,1,0.27877,0.00000,0.08274,0.00000,0.00000,0.00000,0.00000,0.00000,0.31546,0.00000,0.00000,0.66741,0.00000,0.00000,0.37640,0.00000,1,0,0
DOS_SYN_Hping,1,0.27877,0.00000,0.08274,0.00000,0.00000,0.00000,0.00000,0.00000,0.31546,0.00000,0.00000,0.66741,0.00000,0.00000,0.37640,0.00000,1,0,0
DOS_SYN_Hping,1,0.27877,0.00000,0.08274,0.07517,0.89563,0.89563,0.90060,0.35394,0.31546,0.07395,0.28906,0.66741,0.00000,0.08948,0.37640,0.00000,1,0,0
DOS_SYN_Hping,1,0.27877,0.00000,0.08274,0.07517,0.89563,0.89563,0.90060,0.35394,0.31546,0.07395,0.28906,0.66741,0.00000,0.08948,0.37640,0.00000,1,0,0
DOS_SYN_Hping,1,0.27877,0.00000,0.08274,0.07517,0.89563,0.89563,0.90060,0.35394,0.31546,0.07395,0.28906,0.66741,0.00000,0.08948,0.37640,0.00000,1,0,0
DOS_SYN_Hping,1,0.27877,0.00000,0.08274,0.07517,1.00000,1.00000,1.00000,0.35394,0.31546,0.07395,0.28906,0.66741,0.00000,0.03699,0.37640,0.00000,1,0,0
DOS_SYN_Hping,1,0.27877,0.00000,0.08274,0.07517,1.00000,1.00000,1.00000,0.35394,0.31546,0.07395,0.28906,0.66741,0.00000,0.03699,0.37640,0.00000,1,0,0
DOS_SYN_Hping,1,0.27877,0.00000,0.08274,0.00000,0.00000,0.00000,0.00000,0.00000,0.31546,0.00000,0.00000,0.66741,0.00000,0.00000,0.37640,0.00000,1,0,0
DOS_SYN_Hping,1,0.27877,0.00000,0.08274,0.07517,0.89563,0.89563,0.90060,0.35394,0.31546,0.07395,0.28906,0.66741,0.00000,0.08948,0.37640,0.00000,1,0,0
DOS_SYN_Hping,1,0.27877,0.00000,0.08274,0.07517,0.90000,0.90000,0.90476,0.35394,0.31546,0.07395,0.28906,0.66741,0.00000,0.08681,0.37640,0.00000,1,0,0
DOS_SYN_Hping,1,0.27877,0.00000,0.08274,0.07517,0.89563,0.89563,0.90060,0.35394,0.31546,0.07395,0.28906,0.66741,0.00000,0.08948,0.37640,0.00000,1,0,0
DOS_SYN_Hping,1,0.27877,0.00000,0.08274,0.07517,1.00000,1.00000,1.00000,0.35394,0.31546,0.07395,0.28906,0.66741,0.00000,0.03699,0.37640,0.00000,1,0,0
DOS_SYN_Hping,1,0.27877,0.00000,0.08274,0.07517,0.88038,0.88038,0.88608,0.35394,0.31546,0.07395,0.28906,0.66741,0.00000,0.09903,0.37640,0.00000,1,0,0
DOS_SYN_Hping,1,0.27877,0.00000,0.08274,0.07517,0.89563,0.89563,0.90060,0.35394,0.31546,0.07395,0.28906,0.66741,0.00000,0.08948,0.37640,0.00000,1,0,0
DOS_SYN_Hping,1,0.27877,0.00000,0.08274,0.07517,0.88038,0.88038,0.88608,0.35394,0.31546,0.07395,0.28906,0.66741,0.00000,0.09903,0.37640,0.00000,1,0,0
DOS_SYN_Hping,1,0.27877,0.00000,0.08274,0.07517,0.89563,0.89563,0.90060,0.35394,0.31546,0.07395,0.28906,0.66741,0.00000,0.08948,0.37640,0.00000,1,0,0
DOS_SYN_Hping,1,0.27877,0.00000,0.08274,0.07517,1.00000,1.00000,1.00000,0.35394,0.31546,0.07395,0.28906,0.66741,0.00000,0.03699,0.37640,0.00000,1,0,0
DOS_SYN_Hping,1,0.27877,0.00000,0.08274,0.07517,0.89563,0.89563,0.90060,0.35394,0.31546,0.07395,0.28906,0.66741,0.00000,0.08948,0.37640,0.00000,1,0,0
DOS_SYN_Hping,1,0.27877,0.00000,0.08274,0.07517,0.92075,0.92075,0.92453,0.35394,0.31546,0.07395,0.28906,0.66741,0.00000,0.07462,0.37640,0.00000,1,0,0
DOS_SYN_Hping,1,0.27877,0.00000,0.08274,0.07517,1.00000,1.00000,1.00000,0.35394,0.31546,0.07395,0.28906,0.66741,0.00000,0.03699,0.37640,0.00000,1,0,0
DOS_SYN_Hping,1,0.27877,0.00000,0.08274,0.00000,0.00000,0.00000,0.00000,0.00000,0.31546,0.00000,0.00000,0.66741,0.00000,0.00000,0.37640,0.00000,1,0,0
DOS_SYN_Hping,1,0.27877,0.00000,0.08274,0.07517,0.90000,0.90000,0.90476,0.35394,0.31546,0.07395,0.28906,0.66741,0.00000,0.08681,0.37640,0.00000,1,0,0
DOS_SYN_Hping,1,0.27877,0.00000,0.08274,0.07517,1.00000,1.00000,1.00000,0.35394,0.31546,0.07395,0.28906,0.66741,0.00000,0.03699,0.37640,0.00000,1,0,0
DOS_SYN_Hping,1,0.27877,0.00000,0.08274,0.07517,0.90000,0.90000,0.90476,0.35394,0.31546,0.07395,0.28906,0.66741,0.00000,0.08681,0.37640,0.00000,1,0,0
DOS_SYN_Hping,1,0.27877,0.00000,0.08274,0.07517,0.90000,0.90000,0.90476,0.35394,0.31546,0.07395,0.28906,0.66741,0.00000,0.08681,0.37640,0.00000,1,0,0
DOS_SYN_Hping,1,0.27877,0.00000,0.08274,0.07517,0.89563,0.89563,0.90060,0.35394,0.31546,0.07395,0.28906,0.66741,0.00000,0.08948,0.37640,0.00000,1,0,0
DOS_SYN_Hping,1,0.27877,0.00000,0.08274,0.07517,0.88038,0.88038,0.88608,0.35394,0.31546,0.07395,0.28906,0.66741,0.00000,0.09903,0.37640,0.00000,1,0,0
DOS_SYN_Hping,1,0.27877,0.00000,0.08274,0.07517,0.94150,0.94150,0.94429,0.35394,0.31546,0.07395,0.28906,0.66741,0.00000,0.06331,0.37640,0.00000,1,0,0
DOS_SYN_Hping,1,0.27877,0.00000,0.08274,0.07517,0.89563,0.89563,0.90060,0.35394,0.31546,0.07395,0.28906,0.66741,0.00000,0.08948,0.37640,0.00000,1,0,0
DOS_SYN_Hping,1,0.27877,0.00000,0.08274,0.07517,0.95000,0.95000,0.95238,0.35394,0.31546,0.07395,0.28906,0.66741,0.00000,0.05895,0.37640,0.00000,1,0,0
DOS_SYN_Hping,1,0.27877,0.00000,0.08274,0.07517,0.95000,0.95000,0.95238,0.35394,0.31546,0.07395,0.28906,0.66741,0.00000,0.05895,0.37640,0.00000,1,0,0
DOS_SYN_Hping,1,0.27877,0.00000,0.08274,0.07517,1.00000,1.00000,1.00000,0.35394,0.31546,0.07395,0.28906,0.66741,0.00000,0.03699,0.37640,0.00000,1,0,0
DOS_SYN_Hping,1,0.27877,0.00000,0.08274,0.07517,0.89563,0.89563,0.90060,0.35394,0.31546,0.07395,0.28906,0.66741,0.00000,0.08948,0.37640,0.00000,1,0,0
DOS_SYN_Hping,1,0.27877,0.00000,0.08274,0.07517,1.00000,1.00000,1.00000,0.35394,0.31546,0.07395,0.28906,0.66741,0.00000,0.03699,0.37640,0.00000,1,0,0
DOS_SYN_Hping,1,0.27877,0.00000,0.08274,0.07517,0.92075,0.92075,0.92453,0.35394,0.31546,0.07395,0.28906,0.66741,0.00000,0.07462,0.37640,0.00000,1,0,0
DOS_SYN_Hping,1,0.27877,0.00000,0.08274,0.07517,1.00000,1.00000,1.00000,0.35394,0.31546,0.07395,0.28906,0.66741,0.00000,0.03699,0.37640,0.00000,1,0,0
DOS_SYN_Hping,1,0.27877,0.00000,0.08274,0.07517,0.90000,0.90000,0.90476,0.35394,0.31546,0.07395,0.28906,0.66741,0.00000,0.08681,0.37640,0.00000,1,0,0
DOS_SYN_Hping,1,0.27877,0.00000,0.08274,0.07517,0.95000,0.95000,0.95238,0.35394,0.31546,0.07395,0.28906,0.66741,0.00000,0.05895,0.37640,0.00000,1,0,0
DOS_SYN_Hping,1,0.27877,0.00000,0.08274,0.00000,0.00000,0.00000,0.00000,0.00000,0.31546,0.00000,0.00000,0.66741,0.00000,0.00000,0.37640,0.00000,1,0,0
DOS_SYN_Hping,1,0.27877,0.00000,0.08274,0.07517,1.00000,1.00000,1.00000,0.35394,0.31546,0.07395,0.28906,0.66741,0.00000,0.03699,0.37640,0.00000,1,0,0
DOS_SYN_Hping,1,0.27877,0.00000,0.08274,0.07517,0.90000,0.90000,0.90476,0.35394,0.31546,0.07395,0.28906,0.66741,0.00000,0.08681,0.37640,0.00000,1,0,0
DOS_SYN_Hping,1,0.27877,0.00000,0.08274,0.07517,0.89563,0.89563,0.90060,0.35394,0.31546,0.07395,0.28906,0.66741,0.00000,0.08948,0.37640,0.00000,1,0,0
DOS_SYN_Hping,1,0.27877,0.00000,0.08274,0.07517,0.89563,0.89563,0.90060,0.35394,0.31546,0.07395,0.28906,0.66741,0.00000,0.08948,0.37640,0.00000,1,0,0
DOS_SYN_Hping,1,0.27877,0.00000,0.08274,0.00000,0.00000,0.00000,0.00000,0.00000,0.31546,0.00000,0.00000,0.66741,0.00000,0.00000,0.37640,0.00000,1,0,0
DOS_SYN_Hping,1,0.27877,0.00000,0.08274,0.07517,0.95000,0.95000,0.95238,0.35394,0.31546,0.07395,0.28906,0.66741,0.00000,0.05895,0.37640,0.00000,1,0,0
DOS_SYN_Hping,1,0.27877,0.00000,0.08274,0.07517,0.89563,0.89563,0.90060,0.35394,0.31546,0.07395,0.28906,0.66741,0.00000,0.08948,0.37640,0.00000,1,0,0
DOS_SYN_Hping,1,0.27877,0.00000,0.08274,0.07517,1.00000,1.00000,1.00000,0.35394,0.31546,0.07395,0.28906,0.66741,0.00000,0.03699,0.37640,0.00000,1,0,0
DOS_SYN_Hping,1,0.27877,0.00000,0.08274,0.07517,0.89563,0.89563,0.90060,0.35394,0.31546,0.07395,0.28906,0.66741,0.00000,0.08948,0.37640,0.00000,1,0,0
DOS_SYN_Hping,1,0.27877,0.00000,0.08274,0.07517,0.88038,0.88038,0.88608,0.35394,0.31546,0.07395,0.28906,0.66741,0.00000,0.09903,0.37640,0.00000,1,0,0
DOS_SYN_Hping,1,0.27877,0.00000,0.08274,0.07517,1.00000,1.00000,1.00000,0.35394,0.31546,0.07395,0.28906,0.66741,0.00000,0.03699,0.37640,0.00000,1,0,0
DOS_SYN_Hping,1,0.27877,0.00000,0.08274,0.07517,0.88038,0.88038,0.88608,0.35394,0.31546,0.07395,0.28906,0.66741,0.00000,0.09903,0.37640,0.00000,1,0,0
DOS_SYN_Hping,1,0.27877,0.00000,0.08274,0.07517,0.90000,0.90000,0.90476,0.35394,0.31546,0.07395,0.28906,0.66741,0.00000,0.08681,0.37640,0.00000,1,0,0
DOS_SYN_Hping,1,0.27877,0.00000,0.08274,0.00000,0.00000,0.00000,0.00000,0.00000,0.31546,0.00000,0.00000,0.66741,0.00000,0.00000,0.37640,0.00000,1,0,0
DOS_SYN_Hping,1,0.27877,0.00000,0.08274,0.07517,0.89563,0.89563,0.90060,0.35394,0.31546,0.07395,0.28906,0.66741,0.00000,0.08948,0.37640,0.00000,1,0,0
DOS_SYN_Hping,1,0.27877,0.00000,0.08274,0.07517,0.89563,0.89563,0.90060,0.35394,0.31546,0.07395,0.28906,0.66741,0.00000,0.08948,0.37640,0.00000,1,0,0
DOS_SYN_Hping,1,0.27877,0.00000,0.08274,0.07517,0.89563,0.89563,0.90060,0.35394,0.31546,0.07395,0.28906,0.66741,0.00000,0.08948,0.37640,0.00000,1,0,0
DOS_SYN_Hping,1,0.27877,0.00000,0.08274,0.07517,0.88038,0.88038,0.88608,0.35394,0.31546,0.07395,0.28906,0.66741,0.00000,0.09903,0.37640,0.00000,1,0,0
DOS_SYN_Hping,1,0.27877,0.00000,0.08274,0.07517,0.90000,0.90000,0.90476,0.35394,0.31546,0.07395,0.28906,0.66741,0.00000,0.08681,0.37640,0.00000,1,0,0
DOS_SYN_Hping,1,0.27877,0.00000,0.08274,0.07517,1.00000,1.00000,1.00000,0.35394,0.31546,0.07395,0.28906,0.66741,0.00000,0.03699,0.37640,0.00000,1,0,0
DOS_SYN_Hping,1,0.27877,0.00000,0.08274,0.07517,0.89563,0.89563,0.90060,0.35394,0.31546,0.07395,0.28906,0.66741,0.00000,0.08948,0.37640,0.00000,1,0,0
DOS_SYN_Hping,1,0.27877,0.00000,0.08274,0.07517,1.00000,1.00000,1.00000,0.35394,0.31546,0.07395,0.28906,0.66741,0.00000,0.03699,0.37640,0.00000,1,0,0
DOS_SYN_Hping,1,0.27877,0.00000,0.08274,0.07517,0.91498,0.91498,0.91903,0.35394,0.31546,0.07395,0.28906,0.66741,0.00000,0.07793,0.37640,0.00000,1,0,0
DOS_SYN_Hping,1,0.27877,0.00000,0.08274,0.07517,0.95000,0.95000,0.95238,0.35394,0.31546,0.07395,0.28906,0.66741,0.00000,0.05895,0.37640,0.00000,1,0,0
DOS_SYN_Hping,1,0.27877,0.00000,0.08274,0.07517,0.89563,0.89563,0.90060,0.35394,0.31546,0.07395,0.28906,0.66741,0.00000,0.08948,0.37640,0.00000,1,0,0
DOS_SYN_Hping,1,0.27877,0.00000,0.08274,0.07517,0.89563,0.89563,0.90060,0.35394,0.31546,0.07395,0.28906,0.66741,0.00000,0.08948,0.37640,0.00000,1,0,0
DOS_SYN_Hping,1,0.27877,0.00000,0.08274,0.00000,0.00000,0.00000,0.00000,0.00000,0.31546,0.00000,0.00000,0.66741,0.00000,0.00000,0.37640,0.00000,1,0,0
DOS_SYN_Hping,1,0.27877,0.00000,0.08274,0.07517,1.00000,1.00000,1.00000,0.35394,0.31546,0.07395,0.28906,0.66741,0.00000,0.03699,0.37640,0.00000,1,0,0
DOS_SYN_Hping,1,0.27877,0.00000,0.08274,0.07517,0.95000,0.95000,0.95238,0.35394,0.31546,0.07395,0.28906,0.66741,0.00000,0.05895,0.37640,0.00000,1,0,0
DOS_SYN_Hping,1,0.27877,0.00000,0.08274,0.07517,0.88038,0.88038,0.88608,0.35394,0.31546,0.07395,0.28906,0.66741,0.00000,0.09903,0.37640,0.00000,1,0,0
DOS_SYN_Hping,1,0.27877,0.00000,0.08274,0.07517,0.89563,0.89563,0.90060,0.35394,0.31546,0.07395,0.28906,0.66741,0.00000,0.08948,0.37640,0.00000,1,0,0
DOS_SYN_Hping,1,0.27877,0.00000,0.08274,0.07517,0.89563,0.89563,0.90060,0.35394,0.31546,0.07395,0.28906,0.66741,0.00000,0.08948,0.37640,0.00000,1,0,0
DOS_SYN_Hping,1,0.27877,0.00000,0.08274,0.00000,0.00000,0.00000,0.00000,0.00000,0.31546,0.00000,0.00000,0.66741,0.00000,0.00000,0.37640,0.00000,1,0,0
DOS_SYN_Hping,1,0.27877,0.00000,0.08274,0.07517,1.00000,1.00000,1.00000,0.35394,0.31546,0.07395,0.28906,0.66741,0.00000,0.03699,0.37640,0.00000,1,0,0
DOS_SYN_Hping,1,0.27877,0.00000,0.08274,0.07517,0.89563,0.89563,0.90060,0.35394,0.31546,0.07395,0.28906,0.66741,0.00000,0.08948,0.37640,0.00000,1,0,0
DOS_SYN_Hping,1,0.27877,0.00000,0.08274,0.07517,0.88038,0.88038,0.88608,0.35394,0.31546,0.07395,0.28906,0.66741,0.00000,0.09903,0.37640,0.00000,1,0,0
DOS_SYN_Hping,1,0.27877,0.00000,0.08274,0.07517,0.89563,0.89563,0.90060,0.35394,0.31546,0.07395,0.28906,0.66741,0.00000,0.08948,0.37640,0.00000,1,0,0
DOS_SYN_Hping,1,0.27877,0.00000,0.08274,0.07517,0.90000,0.90000,0.90476,0.35394,0.31546,0.07395,0.28906,0.66741,0.00000,0.08681,0.37640,0.00000,1,0,0
DOS_SYN_Hping,1,0.27877,0.00000,0.08274,0.07517,0.90000,0.90000,0.90476,0.35394,0.31546,0.07395,0.28906,0.66741,0.00000,0.08681,0.37640,0.00000,1,0,0
DOS_SYN_Hping,1,0.27877,0.00000,0.08274,0.07517,0.90000,0.90000,0.90476,0.35394,0.31546,0.07395,0.28906,0.66741,0.00000,0.08681,0.37640,0.00000,1,0,0
DOS_SYN_Hping,1,0.27877,0.00000,0.08274,0.07517,1.00000,1.00000,1.00000,0.35394,0.31546,0.07395,0.28906,0.66741,0.00000,0.03699,0.37640,0.00000,1,0,0
DOS_SYN_Hping,1,0.27877,0.00000,0.08274,0.07517,0.88038,0.88038,0.88608,0.35394,0.31546,0.07395,0.28906,0.66741,0.00000,0.09903,0.37640,0.00000,1,0,0
DOS_SYN_Hping,1,0.27877,0.00000,0.08274,0.07517,1.00000,1.00000,1.00000,0.35394,0.31546,0.07395,0.28906,0.66741,0.00000,0.03699,0.37640,0.00000,1,0,0
DOS_SYN_Hping,1,0.27877,0.00000,0.08274,0.07517,0.88038,0.88038,0.88608,0.35394,0.31546,0.07395,0.28906,0.66741,0.00000,0.09903,0.37640,0.00000,1,0,0
DOS_SYN_Hping,1,0.27877,0.00000,0.08274,0.07517,0.89563,0.89563,0.90060,0.35394,0.31546,0.07395,0.28906,0.66741,0.00000,0.08948,0.37640,0.00000,1,0,0
DOS_SYN_Hping,1,0.27877,0.00000,0.08274,0.07517,0.88038,0.88038,0.88608,0.35394,0.31546,0.07395,0.28906,0.66741,0.00000,0.09903,0.37640,0.00000,1,0,0
DOS_SYN_Hping,1,0.27877,0.00000,0.08274,0.07517,1.00000,1.00000,1.00000,0.35394,0.31546,0.07395,0.28906,0.66741,0.00000,0.03699,0.37640,0.00000,1,0,0
DOS_SYN_Hping,1,0.27877,0.00000,0.08274,0.07517,1.00000,1.00000,1.00000,0.35394,0.31546,0.07395,0.28906,0.66741,0.00000,0.03699,0.37640,0.00000,1,0,0
DOS_SYN_Hping,1,0.27877,0.00000,0.08274,0.07517,0.89563,0.89563,0.90060,0.35394,0.31546,0.07395,0.28906,0.66741,0.00000,0.08948,0.37640,0.00000,1,0,0
DOS_SYN_Hping,1,0.27877,0.00000,0.08274,0.07517,0.90000,0.90000,0.90476,0.35394,0.31546,0.07395,0.28906,0.66741,0.00000,0.08681,0.37640,0.00000,1,0,0
DOS_SYN_Hping,1,0.27877,0.00000,0.08274,0.07517,1.00000,1.00000,1.00000,0.35394,0.31546,0.07395,0.28906,0.66741,0.00000,0.03699,0.37640,0.00000,1,0,0
DOS_SYN_Hping,1,0.27877,0.00000,0.08274,0.00000,0.00000,0.00000,0.00000,0.00000,0.31546,0.00000,0.00000,0.66741,0.00000,0.00000,0.37640,0.00000,1,0,0
DOS_SYN_Hping,1,0.27877,0.00000,0.08274,0.00000,0.00000,0.00000,0.00000,0.00000,0.31546,0.00000,0.00000,0.66741,0.00000,0.00000,0.37640,0.00000,1,0,0
DOS_SYN_Hping,1,0.27877,0.00000,0.08274,0.00000,0.00000,0.00000,0.00000,0.00000,0.31546,0.00000,0.00000,0.66741,0.00000,0.00000,0.37640,0.00000,1,0,0
DOS_SYN_Hping,1,0.27877,0.00000,0.08274,0.07517,0.89563,0.89563,0.90060,0.35394,0.31546,0.07395,0.28906,0.66741,0.00000,0.08948,0.37640,0.00000,1,0,0
DOS_SYN_Hping,1,0.27877,0.00000,0.08274,0.07517,0.98390,0.98390,0.98467,0.35394,0.31546,0.07395,0.28906,0.66741,0.00000,0.04335,0.37640,0.00000,1,0,0
DOS_SYN_Hping,1,0.27877,0.00000,0.08274,0.07517,0.94150,0.94150,0.94429,0.35394,0.31546,0.07395,0.28906,0.66741,0.00000,0.06331,0.37640,0.00000,1,0,0
DOS_SYN_Hping,1,0.27877,0.00000,0.08274,0.07517,0.89563,0.89563,0.90060,0.35394,0.31546,0.07395,0.28906,0.66741,0.00000,0.08948,0.37640,0.00000,1,0,0
DOS_SYN_Hping,1,0.27877,0.00000,0.08274,0.00000,0.00000,0.00000,0.00000,0.00000,0.31546,0.00000,0.00000,0.66741,0.00000,0.00000,0.37640,0.00000,1,0,0
DOS_SYN_Hping,1,0.27877,0.00000,0.08274,0.07517,0.89563,0.89563,0.90060,0.35394,0.31546,0.07395,0.28906,0.66741,0.00000,0.08948,0.37640,0.00000,1,0,0
DOS_SYN_Hping,1,0.27877,0.00000,0.08274,0.07517,0.89563,0.89563,0.90060,0.35394,0.31546,0.07395,0.28906,0.66741,0.00000,0.08948,0.37640,0.00000,1,0,0
DOS_SYN_Hping,1,0.27877,0.00000,0.08274,0.07517,0.94150,0.94150,0.94429,0.35394,0.31546,0.07395,0.28906,0.66741,0.00000,0.06331,0.37640,0.00000,1,0,0
DOS_SYN_Hping,1,0.27877,0.00000,0.08274,0.07517,0.89563,0.89563,0.90060,0.35394,0.31546,0.07395,0.28906,0.66741,0.00000,0.08948,0.37640,0.00000,1,0,0
DOS_SYN_Hping,1,0.27877,0.00000,0.08274,0.07517,0.89563,0.89563,0.90060,0.35394,0.31546,0.07395,0.28906,0.66741,0.00000,0.08948,0.37640,0.00000,1,0,0
DOS_SYN_Hping,1,0.27877,0.00000,0.08274,0.07517,0.88038,0.88038,0.88608,0.35394,0.31546,0.07395,0.28906,0.66741,0.00000,0.09903,0.37640,0.00000,1,0,0
DOS_SYN_Hping,1,0.27877,0.00000,0.08274,0.07517,0.89563,0.89563,0.90060,0.35394,0.31546,0.07395,0.28906,0.66741,0.00000,0.08948,0.37640,0.00000,1,0,0
DOS_SYN_Hping,1,0.27877,0.00000,0.08274,0.07517,0.90000,0.90000,0.90476,0.35394,0.31546,0.07395,0.28906,0.66741,0.00000,0.08681,0.37640,0.00000,1,0,0
DOS_SYN_Hping,1,0.27877,0.00000,0.08274,0.00000,0.00000,0.00000,0.00000,0.00000,0.31546,0.00000,0.00000,0.66741,0.00000,0.00000,0.37640,0.00000,1,0,0
DOS_SYN_Hping,1,0.27877,0.00000,0.08274,0.07517,0.94150,0.94150,0.94429,0.35394,0.31546,0.07395,0.28906,0.66741,0.00000,0.06331,0.37640,0.00000,1,0,0
DOS_SYN_Hping,1,0.27877,0.00000,0.08274,0.07517,0.89563,0.89563,0.90060,0.35394,0.31546,0.07395,0.28906,0.66741,0.00000,0.08948,0.37640,0.00000,1,0,0
DOS_SYN_Hping,1,0.27877,0.00000,0.08274,0.07517,0.89563,0.89563,0.90060,0.35394,0.31546,0.07395,0.28906,0.66741,0.00000,0.08948,0.37640,0.00000,1,0,0
DOS_SYN_Hping,1,0.27877,0.00000,0.08274,0.07517,0.90000,0.90000,0.90476,0.35394,0.31546,0.07395,0.28906,0.66741,0.00000,0.08681,0.37640,0.00000,1,0,0
DOS_SYN_Hping,1,0.27877,0.00000,0.08274,0.07517,0.89563,0.89563,0.90060,0.35394,0.31546,0.07395,0.28906,0.66741,0.00000,0.08948,0.37640,0.00000,1,0,0
DOS_SYN_Hping,1,0.27877,0.00000,0.08274,0.07517,0.88038,0.88038,0.88608,0.35394,0.31546,0.07395,0.28906,0.66741,0.00000,0.09903,0.37640,0.00000,1,0,0
DOS_SYN_Hping,1,0.27877,0.00000,0.08274,0.07517,0.88390,0.88390,0.88943,0.35394,0.31546,0.07395,0.28906,0.66741,0.00000,0.09680,0.37640,0.00000,1,0,0
DOS_SYN_Hping,1,0.27877,0.00000,0.08274,0.07517,0.98390,0.98390,0.98467,0.35394,0.31546,0.07395,0.28906,0.66741,0.00000,0.04335,0.37640,0.00000,1,0,0
DOS_SYN_Hping,1,0.27877,0.00000,0.08274,0.07517,0.90000,0.90000,0.90476,0.35394,0.31546,0.07395,0.28906,0.66741,0.00000,0.08681,0.37640,0.00000,1,0,0
DOS_SYN_Hping,1,0.27877,0.00000,0.08274,0.07517,1.00000,1.00000,1.00000,0.35394,0.31546,0.07395,0.28906,0.66741,0.00000,0.03699,0.37640,0.00000,1,0,0
DOS_SYN_Hping,1,0.27877,0.00000,0.08274,0.07517,0.90000,0.90000,0.90476,0.35394,0.31546,0.07395,0.28906,0.66741,0.00000,0.08681,0.37640,0.00000,1,0,0
DOS_SYN_Hping,1,0.27877,0.00000,0.08274,0.07517,1.00000,1.00000,1.00000,0.35394,0.31546,0.07395,0.28906,0.66741,0.00000,0.03699,0.37640,0.00000,1,0,0
DOS_SYN_Hping,1,0.27877,0.00000,0.08274,0.07517,1.00000,1.00000,1.00000,0.35394,0.31546,0.07395,0.28906,0.66741,0.00000,0.03699,0.37640,0.00000,1,0,0
DOS_SYN_Hping,1,0.27877,0.00000,0.08274,0.07517,0.88038,0.88038,0.88608,0.35394,0.31546,0.07395,0.28906,0.66741,0.00000,0.09903,0.37640,0.00000,1,0,0
DOS_SYN_Hping,1,0.27877,0.00000,0.08274,0.07517,1.00000,1.00000,1.00000,0.35394,0.31546,0.07395,0.28906,0.66741,0.00000,0.03699,0.37640,0.00000,1,0,0
DOS_SYN_Hping,1,0.27877,0.00000,0.08274,0.07517,0.90000,0.90000,0.90476,0.35394,0.31546,0.07395,0.28906,0.66741,0.00000,0.08681,0.37640,0.00000,1,0,0
DOS_SYN_Hping,1,0.27877,0.00000,0.08274,0.00000,0.00000,0.00000,0.00000,0.00000,0.31546,0.00000,0.00000,0.66741,0.00000,0.00000,0.37640,0.00000,1,0,0
DOS_SYN_Hping,1,0.27877,0.00000,0.08274,0.07517,0.89563,0.89563,0.90060,0.35394,0.31546,0.07395,0.28906,0.66741,0.00000,0.08948,0.37640,0.00000,1,0,0
DOS_SYN_Hping,1,0.27877,0.00000,0.08274,0.07517,0.89563,0.89563,0.90060,0.35394,0.31546,0.07395,0.28906,0.66741,0.00000,0.08948,0.37640,0.00000,1,0,0
DOS_SYN_Hping,1,0.27877,0.00000,0.08274,0.07517,0.95000,0.95000,0.95238,0.35394,0.31546,0.07395,0.28906,0.66741,0.00000,0.05895,0.37640,0.00000,1,0,0
DOS_SYN_Hping,1,0.27877,0.00000,0.08274,0.07517,0.90000,0.90000,0.90476,0.35394,0.31546,0.07395,0.28906,0.66741,0.00000,0.08681,0.37640,0.00000,1,0,0
DOS_SYN_Hping,1,0.27877,0.00000,0.08274,0.07517,1.00000,1.00000,1.00000,0.35394,0.31546,0.07395,0.28906,0.66741,0.00000,0.03699,0.37640,0.00000,1,0,0
DOS_SYN_Hping,1,0.27877,0.00000,0.08274,0.07517,0.89563,0.89563,0.90060,0.35394,0.31546,0.07395,0.28906,0.66741,0.00000,0.08948,0.37640,0.00000,1,0,0
DOS_SYN_Hping,1,0.27877,0.00000,0.08274,0.00000,0.00000,0.00000,0.00000,0.00000,0.31546,0.00000,0.00000,0.66741,0.00000,0.00000,0.37640,0.00000,1,0,0
DOS_SYN_Hping,1,0.27877,0.00000,0.08274,0.07517,0.89563,0.89563,0.90060,0.35394,0.31546,0.07395,0.28906,0.66741,0.00000,0.08948,0.37640,0.00000,1,0,0
DOS_SYN_Hping,1,0.27877,0.00000,0.08274,0.07517,0.88038,0.88038,0.88608,0.35394,0.31546,0.07395,0.28906,0.66741,0.00000,0.09903,0.37640,0.00000,1,0,0
DOS_SYN_Hping,1,0.27877,0.00000,0.08274,0.07517,0.89563,0.89563,0.90060,0.35394,0.31546,0.07395,0.28906,0.66741,0.00000,0.08948,0.37640,0.00000,1,0,0
DOS_SYN_Hping,1,0.27877,0.00000,0.08274,0.07517,0.94150,0.94150,0.94429,0.35394,0.31546,0.07395,0.28906,0.66741,0.00000,0.06331,0.37640,0.00000,1,0,0
DOS_SYN_Hping,1,0.27877,0.00000,0.08274,0.07517,1.00000,1.00000,1.00000,0.35394,0.31546,0.07395,0.28906,0.66741,0.00000,0.03699,0.37640,0.00000,1,0,0
DOS_SYN_Hping,1,0.27877,0.00000,0.08274,0.07517,0.95000,0.95000,0.95238,0.35394,0.31546,0.07395,0.28906,0.66741,0.00000,0.05895,0.37640,0.00000,1,0,0
DOS_SYN_Hping,1,0.27877,0.00000,0.08274,0.07517,0.88038,0.88038,0.88608,0.35394,0.31546,0.07395,0.28906,0.66741,0.00000,0.09903,0.37640,0.00000,1,0,0
DOS_SYN_Hping,1,0.27877,0.00000,0.08274,0.07517,0.88038,0.88038,0.88608,0.35394,0.31546,0.07395,0.28906,0.66741,0.00000,0.09903,0.37640,0.00000,1,0,0
DOS_SYN_Hping,1,0.27877,0.00000,0.08274,0.07517,0.95000,0.95000,0.95238,0.35394,0.31546,0.07395,0.28906,0.66741,0.00000,0.05895,0.37640,0.00000,1,0,0
DOS_SYN_Hping,1,0.27877,0.00000,0.08274,0.07517,0.89563,0.89563,0.90060,0.35394,0.31546,0.07395,0.28906,0.66741,0.00000,0.08948,0.37640,0.00000,1,0,0
DOS_SYN_Hping,1,0.27877,0.00000,0.08274,0.00000,0.00000,0.00000,0.00000,0.00000,0.31546,0.00000,0.00000,0.66741,0.00000,0.00000,0.37640,0.00000,1,0,0
DOS_SYN_Hping,1,0.27877,0.00000,0.08274,0.07517,0.88038,0.88038,0.88608,0.35394,0.31546,0.07395,0.28906,0.66741,0.00000,0.09903,0.37640,0.00000,1,0,0
DOS_SYN_Hping,1,0.27877,0.00000,0.08274,0.07517,0.91498,0.91498,0.91903,0.35394,0.31546,0.07395,0.28906,0.66741,0.00000,0.07793,0.37640,0.00000,1,0,0
DOS_SYN_Hping,1,0.27877,0.00000,0.08274,0.07517,1.00000,1.00000,1.00000,0.35394,0.31546,0.07395,0.28906,0.66741,0.00000,0.03699,0.37640,0.00000,1,0,0
DOS_SYN_Hping,1,0.27877,0.00000,0.08274,0.07517,0.89563,0.89563,0.90060,0.35394,0.31546,0.07395,0.28906,0.66741,0.00000,0.08948,0.37640,0.00000,1,0,0
DOS_SYN_Hping,1,0.27877,0.00000,0.08274,0.07517,1.00000,1.00000,1.00000,0.35394,0.31546,0.07395,0.28906,0.66741,0.00000,0.03699,0.37640,0.00000,1,0,0
DOS_SYN_Hping,1,0.27877,0.00000,0.08274,0.07517,0.90000,0.90000,0.90476,0.35394,0.31546,0.07395,0.28906,0.66741,0.00000,0.08681,0.37640,0.00000,1,0,0
DOS_SYN_Hping,1,0.27877,0.00000,0.08274,0.07517,0.88038,0.88038,0.88608,0.35394,0.31546,0.07395,0.28906,0.66741,0.00000,0.09903,0.37640,0.00000,1,0,0
DOS_SYN_Hping,1,0.27877,0.00000,0.08274,0.00000,0.00000,0.00000,0.00000,0.00000,0.31546,0.00000,0.00000,0.66741,0.00000,0.00000,0.37640,0.00000,1,0,0
DOS_SYN_Hping,1,0.27877,0.00000,0.08274,0.07517,0.89563,0.89563,0.90060,0.35394,0.31546,0.07395,0.28906,0.66741,0.00000,0.08948,0.37640,0.00000,1,0,0
DOS_SYN_Hping,1,0.27877,0.00000,0.08274,0.07517,0.88038,0.88038,0.88608,0.35394,0.31546,0.07395,0.28906,0.66741,0.00000,0.09903,0.37640,0.00000,1,0,0
DOS_SYN_Hping,1,0.27877,0.00000,0.08274,0.07517,0.89563,0.89563,0.90060,0.35394,0.31546,0.07395,0.28906,0.66741,0.00000,0.08948,0.37640,0.00000,1,0,0
DOS_SYN_Hping,1,0.27877,0.00000,0.08274,0.07517,1.00000,1.00000,1.00000,0.35394,0.31546,0.07395,0.28906,0.66741,0.00000,0.03699,0.37640,0.00000,1,0,0
DOS_SYN_Hping,1,0.27877,0.00000,0.08274,0.07517,0.89563,0.89563,0.90060,0.35394,0.31546,0.07395,0.28906,0.66741,0.00000,0.08948,0.37640,0.00000,1,0,0
DOS_SYN_Hping,1,0.27877,0.00000,0.08274,0.07517,0.89563,0.89563,0.90060,0.35394,0.31546,0.07395,0.28906,0.66741,0.00000,0.08948,0.37640,0.00000,1,0,0
DOS_SYN_Hping,1,0.27877,0.00000,0.08274,0.07517,0.89563,0.89563,0.90060,0.35394,0.31546,0.07395,0.28906,0.66741,0.00000,0.08948,0.37640,0.00000,1,0,0
DOS_SYN_Hping,1,0.27877,0.00000,0.08274,0.07517,0.88038,0.88038,0.88608,0.35394,0.31546,0.07395,0.28906,0.66741,0.00000,0.09903,0.37640,0.00000,1,0,0
DOS_SYN_Hping,1,0.27877,0.00000,0.08274,0.07517,0.88038,0.88038,0.88608,0.35394,0.31546,0.07395,0.28906,0.66741,0.00000,0.09903,0.37640,0.00000,1,0,0
DOS_SYN_Hping,1,0.27877,0.00000,0.08274,0.00000,0.00000,0.00000,0.00000,0.00000,0.31546,0.00000,0.00000,0.66741,0.00000,0.00000,0.37640,0.00000,1,0,0
DOS_SYN_Hping,1,0.27877,0.00000,0.08274,0.07517,0.89563,0.89563,0.90060,0.35394,0.31546,0.07395,0.28906,0.66741,0.00000,0.08948,0.37640,0.00000,1,0,0
DOS_SYN_Hping,1,0.27877,0.00000,0.08274,0.07517,0.91498,0.91498,0.91903,0.35394,0.31546,0.07395,0.28906,0.66741,0.00000,0.07793,0.37640,0.00000,1,0,0
DOS_SYN_Hping,1,0.27877,0.00000,0.08274,0.07517,0.98390,0.98390,0.98467,0.35394,0.31546,0.07395,0.28906,0.66741,0.00000,0.04335,0.37640,0.00000,1,0,0
DOS_SYN_Hping,1,0.27877,0.00000,0.08274,0.07517,0.89563,0.89563,0.90060,0.35394,0.31546,0.07395,0.28906,0.66741,0.00000,0.08948,0.37640,0.00000,1,0,0
DOS_SYN_Hping,1,0.27877,0.00000,0.08274,0.07517,0.90000,0.90000,0.90476,0.35394,0.31546,0.07395,0.28906,0.66741,0.00000,0.08681,0.37640,0.00000,1,0,0
DOS_SYN_Hping,1,0.27877,0.00000,0.08274,0.07517,0.90000,0.90000,0.90476,0.35394,0.31546,0.07395,0.28906,0.66741,0.00000,0.08681,0.37640,0.00000,1,0,0
Metasploit_Brute_Force_SSH,1,0.28278,0.08840,0.32327,0.28618,0.17215,0.16732,0.20597,0.33537,0.50000,0.35161,0.00000,0.62655,0.66455,0.60276,0.99820,0.99948,1,0,0
Metasploit_Brute_Force_SSH,1,0.28278,0.08389,0.33098,0.28618,0.18184,0.17241,0.21345,0.31871,0.50000,0.35549,0.00000,0.61706,0.66455,0.59620,0.99820,0.99948,1,0,0
Metasploit_Brute_Force_SSH,1,0.28278,0.04917,0.42096,0.38860,0.28647,0.29063,0.32182,0.36918,0.50000,0.45015,0.00000,0.59458,0.67968,0.50571,0.99820,0.99948,1,0,0
Metasploit_Brute_Force_SSH,1,0.28278,0.11324,0.33098,0.28618,0.15132,0.14235,0.18297,0.31871,0.50000,0.35549,0.00000,0.61706,0.66455,0.62207,0.99820,0.99948,1,0,0
Metasploit_Brute_Force_SSH,1,0.35975,0.00009,0.13115,0.11913,0.55954,0.55954,0.58050,0.35394,0.00000,0.00000,0.00000,0.56745,0.59267,0.31248,0.00000,0.00000,0,1,0
Metasploit_Brute_Force_SSH,1,0.28278,0.11464,0.33098,0.28618,0.15003,0.14108,0.18166,0.31871,0.50000,0.35549,0.00000,0.61706,0.66455,0.62320,0.99820,0.99948,1,0,0
Metasploit_Brute_Force_SSH,1,0.77431,0.00000,0.08274,0.00000,0.00000,0.00000,0.00000,0.00000,0.00000,0.00000,0.00000,0.68771,0.00000,0.00000,0.00000,0.00000,0,1,0
Metasploit_Brute_Force_SSH,1,0.28278,0.09410,0.32327,0.28618,0.16594,0.16115,0.19976,0.33537,0.50000,0.35161,0.00000,0.62655,0.66455,0.60791,0.99820,0.99948,1,0,0
Metasploit_Brute_Force_SSH,1,0.28278,0.11365,0.32327,0.28618,0.14660,0.14198,0.18026,0.33537,0.50000,0.35161,0.00000,0.62655,0.66455,0.62448,0.99820,0.99948,1,0,0
Metasploit_Brute_Force_SSH,1,0.77431,0.26384,0.19213,0.00000,0.01943,0.00000,0.01850,0.00000,0.00000,0.00000,0.00000,0.68771,0.00000,0.84388,0.00000,0.00000,0,1,0
Metasploit_Brute_Force_SSH,1,0.35975,0.00011,0.08274,0.07517,0.49463,0.49463,0.51866,0.35394,0.00000,0.00000,0.00000,0.53282,0.64524,0.38448,0.00000,0.00000,0,1,0
Metasploit_Brute_Force_SSH,1,0.28278,0.09498,0.33098,0.28618,0.16950,0.16023,0.20120,0.31871,0.50000,0.35549,0.00000,0.61706,0.66455,0.60646,0.99820,0.99948,1,0,0
Metasploit_Brute_Force_SSH,1,0.28278,0.10654,0.32327,0.28618,0.15332,0.14863,0.18707,0.33537,0.50000,0.35161,0.00000,0.62655,0.66455,0.61862,0.99820,0.99948,1,0,0
Metasploit_Brute_Force_SSH,1,0.28278,0.10997,0.32327,0.28618,0.15004,0.14538,0.18375,0.33537,0.50000,0.35161,0.00000,0.62655,0.66455,0.62153,0.99820,0.99948,1,0,0
Metasploit_Brute_Force_SSH,1,0.28278,0.13463,0.33098,0.28618,0.13264,0.12406,0.16394,0.31871,0.50000,0.35549,0.00000,0.61706,0.66455,0.63872,0.99820,0.99948,1,0,0
Metasploit_Brute_Force_SSH,1,0.28278,0.11043,0.33098,0.28618,0.15398,0.14496,0.18564,0.31871,0.50000,0.35549,0.00000,0.61706,0.66455,0.61981,0.99820,0.99948,1,0,0
Metasploit_Brute_Force_SSH,1,0.35975,0.00400,0.08274,0.07517,0.23371,0.23371,0.26884,0.35394,0.00000,0.00000,0.00000,0.53282,0.59805,0.58637,0.00000,0.00000,0,1,0
Metasploit_Brute_Force_SSH,1,0.28278,0.11762,0.33098,0.28618,0.14730,0.13840,0.17890,0.31871,0.50000,0.35549,0.00000,0.61706,0.66455,0.62563,0.99820,0.99948,1,0,0
NMAP_FIN_SCAN,1,0.28278,0.00000,0.08274,0.00000,0.00000,0.00000,0.00000,0.00000,0.00000,0.00000,0.00000,0.00000,0.00000,0.00000,0.62509,0.00000,1,0,0
NMAP_FIN_SCAN,1,0.28278,0.00000,0.08274,0.00000,0.00000,0.00000,0.00000,0.00000,0.00000,0.00000,0.00000,0.00000,0.00000,0.00000,0.62509,0.00000,1,0,0
NMAP_FIN_SCAN,1,0.35975,0.00405,0.08274,0.07517,0.23285,0.23285,0.26801,0.35394,0.00000,0.00000,0.00000,0.56745,0.66057,0.58706,0.00000,0.00000,0,1,0
NMAP_FIN_SCAN,1,0.35975,0.00419,0.13115,0.11913,0.27893,0.27893,0.31254,0.35394,0.00000,0.00000,0.00000,0.56745,0.59267,0.52831,0.00000,0.00000,0,1,0
NMAP_FIN_SCAN,1,0.28278,0.00000,0.08274,0.00000,0.00000,0.00000,0.00000,0.00000,0.00000,0.00000,0.00000,0.00000,0.00000,0.00000,0.62509,0.00000,1,0,0
NMAP_FIN_SCAN,1,0.28278,0.00000,0.08274,0.00000,0.00000,0.00000,0.00000,0.00000,0.00000,0.00000,0.00000,0.00000,0.00000,0.00000,0.62509,0.00000,1,0,0
NMAP_FIN_SCAN,1,0.28278,0.00000,0.08274,0.00000,0.00000,0.00000,0.00000,0.00000,0.00000,0.00000,0.00000,0.00000,0.00000,0.00000,0.62509,0.00000,1,0,0
NMAP_FIN_SCAN,1,0.28278,0.00000,0.08274,0.00000,0.00000,0.00000,0.00000,0.00000,0.00000,0.00000,0.00000,0.00000,0.00000,0.00000,0.62509,0.00000,1,0,0
NMAP_FIN_SCAN,1,0.28278,0.00000,0.08274,0.00000,0.00000,0.00000,0.00000,0.00000,0.00000,0.00000,0.00000,0.00000,0.00000,0.00000,0.62509,0.00000,1,0,0
NMAP_FIN_SCAN,1,0.35975,0.00013,0.08274,0.07517,0.47957,0.47957,0.50431,0.35394,0.00000,0.00000,0.00000,0.56745,0.61921,0.39601,0.00000,0.00000,0,1,0
NMAP_FIN_SCAN,1,0.28278,0.00000,0.08274,0.00000,0.00000,0.00000,0.00000,0.00000,0.00000,0.00000,0.00000,0.00000,0.00000,0.00000,0.62509,0.00000,1,0,0
NMAP_FIN_SCAN,1,0.28278,0.00000,0.08274,0.00000,0.00000,0.00000,0.00000,0.00000,0.00000,0.00000,0.00000,0.00000,0.00000,0.00000,0.62509,0.00000,1,0,0
NMAP_FIN_SCAN,1,0.39632,0.04554,0.23229,0.19430,0.17567,0.16377,0.20615,0.30951,0.50000,0.25581,0.00000,0.38143,0.46960,0.62765,0.99820,0.99894,1,0,0
NMAP_FIN_SCAN,1,0.28278,0.00000,0.08274,0.00000,0.00000,0.00000,0.00000,0.00000,0.00000,0.00000,0.00000,0.00000,0.00000,0.00000,0.62509,0.00000,1,0,0
NMAP_OS_DETECTION,1,0.62661,0.00000,0.08274,0.07517,0.84563,0.84563,0.85298,0.35394,0.00000,0.07395,0.28906,0.00000,0.00000,0.12202,0.62509,0.00000,1,0,0
NMAP_OS_DETECTION,1,0.68613,0.00000,0.08274,0.07517,0.94150,0.94150,0.94429,0.35394,0.00000,0.07395,0.28906,0.00000,0.00000,0.06331,0.62509,0.00000,1,0,0
NMAP_OS_DETECTION,1,0.67630,0.00000,0.08274,0.07517,0.88038,0.88038,0.88608,0.35394,0.00000,0.07395,0.28906,0.00000,0.00000,0.09903,0.62509,0.00000,1,0,0
NMAP_OS_DETECTION,1,0.62371,0.00000,0.08274,0.07517,0.85710,0.85710,0.86391,0.35394,0.00000,0.07395,0.28906,0.00000,0.00000,0.11427,0.62509,0.00000,1,0,0
NMAP_OS_DETECTION,1,0.61378,0.00000,0.08274,0.07517,0.95000,0.95000,0.95238,0.35394,0.00000,0.07395,0.28906,0.00000,0.00000,0.05895,0.62509,0.00000,1,0,0
NMAP_OS_DETECTION,1,0.82605,0.00000,0.08274,0.07517,0.85710,0.85710,0.86391,0.35394,0.00000,0.07395,0.28906,0.00000,0.00000,0.11427,0.62509,0.00000,1,0,0
NMAP_OS_DETECTION,1,0.82156,0.00000,0.08274,0.07517,0.86781,0.86781,0.87410,0.35394,0.00000,0.07395,0.28906,0.00000,0.00000,0.10717,0.62509,0.00000,1,0,0
NMAP_OS_DETECTION,1,0.28278,0.00000,0.08274,0.07517,0.73808,0.73808,0.75055,0.35394,0.00000,0.07395,0.28906,0.00000,0.00000,0.19946,0.62509,0.00000,1,0,0
NMAP_OS_DETECTION,1,0.63150,0.00000,0.08274,0.07517,0.84778,0.84778,0.85503,0.35394,0.00000,0.07395,0.28906,0.00000,0.00000,0.12055,0.62509,0.00000,1,0,0
NMAP_OS_DETECTION,1,0.79695,0.00000,0.08274,0.07517,0.86781,0.86781,0.87410,0.35394,0.00000,0.07395,0.28906,0.00000,0.00000,0.10717,0.62509,0.00000,1,0,0
NMAP_OS_DETECTION,1,0.39743,0.00000,0.08274,0.07517,0.83038,0.83038,0.83846,0.35394,0.00000,0.07395,0.28906,0.00000,0.00000,0.13252,0.62509,0.00000,1,0,0
NMAP_OS_DETECTION,1,0.68158,0.00000,0.08274,0.07517,0.91498,0.91498,0.91903,0.35394,0.00000,0.07395,0.28906,0.00000,0.00000,0.07793,0.62509,0.00000,1,0,0
NMAP_OS_DETECTION,1,0.63496,0.00000,0.08274,0.07517,0.86781,0.86781,0.87410,0.35394,0.00000,0.07395,0.28906,0.00000,0.00000,0.10717,0.62509,0.00000,1,0,0
NMAP_OS_DETECTION,1,0.97428,0.00000,0.08274,0.07517,0.92075,0.92075,0.92453,0.35394,0.00000,0.07395,0.28906,0.00000,0.00000,0.07462,0.62509,0.00000,1,0,0
NMAP_OS_DETECTION,1,0.68843,0.00000,0.08274,0.07517,0.90000,0.90000,0.90476,0.35394,0.00000,0.07395,0.28906,0.00000,0.00000,0.08681,0.62509,0.00000,1,0,0
NMAP_OS_DETECTION,1,0.97694,0.00000,0.08274,0.07517,0.88038,0.88038,0.88608,0.35394,0.00000,0.07395,0.28906,0.00000,0.00000,0.09903,0.62509,0.00000,1,0,0
NMAP_OS_DETECTION,1,0.63018,0.00000,0.08274,0.07517,0.75347,0.75347,0.76520,0.35394,0.00000,0.07395,0.28906,0.00000,0.00000,0.18803,0.62509,0.00000,1,0,0
NMAP_OS_DETECTION,1,0.62959,0.00000,0.08274,0.07517,0.76159,0.76159,0.77294,0.35394,0.00000,0.07395,0.28906,0.00000,0.00000,0.18203,0.62509,0.00000,1,0,0
NMAP_OS_DETECTION,1,0.68773,0.00000,0.08274,0.07517,0.77382,0.77382,0.78459,0.35394,0.00000,0.07395,0.28906,0.00000,0.00000,0.17304,0.62509,0.00000,1,0,0
NMAP_OS_DETECTION,1,0.51500,0.00000,0.08274,0.07517,0.86781,0.86781,0.87410,0.35394,0.00000,0.07395,0.28906,0.00000,0.00000,0.10717,0.62509,0.00000,1,0,0
NMAP_OS_DETECTION,1,0.92141,0.00000,0.08274,0.07517,0.78039,0.78039,0.79084,0.35394,0.00000,0.07395,0.28906,0.00000,0.00000,0.16824,0.62509,0.00000,1,0,0
NMAP_OS_DETECTION,1,0.63543,0.00000,0.08274,0.07517,0.86781,0.86781,0.87410,0.35394,0.00000,0.07395,0.28906,0.00000,0.00000,0.10717,0.62509,0.00000,1,0,0
NMAP_OS_DETECTION,1,0.62943,0.00000,0.08274,0.07517,0.86781,0.86781,0.87410,0.35394,0.00000,0.07395,0.28906,0.00000,0.00000,0.10717,0.62509,0.00000,1,0,0
NMAP_OS_DETECTION,1,0.79195,0.00000,0.08274,0.07517,0.77382,0.77382,0.78459,0.35394,0.00000,0.07395,0.28906,0.00000,0.00000,0.17304,0.62509,0.00000,1,0,0
NMAP_OS_DETECTION,1,0.63166,0.00000,0.08274,0.07517,0.86781,0.86781,0.87410,0.35394,0.00000,0.07395,0.28906,0.00000,0.00000,0.10717,0.62509,0.00000,1,0,0
NMAP_OS_DETECTION,1,0.97428,0.00000,0.08274,0.07517,0.85710,0.85710,0.86391,0.35394,0.00000,0.07395,0.28906,0.00000,0.00000,0.11427,0.62509,0.00000,1,0,0
NMAP_OS_DETECTION,1,0.97428,0.00000,0.08274,0.07517,0.75648,0.75648,0.76808,0.35394,0.00000,0.07395,0.28906,0.00000,0.00000,0.18580,0.62509,0.00000,1,0,0
NMAP_OS_DETECTION,1,0.74503,0.00000,0.08274,0.07517,0.86781,0.86781,0.87410,0.35394,0.00000,0.07395,0.28906,0.00000,0.00000,0.10717,0.62509,0.00000,1,0,0
NMAP_OS_DETECTION,1,0.97426,0.00000,0.08274,0.07517,0.86781,0.86781,0.87410,0.35394,0.00000,0.07395,0.28906,0.00000,0.00000,0.10717,0.62509,0.00000,1,0,0
NMAP_OS_DETECTION,1,0.77890,0.00000,0.08274,0.07517,0.86781,0.86781,0.87410,0.35394,0.00000,0.07395,0.28906,0.00000,0.00000,0.10717,0.62509,0.00000,1,0,0
NMAP_OS_DETECTION,1,0.62756,0.00000,0.08274,0.07517,0.85710,0.85710,0.86391,0.35394,0.00000,0.07395,0.28906,0.00000,0.00000,0.11427,0.62509,0.00000,1,0,0
NMAP_OS_DETECTION,1,0.87158,0.00000,0.08274,0.07517,0.84563,0.84563,0.85298,0.35394,0.00000,0.07395,0.28906,0.00000,0.00000,0.12202,0.62509,0.00000,1,0,0
NMAP_OS_DETECTION,1,0.81148,0.00000,0.08274,0.07517,0.86781,0.86781,0.87410,0.35394,0.00000,0.07395,0.28906,0.00000,0.00000,0.10717,0.62509,0.00000,1,0,0
NMAP_OS_DETECTION,1,0.63256,0.00000,0.08274,0.07517,0.86781,0.86781,0.87410,0.35394,0.00000,0.07395,0.28906,0.00000,0.00000,0.10717,0.62509,0.00000,1,0,0
NMAP_OS_DETECTION,1,0.63101,0.00000,0.08274,0.07517,0.84563,0.84563,0.85298,0.35394,0.00000,0.07395,0.28906,0.00000,0.00000,0.12202,0.62509,0.00000,1,0,0
NMAP_OS_DETECTION,1,0.81760,0.00000,0.08274,0.07517,0.78390,0.78390,0.79419,0.35394,0.00000,0.07395,0.28906,0.00000,0.00000,0.16568,0.62509,0.00000,1,0,0
NMAP_OS_DETECTION,1,0.56065,0.00000,0.08274,0.07517,0.86781,0.86781,0.87410,0.35394,0.00000,0.07395,0.28906,0.00000,0.00000,0.10717,0.62509,0.00000,1,0,0
NMAP_OS_DETECTION,1,0.32806,0.00000,0.08274,0.07517,0.75347,0.75347,0.76520,0.35394,0.00000,0.07395,0.28906,0.00000,0.00000,0.18803,0.62509,0.00000,1,0,0
NMAP_OS_DETECTION,1,0.79852,0.00000,0.08274,0.07517,0.85466,0.85466,0.86158,0.35394,0.00000,0.07395,0.28906,0.00000,0.00000,0.11591,0.62509,0.00000,1,0,0
NMAP_OS_DETECTION,1,0.63224,0.00000,0.08274,0.07517,0.78039,0.78039,0.79084,0.35394,0.00000,0.07395,0.28906,0.00000,0.00000,0.16824,0.62509,0.00000,1,0,0
NMAP_OS_DETECTION,1,0.97580,0.00000,0.08274,0.07517,0.86498,0.86498,0.87141,0.35394,0.00000,0.07395,0.28906,0.00000,0.00000,0.10903,0.62509,0.00000,1,0,0
NMAP_OS_DETECTION,1,0.83616,0.00000,0.08274,0.07517,0.86781,0.86781,0.87410,0.35394,0.00000,0.07395,0.28906,0.00000,0.00000,0.10717,0.62509,0.00000,1,0,0
NMAP_OS_DETECTION,1,0.27458,0.00000,0.08274,0.07517,0.86781,0.86781,0.87410,0.35394,0.00000,0.07395,0.28906,0.00000,0.00000,0.10717,0.62509,0.00000,1,0,0
NMAP_OS_DETECTION,1,0.29724,0.00000,0.08274,0.07517,0.86781,0.86781,0.87410,0.35394,0.00000,0.07395,0.28906,0.00000,0.00000,0.10717,0.62509,0.00000,1,0,0
NMAP_OS_DETECTION,1,0.83615,0.00000,0.08274,0.07517,0.85710,0.85710,0.86391,0.35394,0.00000,0.07395,0.28906,0.00000,0.00000,0.11427,0.62509,0.00000,1,0,0
NMAP_OS_DETECTION,1,0.68423,0.00000,0.08274,0.07517,0.89563,0.89563,0.90060,0.35394,0.00000,0.07395,0.28906,0.00000,0.00000,0.08948,0.62509,0.00000,1,0,0
NMAP_OS_DETECTION,1,0.68990,0.00000,0.08274,0.07517,0.80587,0.80587,0.81511,0.35394,0.00000,0.07395,0.28906,0.00000,0.00000,0.14983,0.62509,0.00000,1,0,0
NMAP_OS_DETECTION,1,0.62696,0.00000,0.08274,0.07517,0.75899,0.75899,0.77047,0.35394,0.00000,0.07395,0.28906,0.00000,0.00000,0.18395,0.62509,0.00000,1,0,0
NMAP_OS_DETECTION,1,0.79809,0.00000,0.08274,0.07517,1.00000,1.00000,1.00000,0.35394,0.00000,0.07395,0.28906,0.00000,0.00000,0.03699,0.62509,0.00000,1,0,0
NMAP_OS_DETECTION,1,0.38444,0.00000,0.08274,0.07517,0.86781,0.86781,0.87410,0.35394,0.00000,0.07395,0.28906,0.00000,0.00000,0.10717,0.62509,0.00000,1,0,0
NMAP_OS_DETECTION,1,0.58978,0.00000,0.08274,0.07517,0.86781,0.86781,0.87410,0.35394,0.00000,0.07395,0.28906,0.00000,0.00000,0.10717,0.62509,0.00000,1,0,0
NMAP_OS_DETECTION,1,0.54191,0.00000,0.08274,0.07517,0.84778,0.84778,0.85503,0.35394,0.00000,0.07395,0.28906,0.00000,0.00000,0.12055,0.62509,0.00000,1,0,0
NMAP_OS_DETECTION,1,0.66158,0.00000,0.08274,0.07517,1.00000,1.00000,1.00000,0.35394,0.00000,0.07395,0.28906,0.00000,0.00000,0.03699,0.62509,0.00000,1,0,0
NMAP_OS_DETECTION,1,0.78443,0.00000,0.08274,0.07517,0.86781,0.86781,0.87410,0.35394,0.00000,0.07395,0.28906,0.00000,0.00000,0.10717,0.62509,0.00000,1,0,0
NMAP_OS_DETECTION,1,0.78188,0.00000,0.08274,0.07517,0.85710,0.85710,0.86391,0.35394,0.00000,0.07395,0.28906,0.00000,0.00000,0.11427,0.62509,0.00000,1,0,0
NMAP_OS_DETECTION,1,0.78456,0.00000,0.08274,0.07517,0.76159,0.76159,0.77294,0.35394,0.00000,0.07395,0.28906,0.00000,0.00000,0.18203,0.62509,0.00000,1,0,0
NMAP_OS_DETECTION,1,0.97580,0.00000,0.08274,0.07517,0.85710,0.85710,0.86391,0.35394,0.00000,0.07395,0.28906,0.00000,0.00000,0.11427,0.62509,0.00000,1,0,0
NMAP_OS_DETECTION,1,0.67798,0.00000,0.08274,0.07517,0.88038,0.88038,0.88608,0.35394,0.00000,0.07395,0.28906,0.00000,0.00000,0.09903,0.62509,0.00000,1,0,0
NMAP_OS_DETECTION,1,0.64672,0.00000,0.08274,0.07517,0.95000,0.95000,0.95238,0.35394,0.00000,0.07395,0.28906,0.00000,0.00000,0.05895,0.62509,0.00000,1,0,0
NMAP_OS_DETECTION,1,0.83282,0.00000,0.08274,0.07517,0.95000,0.95000,0.95238,0.35394,0.00000,0.07395,0.28906,0.00000,0.00000,0.05895,0.62509,0.00000,1,0,0
NMAP_OS_DETECTION,1,0.69904,0.00000,0.08274,0.07517,0.86781,0.86781,0.87410,0.35394,0.00000,0.07395,0.28906,0.00000,0.00000,0.10717,0.62509,0.00000,1,0,0
NMAP_OS_DETECTION,1,0.62934,0.00000,0.08274,0.07517,0.75899,0.75899,0.77047,0.35394,0.00000,0.07395,0.28906,0.00000,0.00000,0.18395,0.62509,0.00000,1,0,0
NMAP_OS_DETECTION,1,0.62833,0.00000,0.08274,0.07517,0.88038,0.88038,0.88608,0.35394,0.00000,0.07395,0.28906,0.00000,0.00000,0.09903,0.62509,0.00000,1,0,0
NMAP_OS_DETECTION,1,0.62704,0.00000,0.08274,0.07517,0.85710,0.85710,0.86391,0.35394,0.00000,0.07395,0.28906,0.00000,0.00000,0.11427,0.62509,0.00000,1,0,0
NMAP_OS_DETECTION,1,0.63753,0.00000,0.08274,0.07517,0.86781,0.86781,0.87410,0.35394,0.00000,0.07395,0.28906,0.00000,0.00000,0.10717,0.62509,0.00000,1,0,0
NMAP_OS_DETECTION,1,0.81254,0.00000,0.08274,0.07517,0.86781,0.86781,0.87410,0.35394,0.00000,0.07395,0.28906,0.00000,0.00000,0.10717,0.62509,0.00000,1,0,0
NMAP_OS_DETECTION,1,0.97634,0.00000,0.08274,0.07517,0.94150,0.94150,0.94429,0.35394,0.00000,0.07395,0.28906,0.00000,0.00000,0.06331,0.62509,0.00000,1,0,0
NMAP_OS_DETECTION,1,0.99712,0.00000,0.08274,0.07517,0.92075,0.92075,0.92453,0.35394,0.00000,0.07395,0.28906,0.00000,0.00000,0.07462,0.62509,0.00000,1,0,0
NMAP_OS_DETECTION,1,0.67200,0.00000,0.08274,0.07517,0.85710,0.85710,0.86391,0.35394,0.00000,0.07395,0.28906,0.00000,0.00000,0.11427,0.62509,0.00000,1,0,0
NMAP_OS_DETECTION,1,0.76925,0.00000,0.08274,0.07517,0.98390,0.98390,0.98467,0.35394,0.00000,0.07395,0.28906,0.00000,0.00000,0.04335,0.62509,0.00000,1,0,0
NMAP_OS_DETECTION,1,0.81759,0.00000,0.08274,0.07517,0.75347,0.75347,0.76520,0.35394,0.00000,0.07395,0.28906,0.00000,0.00000,0.18803,0.62509,0.00000,1,0,0
NMAP_OS_DETECTION,1,0.88305,0.00000,0.08274,0.07517,0.88038,0.88038,0.88608,0.35394,0.00000,0.07395,0.28906,0.00000,0.00000,0.09903,0.62509,0.00000,1,0,0
NMAP_OS_DETECTION,1,0.62841,0.00000,0.08274,0.07517,0.86781,0.86781,0.87410,0.35394,0.00000,0.07395,0.28906,0.00000,0.00000,0.10717,0.62509,0.00000,1,0,0
NMAP_OS_DETECTION,1,0.68768,0.00000,0.08274,0.07517,0.86781,0.86781,0.87410,0.35394,0.00000,0.07395,0.28906,0.00000,0.00000,0.10717,0.62509,0.00000,1,0,0
NMAP_OS_DETECTION,1,0.83615,0.00000,0.08274,0.07517,0.84778,0.84778,0.85503,0.35394,0.00000,0.07395,0.28906,0.00000,0.00000,0.12055,0.62509,0.00000,1,0,0
NMAP_OS_DETECTION,1,0.99964,0.00000,0.08274,0.07517,0.74670,0.74670,0.75876,0.35394,0.00000,0.07395,0.28906,0.00000,0.00000,0.19305,0.62509,0.00000,1,0,0
NMAP_OS_DETECTION,1,0.73349,0.00000,0.08274,0.07517,0.91498,0.91498,0.91903,0.35394,0.00000,0.07395,0.28906,0.00000,0.00000,0.07793,0.62509,0.00000,1,0,0
NMAP_OS_DETECTION,1,0.95611,0.00000,0.08274,0.07517,0.86781,0.86781,0.87410,0.35394,0.00000,0.07395,0.28906,0.00000,0.00000,0.10717,0.62509,0.00000,1,0,0
NMAP_OS_DETECTION,1,0.63361,0.00000,0.08274,0.07517,0.86781,0.86781,0.87410,0.35394,0.00000,0.07395,0.28906,0.00000,0.00000,0.10717,0.62509,0.00000,1,0,0
NMAP_OS_DETECTION,1,0.78401,0.00000,0.08274,0.07517,0.94150,0.94150,0.94429,0.35394,0.00000,0.07395,0.28906,0.00000,0.00000,0.06331,0.62509,0.00000,1,0,0
NMAP_OS_DETECTION,1,0.78468,0.00000,0.08274,0.07517,0.86781,0.86781,0.87410,0.35394,0.00000,0.07395,0.28906,0.00000,0.00000,0.10717,0.62509,0.00000,1,0,0
NMAP_OS_DETECTION,1,0.81600,0.00000,0.08274,0.07517,0.85710,0.85710,0.86391,0.35394,0.00000,0.07395,0.28906,0.00000,0.00000,0.11427,0.62509,0.00000,1,0,0
NMAP_OS_DETECTION,1,0.63034,0.00000,0.08274,0.07517,0.88038,0.88038,0.88608,0.35394,0.00000,0.07395,0.28906,0.00000,0.00000,0.09903,0.62509,0.00000,1,0,0
NMAP_OS_DETECTION,1,0.83069,0.00000,0.08274,0.07517,0.83760,0.83760,0.84534,0.35394,0.00000,0.07395,0.28906,0.00000,0.00000,0.12752,0.62509,0.00000,1,0,0
NMAP_OS_DETECTION,1,0.78171,0.00000,0.08274,0.07517,0.86781,0.86781,0.87410,0.35394,0.00000,0.07395,0.28906,0.00000,0.00000,0.10717,0.62509,0.00000,1,0,0
NMAP_OS_DETECTION,1,1.00000,0.00000,0.08274,0.07517,0.86781,0.86781,0.87410,0.35394,0.00000,0.07395,0.28906,0.00000,0.00000,0.10717,0.62509,0.00000,1,0,0
NMAP_OS_DETECTION,1,0.56065,0.00000,0.08274,0.07517,0.84778,0.84778,0.85503,0.35394,0.00000,0.07395,0.28906,0.00000,0.00000,0.12055,0.62509,0.00000,1,0,0
NMAP_OS_DETECTION,1,0.67920,0.00000,0.08274,0.07517,0.86781,0.86781,0.87410,0.35394,0.00000,0.07395,0.28906,0.00000,0.00000,0.10717,0.62509,0.00000,1,0,0
NMAP_OS_DETECTION,1,0.93929,0.00000,0.08274,0.07517,0.88038,0.88038,0.88608,0.35394,0.00000,0.07395,0.28906,0.00000,0.00000,0.09903,0.62509,0.00000,1,0,0
NMAP_OS_DETECTION,1,0.94252,0.00000,0.08274,0.07517,0.83038,0.83038,0.83846,0.35394,0.00000,0.07395,0.28906,0.00000,0.00000,0.13252,0.62509,0.00000,1,0,0
NMAP_OS_DETECTION,1,0.96517,0.00000,0.08274,0.07517,0.86781,0.86781,0.87410,0.35394,0.00000,0.07395,0.28906,0.00000,0.00000,0.10717,0.62509,0.00000,1,0,0
NMAP_OS_DETECTION,1,0.71807,0.00000,0.08274,0.07517,0.77382,0.77382,0.78459,0.35394,0.00000,0.07395,0.28906,0.00000,0.00000,0.17304,0.62509,0.00000,1,0,0
NMAP_OS_DETECTION,1,0.58372,0.00000,0.08274,0.07517,0.80114,0.80114,0.81061,0.35394,0.00000,0.07395,0.28906,0.00000,0.00000,0.15322,0.62509,0.00000,1,0,0
NMAP_OS_DETECTION,1,0.42392,0.00000,0.08274,0.07517,0.89563,0.89563,0.90060,0.35394,0.00000,0.07395,0.28906,0.00000,0.00000,0.08948,0.62509,0.00000,1,0,0
NMAP_OS_DETECTION,1,0.80486,0.00000,0.08274,0.07517,0.94150,0.94150,0.94429,0.35394,0.00000,0.07395,0.28906,0.00000,0.00000,0.06331,0.62509,0.00000,1,0,0
NMAP_OS_DETECTION,1,0.56825,0.00000,0.08274,0.07517,0.86781,0.86781,0.87410,0.35394,0.00000,0.07395,0.28906,0.00000,0.00000,0.10717,0.62509,0.00000,1,0,0
NMAP_OS_DETECTION,1,0.93772,0.00000,0.08274,0.07517,0.83038,0.83038,0.83846,0.35394,0.00000,0.07395,0.28906,0.00000,0.00000,0.13252,0.62509,0.00000,1,0,0
NMAP_OS_DETECTION,1,0.76812,0.00000,0.08274,0.07517,0.88038,0.88038,0.88608,0.35394,0.00000,0.07395,0.28906,0.00000,0.00000,0.09903,0.62509,0.00000,1,0,0
NMAP_OS_DETECTION,1,0.63001,0.00000,0.08274,0.07517,0.76159,0.76159,0.77294,0.35394,0.00000,0.07395,0.28906,0.00000,0.00000,0.18203,0.62509,0.00000,1,0,0
NMAP_OS_DETECTION,1,0.97471,0.00000,0.08274,0.07517,0.85710,0.85710,0.86391,0.35394,0.00000,0.07395,0.28906,0.00000,0.00000,0.11427,0.62509,0.00000,1,0,0
NMAP_OS_DETECTION,1,0.76925,0.00000,0.08274,0.07517,0.78390,0.78390,0.79419,0.35394,0.00000,0.07395,0.28906,0.00000,0.00000,0.16568,0.62509,0.00000,1,0,0
NMAP_OS_DETECTION,1,0.68724,0.00000,0.08274,0.07517,0.91498,0.91498,0.91903,0.35394,0.00000,0.07395,0.28906,0.00000,0.00000,0.07793,0.62509,0.00000,1,0,0
NMAP_OS_DETECTION,1,0.72113,0.00000,0.08274,0.07517,0.84778,0.84778,0.85503,0.35394,0.00000,0.07395,0.28906,0.00000,0.00000,0.12055,0.62509,0.00000,1,0,0
NMAP_OS_DETECTION,1,0.93366,0.00000,0.08274,0.07517,0.86781,0.86781,0.87410,0.35394,0.00000,0.07395,0.28906,0.00000,0.00000,0.10717,0.62509,0.00000,1,0,0
NMAP_OS_DETECTION,1,0.92141,0.00000,0.08274,0.07517,1.00000,1.00000,1.00000,0.35394,0.00000,0.07395,0.28906,0.00000,0.00000,0.03699,0.62509,0.00000,1,0,0
NMAP_OS_DETECTION,1,0.64476,0.00000,0.08274,0.07517,0.78039,0.78039,0.79084,0.35394,0.00000,0.07395,0.28906,0.00000,0.00000,0.16824,0.62509,0.00000,1,0,0
NMAP_OS_DETECTION,1,0.78169,0.00000,0.08274,0.07517,0.80229,0.80229,0.81171,0.35394,0.00000,0.07395,0.28906,0.00000,0.00000,0.15239,0.62509,0.00000,1,0,0
NMAP_OS_DETECTION,1,0.81151,0.00000,0.08274,0.07517,0.85466,0.85466,0.86158,0.35394,0.00000,0.07395,0.28906,0.00000,0.00000,0.11591,0.62509,0.00000,1,0,0
NMAP_OS_DETECTION,1,0.78691,0.00000,0.08274,0.07517,0.86781,0.86781,0.87410,0.35394,0.00000,0.07395,0.28906,0.00000,0.00000,0.10717,0.62509,0.00000,1,0,0
NMAP_OS_DETECTION,1,0.96518,0.00000,0.08274,0.07517,0.83038,0.83038,0.83846,0.35394,0.00000,0.07395,0.28906,0.00000,0.00000,0.13252,0.62509,0.00000,1,0,0
NMAP_OS_DETECTION,1,0.51648,0.00000,0.08274,0.07517,0.86781,0.86781,0.87410,0.35394,0.00000,0.07395,0.28906,0.00000,0.00000,0.10717,0.62509,0.00000,1,0,0
NMAP_OS_DETECTION,1,0.98449,0.00000,0.08274,0.07517,0.86781,0.86781,0.87410,0.35394,0.00000,0.07395,0.28906,0.00000,0.00000,0.10717,0.62509,0.00000,1,0,0
NMAP_OS_DETECTION,1,0.79852,0.00000,0.08274,0.07517,0.75171,0.75171,0.76354,0.35394,0.00000,0.07395,0.28906,0.00000,0.00000,0.18933,0.62509,0.00000,1,0,0
NMAP_OS_DETECTION,1,0.79246,0.00000,0.08274,0.07517,0.84778,0.84778,0.85503,0.35394,0.00000,0.07395,0.28906,0.00000,0.00000,0.12055,0.62509,0.00000,1,0,0
NMAP_OS_DETECTION,1,0.67665,0.00000,0.08274,0.07517,0.85710,0.85710,0.86391,0.35394,0.00000,0.07395,0.28906,0.00000,0.00000,0.11427,0.62509,0.00000,1,0,0
NMAP_OS_DETECTION,1,0.45883,0.00000,0.08274,0.07517,0.95000,0.95000,0.95238,0.35394,0.00000,0.07395,0.28906,0.00000,0.00000,0.05895,0.62509,0.00000,1,0,0
NMAP_OS_DETECTION,1,0.73309,0.00000,0.08274,0.07517,0.77703,0.77703,0.78765,0.35394,0.00000,0.07395,0.28906,0.00000,0.00000,0.17069,0.62509,0.00000,1,0,0
NMAP_OS_DETECTION,1,0.73132,0.00000,0.08274,0.07517,0.78481,0.78481,0.79506,0.35394,0.00000,0.07395,0.28906,0.00000,0.00000,0.16502,0.62509,0.00000,1,0,0
NMAP_OS_DETECTION,1,0.62244,0.00000,0.08274,0.07517,0.77703,0.77703,0.78765,0.35394,0.00000,0.07395,0.28906,0.00000,0.00000,0.17069,0.62509,0.00000,1,0,0
NMAP_OS_DETECTION,1,0.77561,0.00000,0.08274,0.07517,0.85466,0.85466,0.86158,0.35394,0.00000,0.07395,0.28906,0.00000,0.00000,0.11591,0.62509,0.00000,1,0,0
NMAP_OS_DETECTION,1,0.63943,0.00000,0.08274,0.07517,0.84563,0.84563,0.85298,0.35394,0.00000,0.07395,0.28906,0.00000,0.00000,0.12202,0.62509,0.00000,1,0,0
NMAP_OS_DETECTION,1,0.32806,0.00000,0.08274,0.07517,0.83760,0.83760,0.84534,0.35394,0.00000,0.07395,0.28906,0.00000,0.00000,0.12752,0.62509,0.00000,1,0,0
NMAP_OS_DETECTION,1,0.63377,0.00000,0.08274,0.07517,0.84563,0.84563,0.85298,0.35394,0.00000,0.07395,0.28906,0.00000,0.00000,0.12202,0.62509,0.00000,1,0,0
NMAP_OS_DETECTION,1,0.64734,0.00000,0.08274,0.07517,0.88038,0.88038,0.88608,0.35394,0.00000,0.07395,0.28906,0.00000,0.00000,0.09903,0.62509,0.00000,1,0,0
NMAP_OS_DETECTION,1,0.72261,0.00000,0.08274,0.07517,0.86781,0.86781,0.87410,0.35394,0.00000,0.07395,0.28906,0.00000,0.00000,0.10717,0.62509,0.00000,1,0,0
NMAP_OS_DETECTION,1,0.62583,0.00000,0.08274,0.07517,0.86498,0.86498,0.87141,0.35394,0.00000,0.07395,0.28906,0.00000,0.00000,0.10903,0.62509,0.00000,1,0,0
NMAP_OS_DETECTION,1,0.63551,0.00000,0.08274,0.07517,0.76159,0.76159,0.77294,0.35394,0.00000,0.07395,0.28906,0.00000,0.00000,0.18203,0.62509,0.00000,1,0,0
NMAP_OS_DETECTION,1,0.99946,0.00000,0.08274,0.07517,0.85466,0.85466,0.86158,0.35394,0.00000,0.07395,0.28906,0.00000,0.00000,0.11591,0.62509,0.00000,1,0,0
NMAP_OS_DETECTION,1,0.57958,0.00000,0.08274,0.07517,0.86781,0.86781,0.87410,0.35394,0.00000,0.07395,0.28906,0.00000,0.00000,0.10717,0.62509,0.00000,1,0,0
NMAP_OS_DETECTION,1,0.98075,0.00000,0.08274,0.07517,1.00000,1.00000,1.00000,0.35394,0.00000,0.07395,0.28906,0.00000,0.00000,0.03699,0.62509,0.00000,1,0,0
NMAP_OS_DETECTION,1,0.68706,0.00000,0.08274,0.07517,0.86781,0.86781,0.87410,0.35394,0.00000,0.07395,0.28906,0.00000,0.00000,0.10717,0.62509,0.00000,1,0,0
NMAP_OS_DETECTION,1,0.79985,0.00000,0.08274,0.07517,0.85466,0.85466,0.86158,0.35394,0.00000,0.07395,0.28906,0.00000,0.00000,0.11591,0.62509,0.00000,1,0,0
NMAP_OS_DETECTION,1,0.80103,0.00000,0.08274,0.07517,0.84563,0.84563,0.85298,0.35394,0.00000,0.07395,0.28906,0.00000,0.00000,0.12202,0.62509,0.00000,1,0,0
NMAP_OS_DETECTION,1,0.75050,0.00000,0.08274,0.07517,0.85466,0.85466,0.86158,0.35394,0.00000,0.07395,0.28906,0.00000,0.00000,0.11591,0.62509,0.00000,1,0,0
NMAP_OS_DETECTION,1,0.53807,0.00000,0.08274,0.07517,0.85710,0.85710,0.86391,0.35394,0.00000,0.07395,0.28906,0.00000,0.00000,0.11427,0.62509,0.00000,1,0,0
NMAP_OS_DETECTION,1,0.71617,0.00000,0.08274,0.07517,0.77304,0.77304,0.78385,0.35394,0.00000,0.07395,0.28906,0.00000,0.00000,0.17361,0.62509,0.00000,1,0,0
NMAP_OS_DETECTION,1,0.82196,0.00000,0.08274,0.07517,0.85710,0.85710,0.86391,0.35394,0.00000,0.07395,0.28906,0.00000,0.00000,0.11427,0.62509,0.00000,1,0,0
NMAP_OS_DETECTION,1,0.79184,0.00000,0.08274,0.07517,0.86781,0.86781,0.87410,0.35394,0.00000,0.07395,0.28906,0.00000,0.00000,0.10717,0.62509,0.00000,1,0,0
NMAP_OS_DETECTION,1,0.62900,0.00000,0.08274,0.07517,0.91498,0.91498,0.91903,0.35394,0.00000,0.07395,0.28906,0.00000,0.00000,0.07793,0.62509,0.00000,1,0,0
NMAP_OS_DETECTION,1,0.78617,0.00000,0.08274,0.07517,0.86781,0.86781,0.87410,0.35394,0.00000,0.07395,0.28906,0.00000,0.00000,0.10717,0.62509,0.00000,1,0,0
NMAP_OS_DETECTION,1,0.72302,0.00000,0.08274,0.07517,0.75347,0.75347,0.76520,0.35394,0.00000,0.07395,0.28906,0.00000,0.00000,0.18803,0.62509,0.00000,1,0,0
NMAP_OS_DETECTION,1,0.78473,0.00000,0.08274,0.07517,0.85710,0.85710,0.86391,0.35394,0.00000,0.07395,0.28906,0.00000,0.00000,0.11427,0.62509,0.00000,1,0,0
NMAP_OS_DETECTION,1,0.89317,0.00000,0.08274,0.07517,0.88038,0.88038,0.88608,0.35394,0.00000,0.07395,0.28906,0.00000,0.00000,0.09903,0.62509,0.00000,1,0,0
NMAP_OS_DETECTION,1,0.83258,0.00000,0.08274,0.07517,0.86781,0.86781,0.87410,0.35394,0.00000,0.07395,0.28906,0.00000,0.00000,0.10717,0.62509,0.00000,1,0,0
NMAP_OS_DETECTION,1,0.81146,0.00000,0.08274,0.07517,0.78039,0.78039,0.79084,0.35394,0.00000,0.07395,0.28906,0.00000,0.00000,0.16824,0.62509,0.00000,1,0,0
NMAP_OS_DETECTION,1,0.62747,0.00000,0.08274,0.07517,0.95000,0.95000,0.95238,0.35394,0.00000,0.07395,0.28906,0.00000,0.00000,0.05895,0.62509,0.00000,1,0,0
NMAP_OS_DETECTION,1,0.81276,0.00000,0.08274,0.07517,0.86781,0.86781,0.87410,0.35394,0.00000,0.07395,0.28906,0.00000,0.00000,0.10717,0.62509,0.00000,1,0,0
NMAP_OS_DETECTION,1,0.77518,0.00000,0.08274,0.07517,0.88038,0.88038,0.88608,0.35394,0.00000,0.07395,0.28906,0.00000,0.00000,0.09903,0.62509,0.00000,1,0,0
NMAP_OS_DETECTION,1,0.51794,0.00000,0.08274,0.07517,0.85466,0.85466,0.86158,0.35394,0.00000,0.07395,0.28906,0.00000,0.00000,0.11591,0.62509,0.00000,1,0,0
NMAP_OS_DETECTION,1,0.89002,0.00000,0.08274,0.07517,0.84563,0.84563,0.85298,0.35394,0.00000,0.07395,0.28906,0.00000,0.00000,0.12202,0.62509,0.00000,1,0,0
NMAP_OS_DETECTION,1,0.97427,0.00000,0.08274,0.07517,0.83953,0.83953,0.84717,0.35394,0.00000,0.07395,0.28906,0.00000,0.00000,0.12619,0.62509,0.00000,1,0,0
NMAP_OS_DETECTION,1,0.72204,0.00000,0.08274,0.07517,0.86781,0.86781,0.87410,0.35394,0.00000,0.07395,0.28906,0.00000,0.00000,0.10717,0.62509,0.00000,1,0,0
NMAP_OS_DETECTION,1,0.77288,0.00000,0.08274,0.07517,0.86781,0.86781,0.87410,0.35394,0.00000,0.07395,0.28906,0.00000,0.00000,0.10717,0.62509,0.00000,1,0,0
NMAP_OS_DETECTION,1,0.98530,0.00000,0.08274,0.07517,0.83953,0.83953,0.84717,0.35394,0.00000,0.07395,0.28906,0.00000,0.00000,0.12619,0.62509,0.00000,1,0,0
NMAP_OS_DETECTION,1,0.98537,0.00000,0.08274,0.07517,0.85466,0.85466,0.86158,0.35394,0.00000,0.07395,0.28906,0.00000,0.00000,0.11591,0.62509,0.00000,1,0,0
NMAP_OS_DETECTION,1,0.77288,0.00000,0.08274,0.07517,0.74616,0.74616,0.75825,0.35394,0.00000,0.07395,0.28906,0.00000,0.00000,0.19345,0.62509,0.00000,1,0,0
NMAP_OS_DETECTION,1,0.88987,0.00000,0.08274,0.07517,0.86498,0.86498,0.87141,0.35394,0.00000,0.07395,0.28906,0.00000,0.00000,0.10903,0.62509,0.00000,1,0,0
NMAP_OS_DETECTION,1,0.63043,0.00000,0.08274,0.07517,0.90000,0.90000,0.90476,0.35394,0.00000,0.07395,0.28906,0.00000,0.00000,0.08681,0.62509,0.00000,1,0,0
NMAP_OS_DETECTION,1,0.85743,0.00000,0.08274,0.07517,0.78390,0.78390,0.79419,0.35394,0.00000,0.07395,0.28906,0.00000,0.00000,0.16568,0.62509,0.00000,1,0,0
NMAP_OS_DETECTION,1,0.62739,0.00000,0.08274,0.07517,0.86781,0.86781,0.87410,0.35394,0.00000,0.07395,0.28906,0.00000,0.00000,0.10717,0.62509,0.00000,1,0,0
NMAP_OS_DETECTION,1,0.81147,0.00000,0.08274,0.07517,0.86498,0.86498,0.87141,0.35394,0.00000,0.07395,0.28906,0.00000,0.00000,0.10903,0.62509,0.00000,1,0,0
NMAP_OS_DETECTION,1,0.79453,0.00000,0.08274,0.07517,0.83760,0.83760,0.84534,0.35394,0.00000,0.07395,0.28906,0.00000,0.00000,0.12752,0.62509,0.00000,1,0,0
NMAP_OS_DETECTION,1,0.62591,0.00000,0.08274,0.07517,0.88390,0.88390,0.88943,0.35394,0.00000,0.07395,0.28906,0.00000,0.00000,0.09680,0.62509,0.00000,1,0,0
NMAP_OS_DETECTION,1,0.39520,0.00000,0.08274,0.07517,0.85466,0.85466,0.86158,0.35394,0.00000,0.07395,0.28906,0.00000,0.00000,0.11591,0.62509,0.00000,1,0,0
NMAP_OS_DETECTION,1,0.68711,0.00000,0.08274,0.07517,0.85710,0.85710,0.86391,0.35394,0.00000,0.07395,0.28906,0.00000,0.00000,0.11427,0.62509,0.00000,1,0,0
NMAP_OS_DETECTION,1,0.33921,0.00000,0.08274,0.07517,0.85710,0.85710,0.86391,0.35394,0.00000,0.07395,0.28906,0.00000,0.00000,0.11427,0.62509,0.00000,1,0,0
NMAP_OS_DETECTION,1,0.81759,0.00000,0.08274,0.07517,0.76159,0.76159,0.77294,0.35394,0.00000,0.07395,0.28906,0.00000,0.00000,0.18203,0.62509,0.00000,1,0,0
NMAP_OS_DETECTION,1,0.56808,0.00000,0.08274,0.07517,0.86781,0.86781,0.87410,0.35394,0.00000,0.07395,0.28906,0.00000,0.00000,0.10717,0.62509,0.00000,1,0,0
NMAP_OS_DETECTION,1,0.80964,0.00000,0.08274,0.07517,0.86498,0.86498,0.87141,0.35394,0.00000,0.07395,0.28906,0.00000,0.00000,0.10903,0.62509,0.00000,1,0,0
NMAP_OS_DETECTION,1,0.63125,0.00000,0.08274,0.07517,0.88038,0.88038,0.88608,0.35394,0.00000,0.07395,0.28906,0.00000,0.00000,0.09903,0.62509,0.00000,1,0,0
NMAP_OS_DETECTION,1,0.63676,0.00000,0.08274,0.07517,0.85466,0.85466,0.86158,0.35394,0.00000,0.07395,0.28906,0.00000,0.00000,0.11591,0.62509,0.00000,1,0,0
NMAP_OS_DETECTION,1,0.81267,0.00000,0.08274,0.07517,0.94150,0.94150,0.94429,0.35394,0.00000,0.07395,0.28906,0.00000,0.00000,0.06331,0.62509,0.00000,1,0,0
NMAP_OS_DETECTION,1,0.73730,0.00000,0.08274,0.07517,0.84563,0.84563,0.85298,0.35394,0.00000,0.07395,0.28906,0.00000,0.00000,0.12202,0.62509,0.00000,1,0,0
NMAP_OS_DETECTION,1,0.81706,0.00000,0.08274,0.07517,0.91498,0.91498,0.91903,0.35394,0.00000,0.07395,0.28906,0.00000,0.00000,0.07793,0.62509,0.00000,1,0,0
NMAP_OS_DETECTION,1,0.93769,0.00000,0.08274,0.07517,0.86498,0.86498,0.87141,0.35394,0.00000,0.07395,0.28906,0.00000,0.00000,0.10903,0.62509,0.00000,1,0,0
NMAP_OS_DETECTION,1,0.63051,0.00000,0.08274,0.07517,0.86781,0.86781,0.87410,0.35394,0.00000,0.07395,0.28906,0.00000,0.00000,0.10717,0.62509,0.00000,1,0,0
NMAP_OS_DETECTION,1,0.71826,0.00000,0.08274,0.07517,0.86498,0.86498,0.87141,0.35394,0.00000,0.07395,0.28906,0.00000,0.00000,0.10903,0.62509,0.00000,1,0,0
NMAP_OS_DETECTION,1,0.56296,0.00000,0.08274,0.07517,0.85710,0.85710,0.86391,0.35394,0.00000,0.07395,0.28906,0.00000,0.00000,0.11427,0.62509,0.00000,1,0,0
NMAP_OS_DETECTION,1,0.78548,0.00000,0.08274,0.07517,0.98390,0.98390,0.98467,0.35394,0.00000,0.07395,0.28906,0.00000,0.00000,0.04335,0.62509,0.00000,1,0,0
NMAP_OS_DETECTION,1,0.61338,0.00000,0.08274,0.07517,0.86781,0.86781,0.87410,0.35394,0.00000,0.07395,0.28906,0.00000,0.00000,0.10717,0.62509,0.00000,1,0,0
NMAP_OS_DETECTION,1,0.62557,0.00000,0.08274,0.07517,0.77001,0.77001,0.78096,0.35394,0.00000,0.07395,0.28906,0.00000,0.00000,0.17584,0.62509,0.00000,1,0,0
NMAP_OS_DETECTION,1,0.62917,0.00000,0.08274,0.07517,0.86781,0.86781,0.87410,0.35394,0.00000,0.07395,0.28906,0.00000,0.00000,0.10717,0.62509,0.00000,1,0,0
NMAP_OS_DETECTION,1,0.62722,0.00000,0.08274,0.07517,0.90000,0.90000,0.90476,0.35394,0.00000,0.07395,0.28906,0.00000,0.00000,0.08681,0.62509,0.00000,1,0,0
NMAP_OS_DETECTION,1,0.72701,0.00000,0.08274,0.07517,0.86781,0.86781,0.87410,0.35394,0.00000,0.07395,0.28906,0.00000,0.00000,0.10717,0.62509,0.00000,1,0,0
NMAP_OS_DETECTION,1,0.82126,0.00000,0.08274,0.07517,0.84778,0.84778,0.85503,0.35394,0.00000,0.07395,0.28906,0.00000,0.00000,0.12055,0.62509,0.00000,1,0,0
NMAP_OS_DETECTION,1,0.81300,0.00000,0.08274,0.07517,0.88038,0.88038,0.88608,0.35394,0.00000,0.07395,0.28906,0.00000,0.00000,0.09903,0.62509,0.00000,1,0,0
NMAP_OS_DETECTION,1,0.63676,0.00000,0.08274,0.07517,1.00000,1.00000,1.00000,0.35394,0.00000,0.07395,0.28906,0.00000,0.00000,0.03699,0.62509,0.00000,1,0,0
NMAP_OS_DETECTION,1,0.79721,0.00000,0.08274,0.07517,0.77382,0.77382,0.78459,0.35394,0.00000,0.07395,0.28906,0.00000,0.00000,0.17304,0.62509,0.00000,1,0,0
NMAP_OS_DETECTION,1,0.83015,0.00000,0.08274,0.07517,0.91498,0.91498,0.91903,0.35394,0.00000,0.07395,0.28906,0.00000,0.00000,0.07793,0.62509,0.00000,1,0,0
NMAP_OS_DETECTION,1,0.93772,0.00000,0.08274,0.07517,0.95000,0.95000,0.95238,0.35394,0.00000,0.07395,0.28906,0.00000,0.00000,0.05895,0.62509,0.00000,1,0,0
NMAP_OS_DETECTION,1,0.81061,0.00000,0.08274,0.07517,0.86781,0.86781,0.87410,0.35394,0.00000,0.07395,0.28906,0.00000,0.00000,0.10717,0.62509,0.00000,1,0,0
NMAP_OS_DETECTION,1,0.73261,0.00000,0.08274,0.07517,0.86781,0.86781,0.87410,0.35394,0.00000,0.07395,0.28906,0.00000,0.00000,0.10717,0.62509,0.00000,1,0,0
NMAP_OS_DETECTION,1,0.75999,0.00000,0.08274,0.07517,0.85710,0.85710,0.86391,0.35394,0.00000,0.07395,0.28906,0.00000,0.00000,0.11427,0.62509,0.00000,1,0,0
NMAP_OS_DETECTION,1,0.64048,0.00000,0.08274,0.07517,0.85710,0.85710,0.86391,0.35394,0.00000,0.07395,0.28906,0.00000,0.00000,0.11427,0.62509,0.00000,1,0,0
NMAP_OS_DETECTION,1,0.81065,0.00000,0.08274,0.07517,0.86781,0.86781,0.87410,0.35394,0.00000,0.07395,0.28906,0.00000,0.00000,0.10717,0.62509,0.00000,1,0,0
NMAP_OS_DETECTION,1,0.61238,0.00000,0.08274,0.07517,0.85710,0.85710,0.86391,0.35394,0.00000,0.07395,0.28906,0.00000,0.00000,0.11427,0.62509,0.00000,1,0,0
NMAP_OS_DETECTION,1,0.72228,0.00000,0.08274,0.07517,0.74670,0.74670,0.75876,0.35394,0.00000,0.07395,0.28906,0.00000,0.00000,0.19305,0.62509,0.00000,1,0,0
NMAP_OS_DETECTION,1,0.64048,0.00000,0.08274,0.07517,0.95000,0.95000,0.95238,0.35394,0.00000,0.07395,0.28906,0.00000,0.00000,0.05895,0.62509,0.00000,1,0,0
NMAP_OS_DETECTION,1,0.78317,0.00000,0.08274,0.07517,0.94150,0.94150,0.94429,0.35394,0.00000,0.07395,0.28906,0.00000,0.00000,0.06331,0.62509,0.00000,1,0,0
NMAP_OS_DETECTION,1,0.62756,0.00000,0.08274,0.07517,0.86781,0.86781,0.87410,0.35394,0.00000,0.07395,0.28906,0.00000,0.00000,0.10717,0.62509,0.00000,1,0,0
NMAP_OS_DETECTION,1,0.63001,0.00000,0.08274,0.07517,0.85710,0.85710,0.86391,0.35394,0.00000,0.07395,0.28906,0.00000,0.00000,0.11427,0.62509,0.00000,1,0,0
NMAP_OS_DETECTION,1,0.83074,0.00000,0.08274,0.07517,0.85710,0.85710,0.86391,0.35394,0.00000,0.07395,0.28906,0.00000,0.00000,0.11427,0.62509,0.00000,1,0,0
NMAP_OS_DETECTION,1,0.29724,0.00000,0.08274,0.07517,0.86781,0.86781,0.87410,0.35394,0.00000,0.07395,0.28906,0.00000,0.00000,0.10717,0.62509,0.00000,1,0,0
NMAP_OS_DETECTION,1,0.69620,0.00000,0.08274,0.07517,0.81638,0.81638,0.82512,0.35394,0.00000,0.07395,0.28906,0.00000,0.00000,0.14235,0.62509,0.00000,1,0,0
NMAP_OS_DETECTION,1,0.72851,0.00000,0.08274,0.07517,0.86781,0.86781,0.87410,0.35394,0.00000,0.07395,0.28906,0.00000,0.00000,0.10717,0.62509,0.00000,1,0,0
NMAP_OS_DETECTION,1,0.81706,0.00000,0.08274,0.07517,0.86498,0.86498,0.87141,0.35394,0.00000,0.07395,0.28906,0.00000,0.00000,0.10903,0.62509,0.00000,1,0,0
NMAP_OS_DETECTION,1,0.81988,0.00000,0.08274,0.07517,0.86781,0.86781,0.87410,0.35394,0.00000,0.07395,0.28906,0.00000,0.00000,0.10717,0.62509,0.00000,1,0,0
NMAP_OS_DETECTION,1,0.71966,0.00000,0.08274,0.07517,0.85710,0.85710,0.86391,0.35394,0.00000,0.07395,0.28906,0.00000,0.00000,0.11427,0.62509,0.00000,1,0,0
NMAP_OS_DETECTION,1,0.39743,0.00000,0.08274,0.07517,0.86498,0.86498,0.87141,0.35394,0.00000,0.07395,0.28906,0.00000,0.00000,0.10903,0.62509,0.00000,1,0,0
NMAP_OS_DETECTION,1,0.73264,0.00000,0.08274,0.07517,0.95000,0.95000,0.95238,0.35394,0.00000,0.07395,0.28906,0.00000,0.00000,0.05895,0.62509,0.00000,1,0,0
NMAP_OS_DETECTION,1,0.67195,0.00000,0.08274,0.07517,0.76709,0.76709,0.77818,0.35394,0.00000,0.07395,0.28906,0.00000,0.00000,0.17798,0.62509,0.00000,1,0,0
NMAP_OS_DETECTION,1,0.62884,0.00000,0.08274,0.07517,0.77382,0.77382,0.78459,0.35394,0.00000,0.07395,0.28906,0.00000,0.00000,0.17304,0.62509,0.00000,1,0,0
NMAP_OS_DETECTION,1,0.94253,0.00000,0.08274,0.07517,0.86781,0.86781,0.87410,0.35394,0.00000,0.07395,0.28906,0.00000,0.00000,0.10717,0.62509,0.00000,1,0,0
NMAP_OS_DETECTION,1,0.74362,0.00000,0.08274,0.07517,0.88038,0.88038,0.88608,0.35394,0.00000,0.07395,0.28906,0.00000,0.00000,0.09903,0.62509,0.00000,1,0,0
NMAP_OS_DETECTION,1,0.63337,0.00000,0.08274,0.07517,0.98390,0.98390,0.98467,0.35394,0.00000,0.07395,0.28906,0.00000,0.00000,0.04335,0.62509,0.00000,1,0,0
NMAP_OS_DETECTION,1,0.80353,0.00000,0.08274,0.07517,0.83760,0.83760,0.84534,0.35394,0.00000,0.07395,0.28906,0.00000,0.00000,0.12752,0.62509,0.00000,1,0,0
NMAP_OS_DETECTION,1,0.62816,0.00000,0.08274,0.07517,0.86781,0.86781,0.87410,0.35394,0.00000,0.07395,0.28906,0.00000,0.00000,0.10717,0.62509,0.00000,1,0,0
NMAP_OS_DETECTION,1,0.82693,0.00000,0.08274,0.07517,0.85710,0.85710,0.86391,0.35394,0.00000,0.07395,0.28906,0.00000,0.00000,0.11427,0.62509,0.00000,1,0,0
NMAP_OS_DETECTION,1,0.63845,0.00000,0.08274,0.07517,0.86781,0.86781,0.87410,0.35394,0.00000,0.07395,0.28906,0.00000,0.00000,0.10717,0.62509,0.00000,1,0,0
NMAP_OS_DETECTION,1,0.81146,0.00000,0.08274,0.07517,0.86781,0.86781,0.87410,0.35394,0.00000,0.07395,0.28906,0.00000,0.00000,0.10717,0.62509,0.00000,1,0,0
NMAP_OS_DETECTION,1,0.62661,0.00000,0.08274,0.07517,0.89563,0.89563,0.90060,0.35394,0.00000,0.07395,0.28906,0.00000,0.00000,0.08948,0.62509,0.00000,1,0,0
NMAP_OS_DETECTION,1,0.68581,0.00000,0.08274,0.07517,0.94150,0.94150,0.94429,0.35394,0.00000,0.07395,0.28906,0.00000,0.00000,0.06331,0.62509,0.00000,1,0,0
NMAP_OS_DETECTION,1,0.64468,0.00000,0.08274,0.07517,0.85466,0.85466,0.86158,0.35394,0.00000,0.07395,0.28906,0.00000,0.00000,0.11591,0.62509,0.00000,1,0,0
NMAP_OS_DETECTION,1,0.74550,0.00000,0.08274,0.07517,0.86781,0.86781,0.87410,0.35394,0.00000,0.07395,0.28906,0.00000,0.00000,0.10717,0.62509,0.00000,1,0,0
NMAP_OS_DETECTION,1,0.47784,0.00000,0.08274,0.07517,0.72038,0.72038,0.73369,0.35394,0.00000,0.07395,0.28906,0.00000,0.00000,0.21269,0.62509,0.00000,1,0,0
NMAP_OS_DETECTION,1,0.62217,0.00000,0.08274,0.07517,0.88038,0.88038,0.88608,0.35394,0.00000,0.07395,0.28906,0.00000,0.00000,0.09903,0.62509,0.00000,1,0,0
NMAP_OS_DETECTION,1,0.68312,0.00000,0.08274,0.07517,1.00000,1.00000,1.00000,0.35394,0.00000,0.07395,0.28906,0.00000,0.00000,0.03699,0.62509,0.00000,1,0,0
NMAP_OS_DETECTION,1,0.83068,0.00000,0.08274,0.07517,0.89563,0.89563,0.90060,0.35394,0.00000,0.07395,0.28906,0.00000,0.00000,0.08948,0.62509,0.00000,1,0,0
NMAP_OS_DETECTION,1,0.74587,0.00000,0.08274,0.07517,0.85710,0.85710,0.86391,0.35394,0.00000,0.07395,0.28906,0.00000,0.00000,0.11427,0.62509,0.00000,1,0,0
NMAP_OS_DETECTION,1,0.86380,0.00000,0.08274,0.07517,0.86781,0.86781,0.87410,0.35394,0.00000,0.07395,0.28906,0.00000,0.00000,0.10717,0.62509,0.00000,1,0,0
NMAP_OS_DETECTION,1,0.65550,0.00000,0.08274,0.07517,0.86781,0.86781,0.87410,0.35394,0.00000,0.07395,0.28906,0.00000,0.00000,0.10717,0.62509,0.00000,1,0,0
NMAP_OS_DETECTION,1,0.63092,0.00000,0.08274,0.07517,0.95000,0.95000,0.95238,0.35394,0.00000,0.07395,0.28906,0.00000,0.00000,0.05895,0.62509,0.00000,1,0,0
NMAP_OS_DETECTION,1,0.79939,0.00000,0.08274,0.07517,0.86781,0.86781,0.87410,0.35394,0.00000,0.07395,0.28906,0.00000,0.00000,0.10717,0.62509,0.00000,1,0,0
NMAP_OS_DETECTION,1,0.72959,0.00000,0.08274,0.07517,0.74670,0.74670,0.75876,0.35394,0.00000,0.07395,0.28906,0.00000,0.00000,0.19305,0.62509,0.00000,1,0,0
NMAP_OS_DETECTION,1,0.77962,0.00000,0.08274,0.07517,0.86781,0.86781,0.87410,0.35394,0.00000,0.07395,0.28906,0.00000,0.00000,0.10717,0.62509,0.00000,1,0,0
NMAP_OS_DETECTION,1,0.67179,0.00000,0.08274,0.07517,0.86781,0.86781,0.87410,0.35394,0.00000,0.07395,0.28906,0.00000,0.00000,0.10717,0.62509,0.00000,1,0,0
NMAP_OS_DETECTION,1,0.64217,0.00000,0.08274,0.07517,0.88038,0.88038,0.88608,0.35394,0.00000,0.07395,0.28906,0.00000,0.00000,0.09903,0.62509,0.00000,1,0,0
NMAP_OS_DETECTION,1,0.73134,0.00000,0.08274,0.07517,0.83953,0.83953,0.84717,0.35394,0.00000,0.07395,0.28906,0.00000,0.00000,0.12619,0.62509,0.00000,1,0,0
NMAP_OS_DETECTION,1,0.62591,0.00000,0.08274,0.07517,0.86498,0.86498,0.87141,0.35394,0.00000,0.07395,0.28906,0.00000,0.00000,0.10903,0.62509,0.00000,1,0,0
NMAP_OS_DETECTION,1,0.79573,0.00000,0.08274,0.07517,0.89563,0.89563,0.90060,0.35394,0.00000,0.07395,0.28906,0.00000,0.00000,0.08948,0.62509,0.00000,1,0,0
NMAP_OS_DETECTION,1,0.62892,0.00000,0.08274,0.07517,0.75347,0.75347,0.76520,0.35394,0.00000,0.07395,0.28906,0.00000,0.00000,0.18803,0.62509,0.00000,1,0,0
NMAP_OS_DETECTION,1,0.67377,0.00000,0.08274,0.07517,0.86781,0.86781,0.87410,0.35394,0.00000,0.07395,0.28906,0.00000,0.00000,0.10717,0.62509,0.00000,1,0,0
NMAP_OS_DETECTION,1,0.63280,0.00000,0.08274,0.07517,0.86781,0.86781,0.87410,0.35394,0.00000,0.07395,0.28906,0.00000,0.00000,0.10717,0.62509,0.00000,1,0,0
NMAP_OS_DETECTION,1,0.61478,0.00000,0.08274,0.07517,0.83038,0.83038,0.83846,0.35394,0.00000,0.07395,0.28906,0.00000,0.00000,0.13252,0.62509,0.00000,1,0,0
NMAP_OS_DETECTION,1,0.98720,0.00000,0.08274,0.07517,0.88038,0.88038,0.88608,0.35394,0.00000,0.07395,0.28906,0.00000,0.00000,0.09903,0.62509,0.00000,1,0,0
NMAP_OS_DETECTION,1,0.64741,0.00000,0.08274,0.07517,0.84563,0.84563,0.85298,0.35394,0.00000,0.07395,0.28906,0.00000,0.00000,0.12202,0.62509,0.00000,1,0,0
NMAP_OS_DETECTION,1,0.77152,0.00000,0.08274,0.07517,0.84778,0.84778,0.85503,0.35394,0.00000,0.07395,0.28906,0.00000,0.00000,0.12055,0.62509,0.00000,1,0,0
NMAP_OS_DETECTION,1,0.74260,0.00000,0.08274,0.07517,0.84563,0.84563,0.85298,0.35394,0.00000,0.07395,0.28906,0.00000,0.00000,0.12202,0.62509,0.00000,1,0,0
NMAP_OS_DETECTION,1,0.93773,0.00000,0.08274,0.07517,0.95000,0.95000,0.95238,0.35394,0.00000,0.07395,0.28906,0.00000,0.00000,0.05895,0.62509,0.00000,1,0,0
NMAP_OS_DETECTION,1,0.72213,0.00000,0.08274,0.07517,0.86781,0.86781,0.87410,0.35394,0.00000,0.07395,0.28906,0.00000,0.00000,0.10717,0.62509,0.00000,1,0,0
NMAP_OS_DETECTION,1,0.75295,0.00000,0.08274,0.07517,0.85710,0.85710,0.86391,0.35394,0.00000,0.07395,0.28906,0.00000,0.00000,0.11427,0.62509,0.00000,1,0,0
NMAP_OS_DETECTION,1,0.82333,0.00000,0.08274,0.07517,0.86498,0.86498,0.87141,0.35394,0.00000,0.07395,0.28906,0.00000,0.00000,0.10903,0.62509,0.00000,1,0,0
NMAP_OS_DETECTION,1,0.78440,0.00000,0.08274,0.07517,0.95000,0.95000,0.95238,0.35394,0.00000,0.07395,0.28906,0.00000,0.00000,0.05895,0.62509,0.00000,1,0,0
NMAP_OS_DETECTION,1,0.82314,0.00000,0.08274,0.07517,0.95000,0.95000,0.95238,0.35394,0.00000,0.07395,0.28906,0.00000,0.00000,0.05895,0.62509,0.00000,1,0,0
NMAP_OS_DETECTION,1,0.63551,0.00000,0.08274,0.07517,0.86781,0.86781,0.87410,0.35394,0.00000,0.07395,0.28906,0.00000,0.00000,0.10717,0.62509,0.00000,1,0,0
NMAP_OS_DETECTION,1,0.55412,0.00000,0.08274,0.07517,0.77703,0.77703,0.78765,0.35394,0.00000,0.07395,0.28906,0.00000,0.00000,0.17069,0.62509,0.00000,1,0,0
NMAP_OS_DETECTION,1,0.62299,0.00000,0.08274,0.07517,0.77703,0.77703,0.78765,0.35394,0.00000,0.07395,0.28906,0.00000,0.00000,0.17069,0.62509,0.00000,1,0,0
NMAP_OS_DETECTION,1,0.62670,0.00000,0.08274,0.07517,0.90000,0.90000,0.90476,0.35394,0.00000,0.07395,0.28906,0.00000,0.00000,0.08681,0.62509,0.00000,1,0,0
NMAP_OS_DETECTION,1,0.79977,0.00000,0.08274,0.07517,1.00000,1.00000,1.00000,0.35394,0.00000,0.07395,0.28906,0.00000,0.00000,0.03699,0.62509,0.00000,1,0,0
NMAP_OS_DETECTION,1,0.14515,0.00000,0.08274,0.07517,0.91498,0.91498,0.91903,0.35394,0.00000,0.07395,0.28906,0.00000,0.00000,0.07793,0.62509,0.00000,1,0,0
NMAP_OS_DETECTION,1,0.63465,0.00000,0.08274,0.07517,0.86498,0.86498,0.87141,0.35394,0.00000,0.07395,0.28906,0.00000,0.00000,0.10903,0.62509,0.00000,1,0,0
NMAP_OS_DETECTION,1,0.79271,0.00000,0.08274,0.07517,0.94150,0.94150,0.94429,0.35394,0.00000,0.07395,0.28906,0.00000,0.00000,0.06331,0.62509,0.00000,1,0,0
NMAP_OS_DETECTION,1,0.29030,0.00000,0.08274,0.07517,0.86781,0.86781,0.87410,0.35394,0.00000,0.07395,0.28906,0.00000,0.00000,0.10717,0.62509,0.00000,1,0,0
NMAP_OS_DETECTION,1,0.63337,0.00000,0.08274,0.07517,0.85710,0.85710,0.86391,0.35394,0.00000,0.07395,0.28906,0.00000,0.00000,0.11427,0.62509,0.00000,1,0,0
NMAP_OS_DETECTION,1,0.50045,0.00000,0.08274,0.07517,0.75347,0.75347,0.76520,0.35394,0.00000,0.07395,0.28906,0.00000,0.00000,0.18803,0.62509,0.00000,1,0,0
NMAP_OS_DETECTION,1,0.78169,0.00000,0.08274,0.07517,0.85466,0.85466,0.86158,0.35394,0.00000,0.07395,0.28906,0.00000,0.00000,0.11591,0.62509,0.00000,1,0,0
NMAP_OS_DETECTION,1,0.81077,0.00000,0.08274,0.07517,0.75406,0.75406,0.76577,0.35394,0.00000,0.07395,0.28906,0.00000,0.00000,0.18759,0.62509,0.00000,1,0,0
NMAP_OS_DETECTION,1,0.97426,0.00000,0.08274,0.07517,0.88038,0.88038,0.88608,0.35394,0.00000,0.07395,0.28906,0.00000,0.00000,0.09903,0.62509,0.00000,1,0,0
NMAP_OS_DETECTION,1,0.73581,0.00000,0.08274,0.07517,0.95000,0.95000,0.95238,0.35394,0.00000,0.07395,0.28906,0.00000,0.00000,0.05895,0.62509,0.00000,1,0,0
NMAP_OS_DETECTION,1,0.67407,0.00000,0.08274,0.07517,0.85710,0.85710,0.86391,0.35394,0.00000,0.07395,0.28906,0.00000,0.00000,0.11427,0.62509,0.00000,1,0,0
NMAP_OS_DETECTION,1,0.64383,0.00000,0.08274,0.07517,0.86781,0.86781,0.87410,0.35394,0.00000,0.07395,0.28906,0.00000,0.00000,0.10717,0.62509,0.00000,1,0,0
NMAP_OS_DETECTION,1,0.65550,0.00000,0.08274,0.07517,0.88038,0.88038,0.88608,0.35394,0.00000,0.07395,0.28906,0.00000,0.00000,0.09903,0.62509,0.00000,1,0,0
NMAP_OS_DETECTION,1,0.77212,0.00000,0.08274,0.07517,0.84563,0.84563,0.85298,0.35394,0.00000,0.07395,0.28906,0.00000,0.00000,0.12202,0.62509,0.00000,1,0,0
NMAP_OS_DETECTION,1,0.82973,0.00000,0.08274,0.07517,0.95000,0.95000,0.95238,0.35394,0.00000,0.07395,0.28906,0.00000,0.00000,0.05895,0.62509,0.00000,1,0,0
NMAP_OS_DETECTION,1,0.77029,0.00000,0.08274,0.07517,0.85710,0.85710,0.86391,0.35394,0.00000,0.07395,0.28906,0.00000,0.00000,0.11427,0.62509,0.00000,1,0,0
NMAP_OS_DETECTION,1,0.64511,0.00000,0.08274,0.07517,0.85466,0.85466,0.86158,0.35394,0.00000,0.07395,0.28906,0.00000,0.00000,0.11591,0.62509,0.00000,1,0,0
NMAP_OS_DETECTION,1,0.63472,0.00000,0.08274,0.07517,0.85710,0.85710,0.86391,0.35394,0.00000,0.07395,0.28906,0.00000,0.00000,0.11427,0.62509,0.00000,1,0,0
NMAP_OS_DETECTION,1,0.63559,0.00000,0.08274,0.07517,0.86498,0.86498,0.87141,0.35394,0.00000,0.07395,0.28906,0.00000,0.00000,0.10903,0.62509,0.00000,1,0,0
NMAP_OS_DETECTION,1,0.78273,0.00000,0.08274,0.07517,0.77001,0.77001,0.78096,0.35394,0.00000,0.07395,0.28906,0.00000,0.00000,0.17584,0.62509,0.00000,1,0,0
NMAP_OS_DETECTION,1,0.74772,0.00000,0.08274,0.07517,0.86781,0.86781,0.87410,0.35394,0.00000,0.07395,0.28906,0.00000,0.00000,0.10717,0.62509,0.00000,1,0,0
NMAP_OS_DETECTION,1,0.81757,0.00000,0.08274,0.07517,0.88038,0.88038,0.88608,0.35394,0.00000,0.07395,0.28906,0.00000,0.00000,0.09903,0.62509,0.00000,1,0,0
NMAP_OS_DETECTION,1,0.88417,0.00000,0.08274,0.07517,0.88038,0.88038,0.88608,0.35394,0.00000,0.07395,0.28906,0.00000,0.00000,0.09903,0.62509,0.00000,1,0,0
NMAP_OS_DETECTION,1,0.99902,0.00000,0.08274,0.07517,0.86781,0.86781,0.87410,0.35394,0.00000,0.07395,0.28906,0.00000,0.00000,0.10717,0.62509,0.00000,1,0,0
NMAP_OS_DETECTION,1,0.82110,0.00000,0.08274,0.07517,0.86781,0.86781,0.87410,0.35394,0.00000,0.07395,0.28906,0.00000,0.00000,0.10717,0.62509,0.00000,1,0,0
NMAP_OS_DETECTION,1,0.62618,0.00000,0.08274,0.07517,0.86781,0.86781,0.87410,0.35394,0.00000,0.07395,0.28906,0.00000,0.00000,0.10717,0.62509,0.00000,1,0,0
NMAP_OS_DETECTION,1,0.81386,0.00000,0.08274,0.07517,0.86781,0.86781,0.87410,0.35394,0.00000,0.07395,0.28906,0.00000,0.00000,0.10717,0.62509,0.00000,1,0,0
NMAP_OS_DETECTION,1,0.68742,0.00000,0.08274,0.07517,0.88038,0.88038,0.88608,0.35394,0.00000,0.07395,0.28906,0.00000,0.00000,0.09903,0.62509,0.00000,1,0,0
NMAP_OS_DETECTION,1,0.99946,0.00000,0.08274,0.07517,0.86781,0.86781,0.87410,0.35394,0.00000,0.07395,0.28906,0.00000,0.00000,0.10717,0.62509,0.00000,1,0,0
NMAP_OS_DETECTION,1,0.76869,0.00000,0.08274,0.07517,0.86781,0.86781,0.87410,0.35394,0.00000,0.07395,0.28906,0.00000,0.00000,0.10717,0.62509,0.00000,1,0,0
NMAP_OS_DETECTION,1,0.63207,0.00000,0.08274,0.07517,0.98390,0.98390,0.98467,0.35394,0.00000,0.07395,0.28906,0.00000,0.00000,0.04335,0.62509,0.00000,1,0,0
NMAP_OS_DETECTION,1,0.82991,0.00000,0.08274,0.07517,0.86781,0.86781,0.87410,0.35394,0.00000,0.07395,0.28906,0.00000,0.00000,0.10717,0.62509,0.00000,1,0,0
NMAP_OS_DETECTION,1,0.71588,0.00000,0.08274,0.07517,0.94150,0.94150,0.94429,0.35394,0.00000,0.07395,0.28906,0.00000,0.00000,0.06331,0.62509,0.00000,1,0,0
NMAP_OS_DETECTION,1,0.70933,0.00000,0.08274,0.07517,0.86498,0.86498,0.87141,0.35394,0.00000,0.07395,0.28906,0.00000,0.00000,0.10903,0.62509,0.00000,1,0,0
NMAP_OS_DETECTION,1,0.78401,0.00000,0.08274,0.07517,0.75899,0.75899,0.77047,0.35394,0.00000,0.07395,0.28906,0.00000,0.00000,0.18395,0.62509,0.00000,1,0,0
NMAP_OS_DETECTION,1,0.70656,0.00000,0.08274,0.07517,0.84563,0.84563,0.85298,0.35394,0.00000,0.07395,0.28906,0.00000,0.00000,0.12202,0.62509,0.00000,1,0,0
NMAP_OS_DETECTION,1,0.67973,0.00000,0.08274,0.07517,0.86781,0.86781,0.87410,0.35394,0.00000,0.07395,0.28906,0.00000,0.00000,0.10717,0.62509,0.00000,1,0,0
NMAP_OS_DETECTION,1,0.62687,0.00000,0.08274,0.07517,0.85710,0.85710,0.86391,0.35394,0.00000,0.07395,0.28906,0.00000,0.00000,0.11427,0.62509,0.00000,1,0,0
NMAP_OS_DETECTION,1,0.78465,0.00000,0.08274,0.07517,0.84778,0.84778,0.85503,0.35394,0.00000,0.07395,0.28906,0.00000,0.00000,0.12055,0.62509,0.00000,1,0,0
NMAP_OS_DETECTION,1,0.69327,0.00000,0.08274,0.07517,1.00000,1.00000,1.00000,0.35394,0.00000,0.07395,0.28906,0.00000,0.00000,0.03699,0.62509,0.00000,1,0,0
NMAP_OS_DETECTION,1,0.69397,0.00000,0.08274,0.07517,0.88038,0.88038,0.88608,0.35394,0.00000,0.07395,0.28906,0.00000,0.00000,0.09903,0.62509,0.00000,1,0,0
NMAP_OS_DETECTION,1,0.62976,0.00000,0.08274,0.07517,0.77304,0.77304,0.78385,0.35394,0.00000,0.07395,0.28906,0.00000,0.00000,0.17361,0.62509,0.00000,1,0,0
NMAP_OS_DETECTION,1,0.72981,0.00000,0.08274,0.07517,0.88038,0.88038,0.88608,0.35394,0.00000,0.07395,0.28906,0.00000,0.00000,0.09903,0.62509,0.00000,1,0,0
NMAP_OS_DETECTION,1,0.82321,0.00000,0.08274,0.07517,0.92075,0.92075,0.92453,0.35394,0.00000,0.07395,0.28906,0.00000,0.00000,0.07462,0.62509,0.00000,1,0,0
NMAP_OS_DETECTION,1,0.82606,0.00000,0.08274,0.07517,1.00000,1.00000,1.00000,0.35394,0.00000,0.07395,0.28906,0.00000,0.00000,0.03699,0.62509,0.00000,1,0,0
NMAP_OS_DETECTION,1,0.68559,0.00000,0.08274,0.07517,0.83038,0.83038,0.83846,0.35394,0.00000,0.07395,0.28906,0.00000,0.00000,0.13252,0.62509,0.00000,1,0,0
NMAP_OS_DETECTION,1,0.62406,0.00000,0.08274,0.07517,0.81093,0.81093,0.81994,0.35394,0.00000,0.07395,0.28906,0.00000,0.00000,0.14622,0.62509,0.00000,1,0,0
NMAP_OS_DETECTION,1,0.35281,0.00000,0.08274,0.07517,1.00000,1.00000,1.00000,0.35394,0.00000,0.07395,0.28906,0.00000,0.00000,0.03699,0.62509,0.00000,1,0,0
NMAP_OS_DETECTION,1,0.58160,0.00000,0.08274,0.07517,0.86781,0.86781,0.87410,0.35394,0.00000,0.07395,0.28906,0.00000,0.00000,0.10717,0.62509,0.00000,1,0,0
NMAP_OS_DETECTION,1,0.76631,0.00000,0.08274,0.07517,0.75406,0.75406,0.76577,0.35394,0.00000,0.07395,0.28906,0.00000,0.00000,0.18759,0.62509,0.00000,1,0,0
NMAP_OS_DETECTION,1,0.63361,0.00000,0.08274,0.07517,0.85710,0.85710,0.86391,0.35394,0.00000,0.07395,0.28906,0.00000,0.00000,0.11427,0.62509,0.00000,1,0,0
NMAP_OS_DETECTION,1,0.82314,0.00000,0.08274,0.07517,0.86781,0.86781,0.87410,0.35394,0.00000,0.07395,0.28906,0.00000,0.00000,0.10717,0.62509,0.00000,1,0,0
NMAP_OS_DETECTION,1,0.62521,0.00000,0.08274,0.07517,0.85710,0.85710,0.86391,0.35394,0.00000,0.07395,0.28906,0.00000,0.00000,0.11427,0.62509,0.00000,1,0,0
NMAP_OS_DETECTION,1,0.63425,0.00000,0.08274,0.07517,1.00000,1.00000,1.00000,0.35394,0.00000,0.07395,0.28906,0.00000,0.00000,0.03699,0.62509,0.00000,1,0,0
NMAP_OS_DETECTION,1,0.81811,0.00000,0.08274,0.07517,0.86781,0.86781,0.87410,0.35394,0.00000,0.07395,0.28906,0.00000,0.00000,0.10717,0.62509,0.00000,1,0,0
NMAP_OS_DETECTION,1,0.75545,0.00000,0.08274,0.07517,0.92075,0.92075,0.92453,0.35394,0.00000,0.07395,0.28906,0.00000,0.00000,0.07462,0.62509,0.00000,1,0,0
NMAP_OS_DETECTION,1,0.72586,0.00000,0.08274,0.07517,0.91498,0.91498,0.91903,0.35394,0.00000,0.07395,0.28906,0.00000,0.00000,0.07793,0.62509,0.00000,1,0,0
NMAP_OS_DETECTION,1,0.81762,0.00000,0.08274,0.07517,0.85710,0.85710,0.86391,0.35394,0.00000,0.07395,0.28906,0.00000,0.00000,0.11427,0.62509,0.00000,1,0,0
NMAP_OS_DETECTION,1,0.76821,0.00000,0.08274,0.07517,0.85710,0.85710,0.86391,0.35394,0.00000,0.07395,0.28906,0.00000,0.00000,0.11427,0.62509,0.00000,1,0,0
NMAP_OS_DETECTION,1,0.69041,0.00000,0.08274,0.07517,0.89563,0.89563,0.90060,0.35394,0.00000,0.07395,0.28906,0.00000,0.00000,0.08948,0.62509,0.00000,1,0,0
NMAP_OS_DETECTION,1,0.68689,0.00000,0.08274,0.07517,0.86781,0.86781,0.87410,0.35394,0.00000,0.07395,0.28906,0.00000,0.00000,0.10717,0.62509,0.00000,1,0,0
NMAP_OS_DETECTION,1,0.51794,0.00000,0.08274,0.07517,0.83038,0.83038,0.83846,0.35394,0.00000,0.07395,0.28906,0.00000,0.00000,0.13252,0.62509,0.00000,1,0,0
NMAP_OS_DETECTION,1,0.86252,0.00000,0.08274,0.07517,0.85466,0.85466,0.86158,0.35394,0.00000,0.07395,0.28906,0.00000,0.00000,0.11591,0.62509,0.00000,1,0,0
NMAP_OS_DETECTION,1,0.81475,0.00000,0.08274,0.07517,0.86781,0.86781,0.87410,0.35394,0.00000,0.07395,0.28906,0.00000,0.00000,0.10717,0.62509,0.00000,1,0,0
NMAP_OS_DETECTION,1,0.82975,0.00000,0.08274,0.07517,0.86781,0.86781,0.87410,0.35394,0.00000,0.07395,0.28906,0.00000,0.00000,0.10717,0.62509,0.00000,1,0,0
NMAP_OS_DETECTION,1,0.80825,0.00000,0.08274,0.07517,0.94150,0.94150,0.94429,0.35394,0.00000,0.07395,0.28906,0.00000,0.00000,0.06331,0.62509,0.00000,1,0,0
NMAP_OS_DETECTION,1,0.82759,0.00000,0.08274,0.07517,0.95000,0.95000,0.95238,0.35394,0.00000,0.07395,0.28906,0.00000,0.00000,0.05895,0.62509,0.00000,1,0,0
NMAP_OS_DETECTION,1,0.77782,0.00000,0.08274,0.07517,0.80710,0.80710,0.81629,0.35394,0.00000,0.07395,0.28906,0.00000,0.00000,0.14895,0.62509,0.00000,1,0,0
NMAP_OS_DETECTION,1,0.80825,0.00000,0.08274,0.07517,0.84778,0.84778,0.85503,0.35394,0.00000,0.07395,0.28906,0.00000,0.00000,0.12055,0.62509,0.00000,1,0,0
NMAP_OS_DETECTION,1,0.70927,0.00000,0.08274,0.07517,0.77075,0.77075,0.78167,0.35394,0.00000,0.07395,0.28906,0.00000,0.00000,0.17529,0.62509,0.00000,1,0,0
NMAP_OS_DETECTION,1,0.92259,0.00000,0.08274,0.07517,0.90000,0.90000,0.90476,0.35394,0.00000,0.07395,0.28906,0.00000,0.00000,0.08681,0.62509,0.00000,1,0,0
NMAP_OS_DETECTION,1,0.59095,0.00000,0.08274,0.07517,0.77382,0.77382,0.78459,0.35394,0.00000,0.07395,0.28906,0.00000,0.00000,0.17304,0.62509,0.00000,1,0,0
NMAP_OS_DETECTION,1,0.71050,0.00000,0.08274,0.07517,0.95000,0.95000,0.95238,0.35394,0.00000,0.07395,0.28906,0.00000,0.00000,0.05895,0.62509,0.00000,1,0,0
NMAP_OS_DETECTION,1,0.75499,0.00000,0.08274,0.07517,0.86781,0.86781,0.87410,0.35394,0.00000,0.07395,0.28906,0.00000,0.00000,0.10717,0.62509,0.00000,1,0,0
NMAP_OS_DETECTION,1,0.44883,0.00000,0.08274,0.07517,0.77304,0.77304,0.78385,0.35394,0.00000,0.07395,0.28906,0.00000,0.00000,0.17361,0.62509,0.00000,1,0,0
NMAP_OS_DETECTION,1,0.69143,0.00000,0.08274,0.07517,0.81093,0.81093,0.81994,0.35394,0.00000,0.07395,0.28906,0.00000,0.00000,0.14622,0.62509,0.00000,1,0,0
NMAP_OS_DETECTION,1,0.64581,0.00000,0.08274,0.07517,0.95000,0.95000,0.95238,0.35394,0.00000,0.07395,0.28906,0.00000,0.00000,0.05895,0.62509,0.00000,1,0,0
NMAP_OS_DETECTION,1,0.80621,0.00000,0.08274,0.07517,0.94150,0.94150,0.94429,0.35394,0.00000,0.07395,0.28906,0.00000,0.00000,0.06331,0.62509,0.00000,1,0,0
NMAP_OS_DETECTION,1,0.82605,0.00000,0.08274,0.07517,0.95000,0.95000,0.95238,0.35394,0.00000,0.07395,0.28906,0.00000,0.00000,0.05895,0.62509,0.00000,1,0,0
NMAP_OS_DETECTION,1,0.62875,0.00000,0.08274,0.07517,0.94150,0.94150,0.94429,0.35394,0.00000,0.07395,0.28906,0.00000,0.00000,0.06331,0.62509,0.00000,1,0,0
NMAP_OS_DETECTION,1,0.81052,0.00000,0.08274,0.07517,0.95000,0.95000,0.95238,0.35394,0.00000,0.07395,0.28906,0.00000,0.00000,0.05895,0.62509,0.00000,1,0,0
NMAP_OS_DETECTION,1,0.71263,0.00000,0.08274,0.07517,0.95000,0.95000,0.95238,0.35394,0.00000,0.07395,0.28906,0.00000,0.00000,0.05895,0.62509,0.00000,1,0,0
NMAP_OS_DETECTION,1,0.55412,0.00000,0.08274,0.07517,0.88038,0.88038,0.88608,0.35394,0.00000,0.07395,0.28906,0.00000,0.00000,0.09903,0.62509,0.00000,1,0,0
NMAP_OS_DETECTION,1,0.81267,0.00000,0.08274,0.07517,0.91498,0.91498,0.91903,0.35394,0.00000,0.07395,0.28906,0.00000,0.00000,0.07793,0.62509,0.00000,1,0,0
NMAP_OS_DETECTION,1,0.78317,0.00000,0.08274,0.07517,0.86781,0.86781,0.87410,0.35394,0.00000,0.07395,0.28906,0.00000,0.00000,0.10717,0.62509,0.00000,1,0,0
NMAP_OS_DETECTION,1,0.78458,0.00000,0.08274,0.07517,0.85710,0.85710,0.86391,0.35394,0.00000,0.07395,0.28906,0.00000,0.00000,0.11427,0.62509,0.00000,1,0,0
NMAP_OS_DETECTION,1,0.84710,0.00000,0.08274,0.07517,0.85710,0.85710,0.86391,0.35394,0.00000,0.07395,0.28906,0.00000,0.00000,0.11427,0.62509,0.00000,1,0,0
NMAP_OS_DETECTION,1,0.81376,0.00000,0.08274,0.07517,0.89563,0.89563,0.90060,0.35394,0.00000,0.07395,0.28906,0.00000,0.00000,0.08948,0.62509,0.00000,1,0,0
NMAP_OS_DETECTION,1,0.86724,0.00000,0.08274,0.07517,0.85710,0.85710,0.86391,0.35394,0.00000,0.07395,0.28906,0.00000,0.00000,0.11427,0.62509,0.00000,1,0,0
NMAP_OS_DETECTION,1,0.89217,0.00000,0.08274,0.07517,0.86781,0.86781,0.87410,0.35394,0.00000,0.07395,0.28906,0.00000,0.00000,0.10717,0.62509,0.00000,1,0,0
NMAP_OS_DETECTION,1,0.62652,0.00000,0.08274,0.07517,0.86781,0.86781,0.87410,0.35394,0.00000,0.07395,0.28906,0.00000,0.00000,0.10717,0.62509,0.00000,1,0,0
NMAP_OS_DETECTION,1,0.82218,0.00000,0.08274,0.07517,0.86781,0.86781,0.87410,0.35394,0.00000,0.07395,0.28906,0.00000,0.00000,0.10717,0.62509,0.00000,1,0,0
NMAP_OS_DETECTION,1,0.82636,0.00000,0.08274,0.07517,0.94150,0.94150,0.94429,0.35394,0.00000,0.07395,0.28906,0.00000,0.00000,0.06331,0.62509,0.00000,1,0,0
NMAP_OS_DETECTION,1,0.62678,0.00000,0.08274,0.07517,0.77703,0.77703,0.78765,0.35394,0.00000,0.07395,0.28906,0.00000,0.00000,0.17069,0.62509,0.00000,1,0,0
NMAP_OS_DETECTION,1,0.82603,0.00000,0.08274,0.07517,1.00000,1.00000,1.00000,0.35394,0.00000,0.07395,0.28906,0.00000,0.00000,0.03699,0.62509,0.00000,1,0,0
NMAP_OS_DETECTION,1,0.68590,0.00000,0.08274,0.07517,0.85710,0.85710,0.86391,0.35394,0.00000,0.07395,0.28906,0.00000,0.00000,0.11427,0.62509,0.00000,1,0,0
NMAP_OS_DETECTION,1,0.72365,0.00000,0.08274,0.07517,0.83038,0.83038,0.83846,0.35394,0.00000,0.07395,0.28906,0.00000,0.00000,0.13252,0.62509,0.00000,1,0,0
NMAP_OS_DETECTION,1,0.80964,0.00000,0.08274,0.07517,0.90000,0.90000,0.90476,0.35394,0.00000,0.07395,0.28906,0.00000,0.00000,0.08681,0.62509,0.00000,1,0,0
NMAP_OS_DETECTION,1,0.62308,0.00000,0.08274,0.07517,0.85710,0.85710,0.86391,0.35394,0.00000,0.07395,0.28906,0.00000,0.00000,0.11427,0.62509,0.00000,1,0,0
NMAP_OS_DETECTION,1,0.63018,0.00000,0.08274,0.07517,0.95000,0.95000,0.95238,0.35394,0.00000,0.07395,0.28906,0.00000,0.00000,0.05895,0.62509,0.00000,1,0,0
NMAP_OS_DETECTION,1,0.98329,0.00000,0.08274,0.07517,0.78390,0.78390,0.79419,0.35394,0.00000,0.07395,0.28906,0.00000,0.00000,0.16568,0.62509,0.00000,1,0,0
NMAP_OS_DETECTION,1,0.81158,0.00000,0.08274,0.07517,1.00000,1.00000,1.00000,0.35394,0.00000,0.07395,0.28906,0.00000,0.00000,0.03699,0.62509,0.00000,1,0,0
NMAP_OS_DETECTION,1,0.74508,0.00000,0.08274,0.07517,0.92075,0.92075,0.92453,0.35394,0.00000,0.07395,0.28906,0.00000,0.00000,0.07462,0.62509,0.00000,1,0,0
NMAP_OS_DETECTION,1,0.77169,0.00000,0.08274,0.07517,0.77304,0.77304,0.78385,0.35394,0.00000,0.07395,0.28906,0.00000,0.00000,0.17361,0.62509,0.00000,1,0,0
NMAP_OS_DETECTION,1,0.78308,0.00000,0.08274,0.07517,0.77621,0.77621,0.78687,0.35394,0.00000,0.07395,0.28906,0.00000,0.00000,0.17129,0.62509,0.00000,1,0,0
NMAP_OS_DETECTION,1,0.99531,0.00000,0.08274,0.07517,0.91498,0.91498,0.91903,0.35394,0.00000,0.07395,0.28906,0.00000,0.00000,0.07793,0.62509,0.00000,1,0,0
NMAP_OS_DETECTION,1,0.81300,0.00000,0.08274,0.07517,0.84778,0.84778,0.85503,0.35394,0.00000,0.07395,0.28906,0.00000,0.00000,0.12055,0.62509,0.00000,1,0,0
NMAP_OS_DETECTION,1,0.97580,0.00000,0.08274,0.07517,0.86781,0.86781,0.87410,0.35394,0.00000,0.07395,0.28906,0.00000,0.00000,0.10717,0.62509,0.00000,1,0,0
NMAP_OS_DETECTION,1,0.68856,0.00000,0.08274,0.07517,0.95000,0.95000,0.95238,0.35394,0.00000,0.07395,0.28906,0.00000,0.00000,0.05895,0.62509,0.00000,1,0,0
NMAP_OS_DETECTION,1,0.82606,0.00000,0.08274,0.07517,0.83953,0.83953,0.84717,0.35394,0.00000,0.07395,0.28906,0.00000,0.00000,0.12619,0.62509,0.00000,1,0,0
NMAP_OS_DETECTION,1,0.74803,0.00000,0.08274,0.07517,0.84778,0.84778,0.85503,0.35394,0.00000,0.07395,0.28906,0.00000,0.00000,0.12055,0.62509,0.00000,1,0,0
NMAP_OS_DETECTION,1,0.88360,0.00000,0.08274,0.07517,0.88038,0.88038,0.88608,0.35394,0.00000,0.07395,0.28906,0.00000,0.00000,0.09903,0.62509,0.00000,1,0,0
NMAP_OS_DETECTION,1,0.89217,0.00000,0.08274,0.07517,0.85710,0.85710,0.86391,0.35394,0.00000,0.07395,0.28906,0.00000,0.00000,0.11427,0.62509,0.00000,1,0,0
NMAP_OS_DETECTION,1,0.79977,0.00000,0.08274,0.07517,0.86781,0.86781,0.87410,0.35394,0.00000,0.07395,0.28906,0.00000,0.00000,0.10717,0.62509,0.00000,1,0,0
NMAP_OS_DETECTION,1,0.62326,0.00000,0.08274,0.07517,0.84778,0.84778,0.85503,0.35394,0.00000,0.07395,0.28906,0.00000,0.00000,0.12055,0.62509,0.00000,1,0,0
NMAP_OS_DETECTION,1,0.62317,0.00000,0.08274,0.07517,0.86781,0.86781,0.87410,0.35394,0.00000,0.07395,0.28906,0.00000,0.00000,0.10717,0.62509,0.00000,1,0,0
NMAP_OS_DETECTION,1,0.65979,0.00000,0.08274,0.07517,0.86498,0.86498,0.87141,0.35394,0.00000,0.07395,0.28906,0.00000,0.00000,0.10903,0.62509,0.00000,1,0,0
NMAP_OS_DETECTION,1,0.43177,0.00000,0.08274,0.07517,0.86498,0.86498,0.87141,0.35394,0.00000,0.07395,0.28906,0.00000,0.00000,0.10903,0.62509,0.00000,1,0,0
NMAP_OS_DETECTION,1,0.73134,0.00000,0.08274,0.07517,0.86781,0.86781,0.87410,0.35394,0.00000,0.07395,0.28906,0.00000,0.00000,0.10717,0.62509,0.00000,1,0,0
NMAP_OS_DETECTION,1,0.77576,0.00000,0.08274,0.07517,0.95000,0.95000,0.95238,0.35394,0.00000,0.07395,0.28906,0.00000,0.00000,0.05895,0.62509,0.00000,1,0,0
NMAP_OS_DETECTION,1,0.82196,0.00000,0.08274,0.07517,0.88038,0.88038,0.88608,0.35394,0.00000,0.07395,0.28906,0.00000,0.00000,0.09903,0.62509,0.00000,1,0,0
NMAP_OS_DETECTION,1,0.43617,0.00000,0.08274,0.07517,0.86781,0.86781,0.87410,0.35394,0.00000,0.07395,0.28906,0.00000,0.00000,0.10717,0.62509,0.00000,1,0,0
NMAP_OS_DETECTION,1,0.78044,0.00000,0.08274,0.07517,0.86781,0.86781,0.87410,0.35394,0.00000,0.07395,0.28906,0.00000,0.00000,0.10717,0.62509,0.00000,1,0,0
NMAP_OS_DETECTION,1,0.89019,0.00000,0.08274,0.07517,0.86781,0.86781,0.87410,0.35394,0.00000,0.07395,0.28906,0.00000,0.00000,0.10717,0.62509,0.00000,1,0,0
NMAP_OS_DETECTION,1,0.97426,0.00000,0.08274,0.07517,0.91498,0.91498,0.91903,0.35394,0.00000,0.07395,0.28906,0.00000,0.00000,0.07793,0.62509,0.00000,1,0,0
NMAP_OS_DETECTION,1,0.66771,0.00000,0.08274,0.07517,0.86781,0.86781,0.87410,0.35394,0.00000,0.07395,0.28906,0.00000,0.00000,0.10717,0.62509,0.00000,1,0,0
NMAP_OS_DETECTION,1,0.90553,0.00000,0.08274,0.07517,1.00000,1.00000,1.00000,0.35394,0.00000,0.07395,0.28906,0.00000,0.00000,0.03699,0.62509,0.00000,1,0,0
NMAP_OS_DETECTION,1,0.99291,0.00000,0.08274,0.07517,0.86781,0.86781,0.87410,0.35394,0.00000,0.07395,0.28906,0.00000,0.00000,0.10717,0.62509,0.00000,1,0,0
NMAP_OS_DETECTION,1,0.96529,0.00000,0.08274,0.07517,0.86781,0.86781,0.87410,0.35394,0.00000,0.07395,0.28906,0.00000,0.00000,0.10717,0.62509,0.00000,1,0,0
NMAP_OS_DETECTION,1,0.99452,0.00000,0.08274,0.07517,0.85710,0.85710,0.86391,0.35394,0.00000,0.07395,0.28906,0.00000,0.00000,0.11427,0.62509,0.00000,1,0,0
NMAP_OS_DETECTION,1,0.78470,0.00000,0.08274,0.07517,0.86781,0.86781,0.87410,0.35394,0.00000,0.07395,0.28906,0.00000,0.00000,0.10717,0.62509,0.00000,1,0,0
NMAP_OS_DETECTION,1,0.34128,0.00000,0.08274,0.07517,0.75836,0.75836,0.76986,0.35394,0.00000,0.07395,0.28906,0.00000,0.00000,0.18442,0.62509,0.00000,1,0,0
NMAP_OS_DETECTION,1,0.69084,0.00000,0.08274,0.07517,0.85710,0.85710,0.86391,0.35394,0.00000,0.07395,0.28906,0.00000,0.00000,0.11427,0.62509,0.00000,1,0,0
NMAP_OS_DETECTION,1,0.80800,0.00000,0.08274,0.07517,0.77304,0.77304,0.78385,0.35394,0.00000,0.07395,0.28906,0.00000,0.00000,0.17361,0.62509,0.00000,1,0,0
NMAP_OS_DETECTION,1,0.62833,0.00000,0.08274,0.07517,1.00000,1.00000,1.00000,0.35394,0.00000,0.07395,0.28906,0.00000,0.00000,0.03699,0.62509,0.00000,1,0,0
NMAP_OS_DETECTION,1,0.60035,0.00000,0.08274,0.07517,0.82382,0.82382,0.83221,0.35394,0.00000,0.07395,0.28906,0.00000,0.00000,0.13711,0.62509,0.00000,1,0,0
NMAP_OS_DETECTION,1,0.65448,0.00000,0.08274,0.07517,0.86781,0.86781,0.87410,0.35394,0.00000,0.07395,0.28906,0.00000,0.00000,0.10717,0.62509,0.00000,1,0,0
NMAP_OS_DETECTION,1,0.67514,0.00000,0.08274,0.07517,0.75347,0.75347,0.76520,0.35394,0.00000,0.07395,0.28906,0.00000,0.00000,0.18803,0.62509,0.00000,1,0,0
NMAP_OS_DETECTION,1,0.77675,0.00000,0.08274,0.07517,0.78390,0.78390,0.79419,0.35394,0.00000,0.07395,0.28906,0.00000,0.00000,0.16568,0.62509,0.00000,1,0,0
NMAP_OS_DETECTION,1,0.43177,0.00000,0.08274,0.07517,0.76498,0.76498,0.77617,0.35394,0.00000,0.07395,0.28906,0.00000,0.00000,0.17953,0.62509,0.00000,1,0,0
NMAP_OS_DETECTION,1,0.97427,0.00000,0.08274,0.07517,0.88038,0.88038,0.88608,0.35394,0.00000,0.07395,0.28906,0.00000,0.00000,0.09903,0.62509,0.00000,1,0,0
NMAP_TCP_scan,1,0.63345,0.00000,0.08274,0.07517,0.88038,0.88038,0.88608,0.35394,0.31546,0.07395,0.28906,0.00000,0.00000,0.09903,0.99820,0.00000,1,0,0
NMAP_TCP_scan,1,0.73129,0.00000,0.08274,0.07517,0.89563,0.89563,0.90060,0.35394,0.31546,0.07395,0.28906,0.00000,0.00000,0.08948,0.99820,0.00000,1,0,0
NMAP_TCP_scan,1,0.60297,0.00000,0.08274,0.07517,0.89563,0.89563,0.90060,0.35394,0.31546,0.07395,0.28906,0.00000,0.00000,0.08948,0.99820,0.00000,1,0,0
NMAP_TCP_scan,1,0.63845,0.00000,0.08274,0.07517,0.86781,0.86781,0.87410,0.35394,0.31546,0.07395,0.28906,0.00000,0.00000,0.10717,0.99820,0.00000,1,0,0
NMAP_TCP_scan,1,0.72299,0.00000,0.08274,0.07517,0.89563,0.89563,0.90060,0.35394,0.31546,0.07395,0.28906,0.00000,0.00000,0.08948,0.99820,0.00000,1,0,0
NMAP_TCP_scan,1,0.63425,0.00000,0.08274,0.07517,0.90000,0.90000,0.90476,0.35394,0.31546,0.07395,0.28906,0.00000,0.00000,0.08681,0.99820,0.00000,1,0,0
NMAP_TCP_scan,1,0.62263,0.00000,0.08274,0.07517,0.88038,0.88038,0.88608,0.35394,0.31546,0.07395,0.28906,0.00000,0.00000,0.09903,0.99820,0.00000,1,0,0
NMAP_TCP_scan,1,0.57601,0.00000,0.08274,0.07517,0.89563,0.89563,0.90060,0.35394,0.31546,0.07395,0.28906,0.00000,0.00000,0.08948,0.99820,0.00000,1,0,0
NMAP_TCP_scan,1,0.45883,0.00000,0.08274,0.07517,0.95000,0.95000,0.95238,0.35394,0.31546,0.07395,0.28906,0.00000,0.00000,0.05895,0.99820,0.00000,1,0,0
NMAP_TCP_scan,1,0.64734,0.00000,0.08274,0.07517,0.88038,0.88038,0.88608,0.35394,0.31546,0.07395,0.28906,0.00000,0.00000,0.09903,0.99820,0.00000,1,0,0
NMAP_TCP_scan,1,0.97581,0.00000,0.08274,0.07517,1.00000,1.00000,1.00000,0.35394,0.31546,0.07395,0.28906,0.00000,0.00000,0.03699,0.99820,0.00000,1,0,0
NMAP_TCP_scan,1,0.69024,0.00000,0.08274,0.07517,0.95000,0.95000,0.95238,0.35394,0.31546,0.07395,0.28906,0.00000,0.00000,0.05895,0.99820,0.00000,1,0,0
NMAP_TCP_scan,1,0.89226,0.00000,0.08274,0.07517,1.00000,1.00000,1.00000,0.35394,0.31546,0.07395,0.28906,0.00000,0.00000,0.03699,0.99820,0.00000,1,0,0
NMAP_TCP_scan,1,0.78387,0.00000,0.08274,0.07517,0.94150,0.94150,0.94429,0.35394,0.31546,0.07395,0.28906,0.00000,0.00000,0.06331,0.99820,0.00000,1,0,0
NMAP_TCP_scan,1,0.70927,0.00000,0.08274,0.07517,0.92075,0.92075,0.92453,0.35394,0.31546,0.07395,0.28906,0.00000,0.00000,0.07462,0.99820,0.00000,1,0,0
NMAP_TCP_scan,1,0.63465,0.00000,0.08274,0.07517,0.95000,0.95000,0.95238,0.35394,0.31546,0.07395,0.28906,0.00000,0.00000,0.05895,0.99820,0.00000,1,0,0
NMAP_TCP_scan,1,0.98537,0.00000,0.08274,0.07517,1.00000,1.00000,1.00000,0.35394,0.31546,0.07395,0.28906,0.00000,0.00000,0.03699,0.99820,0.00000,1,0,0
NMAP_TCP_scan,1,0.89317,0.00000,0.08274,0.07517,0.90000,0.90000,0.90476,0.35394,0.31546,0.07395,0.28906,0.00000,0.00000,0.08681,0.99820,0.00000,1,0,0
NMAP_TCP_scan,1,0.93772,0.00000,0.08274,0.07517,0.94150,0.94150,0.94429,0.35394,0.31546,0.07395,0.28906,0.00000,0.00000,0.06331,0.99820,0.00000,1,0,0
NMAP_TCP_scan,1,0.62583,0.00000,0.08274,0.07517,0.88038,0.88038,0.88608,0.35394,0.31546,0.07395,0.28906,0.00000,0.00000,0.09903,0.99820,0.00000,1,0,0
NMAP_TCP_scan,1,0.83227,0.00000,0.08274,0.07517,0.95000,0.95000,0.95238,0.35394,0.31546,0.07395,0.28906,0.00000,0.00000,0.05895,0.99820,0.00000,1,0,0
NMAP_TCP_scan,1,0.67407,0.00000,0.08274,0.07517,0.92075,0.92075,0.92453,0.35394,0.31546,0.07395,0.28906,0.00000,0.00000,0.07462,0.99820,0.00000,1,0,0
NMAP_TCP_scan,1,0.97427,0.00000,0.08274,0.07517,0.98390,0.98390,0.98467,0.35394,0.31546,0.07395,0.28906,0.00000,0.00000,0.04335,0.99820,0.00000,1,0,0
NMAP_TCP_scan,1,0.77675,0.00000,0.08274,0.07517,1.00000,1.00000,1.00000,0.35394,0.31546,0.07395,0.28906,0.00000,0.00000,0.03699,0.99820,0.00000,1,0,0
NMAP_TCP_scan,1,0.81153,0.00000,0.08274,0.07517,0.88038,0.88038,0.88608,0.35394,0.31546,0.07395,0.28906,0.00000,0.00000,0.09903,0.99820,0.00000,1,0,0
NMAP_TCP_scan,1,0.66509,0.00000,0.08274,0.07517,0.90000,0.90000,0.90476,0.35394,0.31546,0.07395,0.28906,0.00000,0.00000,0.08681,0.99820,0.00000,1,0,0
NMAP_TCP_scan,1,0.62850,0.00000,0.08274,0.07517,1.00000,1.00000,1.00000,0.35394,0.31546,0.07395,0.28906,0.00000,0.00000,0.03699,0.99820,0.00000,1,0,0
NMAP_TCP_scan,1,0.82187,0.00000,0.08274,0.07517,0.88038,0.88038,0.88608,0.35394,0.31546,0.07395,0.28906,0.00000,0.00000,0.09903,0.99820,0.00000,1,0,0
NMAP_TCP_scan,1,0.98449,0.00000,0.08274,0.07517,0.86781,0.86781,0.87410,0.35394,0.31546,0.07395,0.28906,0.00000,0.00000,0.10717,0.99820,0.00000,1,0,0
NMAP_TCP_scan,1,0.74405,0.00000,0.08274,0.07517,0.89563,0.89563,0.90060,0.35394,0.31546,0.07395,0.28906,0.00000,0.00000,0.08948,0.99820,0.00000,1,0,0
NMAP_TCP_scan,1,0.74803,0.00000,0.08274,0.07517,0.88038,0.88038,0.88608,0.35394,0.31546,0.07395,0.28906,0.00000,0.00000,0.09903,0.99820,0.00000,1,0,0
NMAP_TCP_scan,1,0.73132,0.00000,0.08274,0.07517,0.90000,0.90000,0.90476,0.35394,0.31546,0.07395,0.28906,0.00000,0.00000,0.08681,0.99820,0.00000,1,0,0
NMAP_TCP_scan,1,0.97694,0.00000,0.08274,0.07517,0.90000,0.90000,0.90476,0.35394,0.31546,0.07395,0.28906,0.00000,0.00000,0.08681,0.99820,0.00000,1,0,0
NMAP_TCP_scan,1,0.92023,0.00000,0.08274,0.07517,0.89563,0.89563,0.90060,0.35394,0.31546,0.07395,0.28906,0.00000,0.00000,0.08948,0.99820,0.00000,1,0,0
NMAP_TCP_scan,1,0.66105,0.00000,0.08274,0.07517,0.95000,0.95000,0.95238,0.35394,0.31546,0.07395,0.28906,0.00000,0.00000,0.05895,0.99820,0.00000,1,0,0
NMAP_TCP_scan,1,0.74402,0.00000,0.08274,0.07517,0.88038,0.88038,0.88608,0.35394,0.31546,0.07395,0.28906,0.00000,0.00000,0.09903,0.99820,0.00000,1,0,0
NMAP_TCP_scan,1,0.34128,0.00000,0.08274,0.07517,0.73808,0.73808,0.75055,0.35394,0.31546,0.07395,0.28906,0.00000,0.00000,0.19946,0.99820,0.00000,1,0,0
NMAP_TCP_scan,1,0.56825,0.00000,0.08274,0.07517,0.89563,0.89563,0.90060,0.35394,0.31546,0.07395,0.28906,0.00000,0.00000,0.08948,0.99820,0.00000,1,0,0
NMAP_TCP_scan,1,0.69290,0.00000,0.08274,0.07517,0.98390,0.98390,0.98467,0.35394,0.31546,0.07395,0.28906,0.00000,0.00000,0.04335,0.99820,0.00000,1,0,0
NMAP_TCP_scan,1,0.74550,0.00000,0.08274,0.07517,0.89563,0.89563,0.90060,0.35394,0.31546,0.07395,0.28906,0.00000,0.00000,0.08948,0.99820,0.00000,1,0,0
NMAP_TCP_scan,1,0.72851,0.00000,0.08274,0.07517,0.88038,0.88038,0.88608,0.35394,0.31546,0.07395,0.28906,0.00000,0.00000,0.09903,0.99820,0.00000,1,0,0
NMAP_TCP_scan,1,0.63337,0.00000,0.08274,0.07517,0.90000,0.90000,0.90476,0.35394,0.31546,0.07395,0.28906,0.00000,0.00000,0.08681,0.99820,0.00000,1,0,0
NMAP_TCP_scan,1,0.63068,0.00000,0.08274,0.07517,0.91498,0.91498,0.91903,0.35394,0.31546,0.07395,0.28906,0.00000,0.00000,0.07793,0.99820,0.00000,1,0,0
NMAP_TCP_scan,1,0.77782,0.00000,0.08274,0.07517,1.00000,1.00000,1.00000,0.35394,0.31546,0.07395,0.28906,0.00000,0.00000,0.03699,0.99820,0.00000,1,0,0
NMAP_TCP_scan,1,0.68572,0.00000,0.08274,0.07517,1.00000,1.00000,1.00000,0.35394,0.31546,0.07395,0.28906,0.00000,0.00000,0.03699,0.99820,0.00000,1,0,0
NMAP_TCP_scan,1,0.44883,0.00000,0.08274,0.07517,0.89563,0.89563,0.90060,0.35394,0.31546,0.07395,0.28906,0.00000,0.00000,0.08948,0.99820,0.00000,1,0,0
NMAP_TCP_scan,1,0.99452,0.00000,0.08274,0.07517,0.95000,0.95000,0.95238,0.35394,0.31546,0.07395,0.28906,0.00000,0.00000,0.05895,0.99820,0.00000,1,0,0
NMAP_TCP_scan,1,0.64304,0.00000,0.08274,0.07517,0.95000,0.95000,0.95238,0.35394,0.31546,0.07395,0.28906,0.00000,0.00000,0.05895,0.99820,0.00000,1,0,0
NMAP_TCP_scan,1,0.74343,0.00000,0.08274,0.07517,0.94150,0.94150,0.94429,0.35394,0.31546,0.07395,0.28906,0.00000,0.00000,0.06331,0.99820,0.00000,1,0,0
NMAP_TCP_scan,1,0.78188,0.00000,0.08274,0.07517,0.98390,0.98390,0.98467,0.35394,0.31546,0.07395,0.28906,0.00000,0.00000,0.04335,0.99820,0.00000,1,0,0
NMAP_TCP_scan,1,0.92141,0.00000,0.08274,0.07517,0.89563,0.89563,0.90060,0.35394,0.31546,0.07395,0.28906,0.00000,0.00000,0.08948,0.99820,0.00000,1,0,0
NMAP_TCP_scan,1,0.87111,0.00000,0.08274,0.07517,0.74002,0.74002,0.75240,0.35394,0.31546,0.07395,0.28906,0.00000,0.00000,0.19802,0.99820,0.00000,1,0,0
NMAP_TCP_scan,1,0.79382,0.00000,0.08274,0.07517,0.88038,0.88038,0.88608,0.35394,0.31546,0.07395,0.28906,0.00000,0.00000,0.09903,0.99820,0.00000,1,0,0
NMAP_TCP_scan,1,0.79855,0.00000,0.08274,0.07517,0.95000,0.95000,0.95238,0.35394,0.31546,0.07395,0.28906,0.00000,0.00000,0.05895,0.99820,0.00000,1,0,0
NMAP_TCP_scan,1,0.73159,0.00000,0.08274,0.07517,0.88038,0.88038,0.88608,0.35394,0.31546,0.07395,0.28906,0.00000,0.00000,0.09903,0.99820,0.00000,1,0,0
NMAP_TCP_scan,1,0.64511,0.00000,0.08274,0.07517,0.95000,0.95000,0.95238,0.35394,0.31546,0.07395,0.28906,0.00000,0.00000,0.05895,0.99820,0.00000,1,0,0
NMAP_TCP_scan,1,0.75965,0.00000,0.08274,0.07517,0.94150,0.94150,0.94429,0.35394,0.31546,0.07395,0.28906,0.00000,0.00000,0.06331,0.99820,0.00000,1,0,0
NMAP_TCP_scan,1,0.23801,0.00000,0.08274,0.07517,1.00000,1.00000,1.00000,0.35394,0.31546,0.07395,0.28906,0.00000,0.00000,0.03699,0.99820,0.00000,1,0,0
NMAP_TCP_scan,1,0.87311,0.00000,0.08274,0.07517,0.89563,0.89563,0.90060,0.35394,0.31546,0.07395,0.28906,0.00000,0.00000,0.08948,0.99820,0.00000,1,0,0
NMAP_TCP_scan,1,0.58873,0.00000,0.08274,0.07517,0.92075,0.92075,0.92453,0.35394,0.31546,0.07395,0.28906,0.00000,0.00000,0.07462,0.99820,0.00000,1,0,0
NMAP_TCP_scan,1,0.71617,0.00000,0.08274,0.07517,0.94150,0.94150,0.94429,0.35394,0.31546,0.07395,0.28906,0.00000,0.00000,0.06331,0.99820,0.00000,1,0,0
NMAP_TCP_scan,1,0.61468,0.00000,0.08274,0.07517,0.94150,0.94150,0.94429,0.35394,0.31546,0.07395,0.28906,0.00000,0.00000,0.06331,0.99820,0.00000,1,0,0
NMAP_TCP_scan,1,0.97427,0.00000,0.08274,0.07517,1.00000,1.00000,1.00000,0.35394,0.31546,0.07395,0.28906,0.00000,0.00000,0.03699,0.99820,0.00000,1,0,0
NMAP_TCP_scan,1,0.63761,0.00000,0.08274,0.07517,0.88038,0.88038,0.88608,0.35394,0.31546,0.07395,0.28906,0.00000,0.00000,0.09903,0.99820,0.00000,1,0,0
NMAP_TCP_scan,1,0.81255,0.00000,0.08274,0.07517,0.80587,0.80587,0.81511,0.35394,0.31546,0.07395,0.28906,0.00000,0.00000,0.14983,0.99820,0.00000,1,0,0
NMAP_TCP_scan,1,0.68706,0.00000,0.08274,0.07517,0.90000,0.90000,0.90476,0.35394,0.31546,0.07395,0.28906,0.00000,0.00000,0.08681,0.99820,0.00000,1,0,0
NMAP_TCP_scan,1,0.82196,0.00000,0.08274,0.07517,0.83038,0.83038,0.83846,0.35394,0.31546,0.07395,0.28906,0.00000,0.00000,0.13252,0.99820,0.00000,1,0,0
NMAP_TCP_scan,1,0.69818,0.00000,0.08274,0.07517,1.00000,1.00000,1.00000,0.35394,0.31546,0.07395,0.28906,0.00000,0.00000,0.03699,0.99820,0.00000,1,0,0
NMAP_TCP_scan,1,0.95174,0.00000,0.08274,0.07517,0.73620,0.73620,0.74876,0.35394,0.31546,0.07395,0.28906,0.00000,0.00000,0.20086,0.99820,0.00000,1,0,0
NMAP_TCP_scan,1,0.44306,0.00000,0.08274,0.07517,0.88038,0.88038,0.88608,0.35394,0.31546,0.07395,0.28906,0.00000,0.00000,0.09903,0.99820,0.00000,1,0,0
NMAP_TCP_scan,1,0.69656,0.00000,0.08274,0.07517,0.95000,0.95000,0.95238,0.35394,0.31546,0.07395,0.28906,0.00000,0.00000,0.05895,0.99820,0.00000,1,0,0
NMAP_TCP_scan,1,0.45994,0.00000,0.08274,0.07517,0.88038,0.88038,0.88608,0.35394,0.31546,0.07395,0.28906,0.00000,0.00000,0.09903,0.99820,0.00000,1,0,0
NMAP_TCP_scan,1,0.77307,0.00000,0.08274,0.07517,0.91498,0.91498,0.91903,0.35394,0.31546,0.07395,0.28906,0.00000,0.00000,0.07793,0.99820,0.00000,1,0,0
NMAP_TCP_scan,1,0.77152,0.00000,0.08274,0.07517,0.89563,0.89563,0.90060,0.35394,0.31546,0.07395,0.28906,0.00000,0.00000,0.08948,0.99820,0.00000,1,0,0
NMAP_TCP_scan,1,0.62892,0.00000,0.08274,0.07517,0.88038,0.88038,0.88608,0.35394,0.31546,0.07395,0.28906,0.00000,0.00000,0.09903,0.99820,0.00000,1,0,0
NMAP_TCP_scan,1,0.68653,0.00000,0.08274,0.07517,0.88038,0.88038,0.88608,0.35394,0.31546,0.07395,0.28906,0.00000,0.00000,0.09903,0.99820,0.00000,1,0,0
NMAP_TCP_scan,1,0.76912,0.00000,0.08274,0.07517,0.89563,0.89563,0.90060,0.35394,0.31546,0.07395,0.28906,0.00000,0.00000,0.08948,0.99820,0.00000,1,0,0
NMAP_TCP_scan,1,0.64672,0.00000,0.08274,0.07517,1.00000,1.00000,1.00000,0.35394,0.31546,0.07395,0.28906,0.00000,0.00000,0.03699,0.99820,0.00000,1,0,0
NMAP_TCP_scan,1,0.54645,0.00000,0.08274,0.07517,0.86781,0.86781,0.87410,0.35394,0.31546,0.07395,0.28906,0.00000,0.00000,0.10717,0.99820,0.00000,1,0,0
NMAP_TCP_scan,1,0.69075,0.00000,0.08274,0.07517,0.95000,0.95000,0.95238,0.35394,0.31546,0.07395,0.28906,0.00000,0.00000,0.05895,0.99820,0.00000,1,0,0
NMAP_TCP_scan,1,0.74529,0.00000,0.08274,0.07517,0.91498,0.91498,0.91903,0.35394,0.31546,0.07395,0.28906,0.00000,0.00000,0.07793,0.99820,0.00000,1,0,0
NMAP_TCP_scan,1,0.72302,0.00000,0.08274,0.07517,0.90000,0.90000,0.90476,0.35394,0.31546,0.07395,0.28906,0.00000,0.00000,0.08681,0.99820,0.00000,1,0,0
NMAP_TCP_scan,1,0.94491,0.00000,0.08274,0.07517,0.95000,0.95000,0.95238,0.35394,0.31546,0.07395,0.28906,0.00000,0.00000,0.05895,0.99820,0.00000,1,0,0
NMAP_TCP_scan,1,0.76875,0.00000,0.08274,0.07517,0.94150,0.94150,0.94429,0.35394,0.31546,0.07395,0.28906,0.00000,0.00000,0.06331,0.99820,0.00000,1,0,0
NMAP_TCP_scan,1,0.64275,0.00000,0.08274,0.07517,0.89563,0.89563,0.90060,0.35394,0.31546,0.07395,0.28906,0.00000,0.00000,0.08948,0.99820,0.00000,1,0,0
NMAP_TCP_scan,1,0.84016,0.00000,0.08274,0.07517,0.94150,0.94150,0.94429,0.35394,0.31546,0.07395,0.28906,0.00000,0.00000,0.06331,0.99820,0.00000,1,0,0
NMAP_TCP_scan,1,0.78443,0.00000,0.08274,0.07517,0.77703,0.77703,0.78765,0.35394,0.31546,0.07395,0.28906,0.00000,0.00000,0.17069,0.99820,0.00000,1,0,0
NMAP_TCP_scan,1,0.80103,0.00000,0.08274,0.07517,0.95000,0.95000,0.95238,0.35394,0.31546,0.07395,0.28906,0.00000,0.00000,0.05895,0.99820,0.00000,1,0,0
NMAP_TCP_scan,1,0.78325,0.00000,0.08274,0.07517,0.95000,0.95000,0.95238,0.35394,0.31546,0.07395,0.28906,0.00000,0.00000,0.05895,0.99820,0.00000,1,0,0
NMAP_TCP_scan,1,0.59895,0.00000,0.08274,0.07517,0.90000,0.90000,0.90476,0.35394,0.31546,0.07395,0.28906,0.00000,0.00000,0.08681,0.99820,0.00000,1,0,0
NMAP_TCP_scan,1,0.61238,0.00000,0.08274,0.07517,0.90000,0.90000,0.90476,0.35394,0.31546,0.07395,0.28906,0.00000,0.00000,0.08681,0.99820,0.00000,1,0,0
NMAP_TCP_scan,1,0.99505,0.00000,0.08274,0.07517,0.78039,0.78039,0.79084,0.35394,0.31546,0.07395,0.28906,0.00000,0.00000,0.16824,0.99820,0.00000,1,0,0
NMAP_TCP_scan,1,0.69327,0.00000,0.08274,0.07517,0.89563,0.89563,0.90060,0.35394,0.31546,0.07395,0.28906,0.00000,0.00000,0.08948,0.99820,0.00000,1,0,0
NMAP_TCP_scan,1,0.68759,0.00000,0.08274,0.07517,0.89563,0.89563,0.90060,0.35394,0.31546,0.07395,0.28906,0.00000,0.00000,0.08948,0.99820,0.00000,1,0,0
NMAP_TCP_scan,1,0.82973,0.00000,0.08274,0.07517,0.88038,0.88038,0.88608,0.35394,0.31546,0.07395,0.28906,0.00000,0.00000,0.09903,0.99820,0.00000,1,0,0
NMAP_TCP_scan,1,0.68092,0.00000,0.08274,0.07517,1.00000,1.00000,1.00000,0.35394,0.31546,0.07395,0.28906,0.00000,0.00000,0.03699,0.99820,0.00000,1,0,0
NMAP_TCP_scan,1,0.76994,0.00000,0.08274,0.07517,1.00000,1.00000,1.00000,0.35394,0.31546,0.07395,0.28906,0.00000,0.00000,0.03699,0.99820,0.00000,1,0,0
NMAP_TCP_scan,1,0.94252,0.00000,0.08274,0.07517,0.91498,0.91498,0.91903,0.35394,0.31546,0.07395,0.28906,0.00000,0.00000,0.07793,0.99820,0.00000,1,0,0
NMAP_TCP_scan,1,0.82117,0.00000,0.08274,0.07517,0.95000,0.95000,0.95238,0.35394,0.31546,0.07395,0.28906,0.00000,0.00000,0.05895,0.99820,0.00000,1,0,0
NMAP_TCP_scan,1,0.62317,0.00000,0.08274,0.07517,1.00000,1.00000,1.00000,0.35394,0.31546,0.07395,0.28906,0.00000,0.00000,0.03699,0.99820,0.00000,1,0,0
NMAP_TCP_scan,1,0.62926,0.00000,0.08274,0.07517,1.00000,1.00000,1.00000,0.35394,0.31546,0.07395,0.28906,0.00000,0.00000,0.03699,0.99820,0.00000,1,0,0
NMAP_TCP_scan,1,0.78273,0.00000,0.08274,0.07517,0.88038,0.88038,0.88608,0.35394,0.31546,0.07395,0.28906,0.00000,0.00000,0.09903,0.99820,0.00000,1,0,0
NMAP_TCP_scan,1,0.74621,0.00000,0.08274,0.07517,0.89563,0.89563,0.90060,0.35394,0.31546,0.07395,0.28906,0.00000,0.00000,0.08948,0.99820,0.00000,1,0,0
NMAP_TCP_scan,1,0.69767,0.00000,0.08274,0.07517,0.77382,0.77382,0.78459,0.35394,0.31546,0.07395,0.28906,0.00000,0.00000,0.17304,0.99820,0.00000,1,0,0
NMAP_TCP_scan,1,0.74461,0.00000,0.08274,0.07517,0.89563,0.89563,0.90060,0.35394,0.31546,0.07395,0.28906,0.00000,0.00000,0.08948,0.99820,0.00000,1,0,0
NMAP_TCP_scan,1,0.42474,0.00000,0.08274,0.07517,0.73808,0.73808,0.75055,0.35394,0.31546,0.07395,0.28906,0.00000,0.00000,0.19946,0.99820,0.00000,1,0,0
NMAP_TCP_scan,1,0.94252,0.00000,0.08274,0.07517,0.88038,0.88038,0.88608,0.35394,0.31546,0.07395,0.28906,0.00000,0.00000,0.09903,0.99820,0.00000,1,0,0
NMAP_TCP_scan,1,0.42143,0.00000,0.08274,0.07517,0.88038,0.88038,0.88608,0.35394,0.31546,0.07395,0.28906,0.00000,0.00000,0.09903,0.99820,0.00000,1,0,0
NMAP_TCP_scan,1,0.62190,0.00000,0.08274,0.07517,0.89563,0.89563,0.90060,0.35394,0.31546,0.07395,0.28906,0.00000,0.00000,0.08948,0.99820,0.00000,1,0,0
NMAP_TCP_scan,1,0.81144,0.00000,0.08274,0.07517,0.94150,0.94150,0.94429,0.35394,0.31546,0.07395,0.28906,0.00000,0.00000,0.06331,0.99820,0.00000,1,0,0
NMAP_TCP_scan,1,0.67798,0.00000,0.08274,0.07517,0.88038,0.88038,0.88608,0.35394,0.31546,0.07395,0.28906,0.00000,0.00000,0.09903,0.99820,0.00000,1,0,0
NMAP_TCP_scan,1,0.83067,0.00000,0.08274,0.07517,0.88038,0.88038,0.88608,0.35394,0.31546,0.07395,0.28906,0.00000,0.00000,0.09903,0.99820,0.00000,1,0,0
NMAP_TCP_scan,1,0.73258,0.00000,0.08274,0.07517,0.89563,0.89563,0.90060,0.35394,0.31546,0.07395,0.28906,0.00000,0.00000,0.08948,0.99820,0.00000,1,0,0
NMAP_TCP_scan,1,0.74812,0.00000,0.08274,0.07517,0.92075,0.92075,0.92453,0.35394,0.31546,0.07395,0.28906,0.00000,0.00000,0.07462,0.99820,0.00000,1,0,0
NMAP_TCP_scan,1,0.72822,0.00000,0.08274,0.07517,0.95000,0.95000,0.95238,0.35394,0.31546,0.07395,0.28906,0.00000,0.00000,0.05895,0.99820,0.00000,1,0,0
NMAP_TCP_scan,1,0.62406,0.00000,0.08274,0.07517,0.88038,0.88038,0.88608,0.35394,0.31546,0.07395,0.28906,0.00000,0.00000,0.09903,0.99820,0.00000,1,0,0
NMAP_TCP_scan,1,0.78312,0.00000,0.08274,0.07517,0.89563,0.89563,0.90060,0.35394,0.31546,0.07395,0.28906,0.00000,0.00000,0.08948,0.99820,0.00000,1,0,0
NMAP_TCP_scan,1,0.97670,0.00000,0.08274,0.07517,0.89563,0.89563,0.90060,0.35394,0.31546,0.07395,0.28906,0.00000,0.00000,0.08948,0.99820,0.00000,1,0,0
NMAP_TCP_scan,1,0.62244,0.00000,0.08274,0.07517,0.76498,0.76498,0.77617,0.35394,0.31546,0.07395,0.28906,0.00000,0.00000,0.17953,0.99820,0.00000,1,0,0
NMAP_TCP_scan,1,0.98282,0.00000,0.08274,0.07517,0.88038,0.88038,0.88608,0.35394,0.31546,0.07395,0.28906,0.00000,0.00000,0.09903,0.99820,0.00000,1,0,0
NMAP_TCP_scan,1,0.78341,0.00000,0.08274,0.07517,0.95000,0.95000,0.95238,0.35394,0.31546,0.07395,0.28906,0.00000,0.00000,0.05895,0.99820,0.00000,1,0,0
NMAP_TCP_scan,1,0.67026,0.00000,0.08274,0.07517,0.90000,0.90000,0.90476,0.35394,0.31546,0.07395,0.28906,0.00000,0.00000,0.08681,0.99820,0.00000,1,0,0
NMAP_TCP_scan,1,0.62609,0.00000,0.08274,0.07517,0.88038,0.88038,0.88608,0.35394,0.31546,0.07395,0.28906,0.00000,0.00000,0.09903,0.99820,0.00000,1,0,0
NMAP_TCP_scan,1,0.97580,0.00000,0.08274,0.07517,0.77382,0.77382,0.78459,0.35394,0.31546,0.07395,0.28906,0.00000,0.00000,0.17304,0.99820,0.00000,1,0,0
NMAP_TCP_scan,1,0.78398,0.00000,0.08274,0.07517,0.88038,0.88038,0.88608,0.35394,0.31546,0.07395,0.28906,0.00000,0.00000,0.09903,0.99820,0.00000,1,0,0
NMAP_TCP_scan,1,0.81494,0.00000,0.08274,0.07517,0.91498,0.91498,0.91903,0.35394,0.31546,0.07395,0.28906,0.00000,0.00000,0.07793,0.99820,0.00000,1,0,0
NMAP_TCP_scan,1,0.86725,0.00000,0.08274,0.07517,0.98390,0.98390,0.98467,0.35394,0.31546,0.07395,0.28906,0.00000,0.00000,0.04335,0.99820,0.00000,1,0,0
NMAP_TCP_scan,1,0.65556,0.00000,0.08274,0.07517,1.00000,1.00000,1.00000,0.35394,0.31546,0.07395,0.28906,0.00000,0.00000,0.03699,0.99820,0.00000,1,0,0
NMAP_TCP_scan,1,0.78157,0.00000,0.08274,0.07517,0.89563,0.89563,0.90060,0.35394,0.31546,0.07395,0.28906,0.00000,0.00000,0.08948,0.99820,0.00000,1,0,0
NMAP_TCP_scan,1,0.67915,0.00000,0.08274,0.07517,0.91498,0.91498,0.91903,0.35394,0.31546,0.07395,0.28906,0.00000,0.00000,0.07793,0.99820,0.00000,1,0,0
NMAP_TCP_scan,1,0.74607,0.00000,0.08274,0.07517,0.89563,0.89563,0.90060,0.35394,0.31546,0.07395,0.28906,0.00000,0.00000,0.08948,0.99820,0.00000,1,0,0
NMAP_TCP_scan,1,0.84840,0.00000,0.08274,0.07517,0.89563,0.89563,0.90060,0.35394,0.31546,0.07395,0.28906,0.00000,0.00000,0.08948,0.99820,0.00000,1,0,0
NMAP_TCP_scan,1,0.91757,0.00000,0.08274,0.07517,0.90000,0.90000,0.90476,0.35394,0.31546,0.07395,0.28906,0.00000,0.00000,0.08681,0.99820,0.00000,1,0,0
NMAP_TCP_scan,1,0.75753,0.00000,0.08274,0.07517,0.98390,0.98390,0.98467,0.35394,0.31546,0.07395,0.28906,0.00000,0.00000,0.04335,0.99820,0.00000,1,0,0
NMAP_TCP_scan,1,0.74108,0.00000,0.08274,0.07517,0.89563,0.89563,0.90060,0.35394,0.31546,0.07395,0.28906,0.00000,0.00000,0.08948,0.99820,0.00000,1,0,0
NMAP_TCP_scan,1,0.81078,0.00000,0.08274,0.07517,0.88038,0.88038,0.88608,0.35394,0.31546,0.07395,0.28906,0.00000,0.00000,0.09903,0.99820,0.00000,1,0,0
NMAP_TCP_scan,1,0.77169,0.00000,0.08274,0.07517,0.88038,0.88038,0.88608,0.35394,0.31546,0.07395,0.28906,0.00000,0.00000,0.09903,0.99820,0.00000,1,0,0
NMAP_TCP_scan,1,0.88305,0.00000,0.08274,0.07517,0.89563,0.89563,0.90060,0.35394,0.31546,0.07395,0.28906,0.00000,0.00000,0.08948,0.99820,0.00000,1,0,0
NMAP_TCP_scan,1,0.73261,0.00000,0.08274,0.07517,0.98390,0.98390,0.98467,0.35394,0.31546,0.07395,0.28906,0.00000,0.00000,0.04335,0.99820,0.00000,1,0,0
NMAP_TCP_scan,1,0.83282,0.00000,0.08274,0.07517,0.91498,0.91498,0.91903,0.35394,0.31546,0.07395,0.28906,0.00000,0.00000,0.07793,0.99820,0.00000,1,0,0
NMAP_TCP_scan,1,0.29724,0.00000,0.08274,0.07517,0.89563,0.89563,0.90060,0.35394,0.31546,0.07395,0.28906,0.00000,0.00000,0.08948,0.99820,0.00000,1,0,0
NMAP_TCP_scan,1,0.68733,0.00000,0.08274,0.07517,0.88038,0.88038,0.88608,0.35394,0.31546,0.07395,0.28906,0.00000,0.00000,0.09903,0.99820,0.00000,1,0,0
NMAP_TCP_scan,1,0.67630,0.00000,0.08274,0.07517,0.88038,0.88038,0.88608,0.35394,0.31546,0.07395,0.28906,0.00000,0.00000,0.09903,0.99820,0.00000,1,0,0
NMAP_TCP_scan,1,0.79858,0.00000,0.08274,0.07517,0.88038,0.88038,0.88608,0.35394,0.31546,0.07395,0.28906,0.00000,0.00000,0.09903,0.99820,0.00000,1,0,0
NMAP_TCP_scan,1,0.58978,0.00000,0.08274,0.07517,0.98390,0.98390,0.98467,0.35394,0.31546,0.07395,0.28906,0.00000,0.00000,0.04335,0.99820,0.00000,1,0,0
NMAP_TCP_scan,1,0.70769,0.00000,0.08274,0.07517,1.00000,1.00000,1.00000,0.35394,0.31546,0.07395,0.28906,0.00000,0.00000,0.03699,0.99820,0.00000,1,0,0
NMAP_TCP_scan,1,0.97428,0.00000,0.08274,0.07517,0.73620,0.73620,0.74876,0.35394,0.31546,0.07395,0.28906,0.00000,0.00000,0.20086,0.99820,0.00000,1,0,0
NMAP_TCP_scan,1,0.97581,0.00000,0.08274,0.07517,0.95000,0.95000,0.95238,0.35394,0.31546,0.07395,0.28906,0.00000,0.00000,0.05895,0.99820,0.00000,1,0,0
NMAP_TCP_scan,1,0.82991,0.00000,0.08274,0.07517,0.88038,0.88038,0.88608,0.35394,0.31546,0.07395,0.28906,0.00000,0.00000,0.09903,0.99820,0.00000,1,0,0
NMAP_TCP_scan,1,0.81166,0.00000,0.08274,0.07517,0.89563,0.89563,0.90060,0.35394,0.31546,0.07395,0.28906,0.00000,0.00000,0.08948,0.99820,0.00000,1,0,0
NMAP_TCP_scan,1,0.80623,0.00000,0.08274,0.07517,0.94150,0.94150,0.94429,0.35394,0.31546,0.07395,0.28906,0.00000,0.00000,0.06331,0.99820,0.00000,1,0,0
NMAP_TCP_scan,1,0.78464,0.00000,0.08274,0.07517,0.95000,0.95000,0.95238,0.35394,0.31546,0.07395,0.28906,0.00000,0.00000,0.05895,0.99820,0.00000,1,0,0
NMAP_TCP_scan,1,0.39520,0.00000,0.08274,0.07517,0.95000,0.95000,0.95238,0.35394,0.31546,0.07395,0.28906,0.00000,0.00000,0.05895,0.99820,0.00000,1,0,0
NMAP_TCP_scan,1,0.97427,0.00000,0.08274,0.07517,0.98390,0.98390,0.98467,0.35394,0.31546,0.07395,0.28906,0.00000,0.00000,0.04335,0.99820,0.00000,1,0,0
NMAP_TCP_scan,1,0.89416,0.00000,0.08274,0.07517,0.91498,0.91498,0.91903,0.35394,0.31546,0.07395,0.28906,0.00000,0.00000,0.07793,0.99820,0.00000,1,0,0
NMAP_TCP_scan,1,0.63822,0.00000,0.08274,0.07517,0.94150,0.94150,0.94429,0.35394,0.31546,0.07395,0.28906,0.00000,0.00000,0.06331,0.99820,0.00000,1,0,0
NMAP_TCP_scan,1,0.79410,0.00000,0.08274,0.07517,0.86781,0.86781,0.87410,0.35394,0.31546,0.07395,0.28906,0.00000,0.00000,0.10717,0.99820,0.00000,1,0,0
NMAP_TCP_scan,1,0.82605,0.00000,0.08274,0.07517,0.90000,0.90000,0.90476,0.35394,0.31546,0.07395,0.28906,0.00000,0.00000,0.08681,0.99820,0.00000,1,0,0
NMAP_TCP_scan,1,0.82321,0.00000,0.08274,0.07517,0.74002,0.74002,0.75240,0.35394,0.31546,0.07395,0.28906,0.00000,0.00000,0.19802,0.99820,0.00000,1,0,0
NMAP_TCP_scan,1,0.77691,0.00000,0.08274,0.07517,0.89563,0.89563,0.90060,0.35394,0.31546,0.07395,0.28906,0.00000,0.00000,0.08948,0.99820,0.00000,1,0,0
NMAP_TCP_scan,1,0.98080,0.00000,0.08274,0.07517,0.88038,0.88038,0.88608,0.35394,0.31546,0.07395,0.28906,0.00000,0.00000,0.09903,0.99820,0.00000,1,0,0
NMAP_TCP_scan,1,0.63183,0.00000,0.08274,0.07517,1.00000,1.00000,1.00000,0.35394,0.31546,0.07395,0.28906,0.00000,0.00000,0.03699,0.99820,0.00000,1,0,0
NMAP_TCP_scan,1,0.98075,0.00000,0.08274,0.07517,0.95000,0.95000,0.95238,0.35394,0.31546,0.07395,0.28906,0.00000,0.00000,0.05895,0.99820,0.00000,1,0,0
NMAP_TCP_scan,1,0.93929,0.00000,0.08274,0.07517,0.94150,0.94150,0.94429,0.35394,0.31546,0.07395,0.28906,0.00000,0.00000,0.06331,0.99820,0.00000,1,0,0
NMAP_TCP_scan,1,0.86100,0.00000,0.08274,0.07517,0.86781,0.86781,0.87410,0.35394,0.31546,0.07395,0.28906,0.00000,0.00000,0.10717,0.99820,0.00000,1,0,0
NMAP_TCP_scan,1,0.73537,0.00000,0.08274,0.07517,0.74201,0.74201,0.75429,0.35394,0.31546,0.07395,0.28906,0.00000,0.00000,0.19654,0.99820,0.00000,1,0,0
NMAP_TCP_scan,1,0.62678,0.00000,0.08274,0.07517,0.95000,0.95000,0.95238,0.35394,0.31546,0.07395,0.28906,0.00000,0.00000,0.05895,0.99820,0.00000,1,0,0
NMAP_TCP_scan,1,0.75081,0.00000,0.08274,0.07517,0.88038,0.88038,0.88608,0.35394,0.31546,0.07395,0.28906,0.00000,0.00000,0.09903,0.99820,0.00000,1,0,0
NMAP_TCP_scan,1,0.84966,0.00000,0.08274,0.07517,0.80587,0.80587,0.81511,0.35394,0.31546,0.07395,0.28906,0.00000,0.00000,0.14983,0.99820,0.00000,1,0,0
NMAP_TCP_scan,1,0.83609,0.00000,0.08274,0.07517,0.89563,0.89563,0.90060,0.35394,0.31546,0.07395,0.28906,0.00000,0.00000,0.08948,0.99820,0.00000,1,0,0
NMAP_TCP_scan,1,0.78402,0.00000,0.08274,0.07517,0.88038,0.88038,0.88608,0.35394,0.31546,0.07395,0.28906,0.00000,0.00000,0.09903,0.99820,0.00000,1,0,0
NMAP_TCP_scan,1,0.82314,0.00000,0.08274,0.07517,1.00000,1.00000,1.00000,0.35394,0.31546,0.07395,0.28906,0.00000,0.00000,0.03699,0.99820,0.00000,1,0,0
NMAP_TCP_scan,1,0.68994,0.00000,0.08274,0.07517,0.89563,0.89563,0.90060,0.35394,0.31546,0.07395,0.28906,0.00000,0.00000,0.08948,0.99820,0.00000,1,0,0
NMAP_TCP_scan,1,0.62397,0.00000,0.08274,0.07517,0.89563,0.89563,0.90060,0.35394,0.31546,0.07395,0.28906,0.00000,0.00000,0.08948,0.99820,0.00000,1,0,0
NMAP_TCP_scan,1,0.80105,0.00000,0.08274,0.07517,0.98390,0.98390,0.98467,0.35394,0.31546,0.07395,0.28906,0.00000,0.00000,0.04335,0.99820,0.00000,1,0,0
NMAP_TCP_scan,1,0.63353,0.00000,0.08274,0.07517,0.78039,0.78039,0.79084,0.35394,0.31546,0.07395,0.28906,0.00000,0.00000,0.16824,0.99820,0.00000,1,0,0
NMAP_TCP_scan,1,0.40067,0.00000,0.08274,0.07517,0.89563,0.89563,0.90060,0.35394,0.31546,0.07395,0.28906,0.00000,0.00000,0.08948,0.99820,0.00000,1,0,0
NMAP_TCP_scan,1,0.77518,0.00000,0.08274,0.07517,0.88038,0.88038,0.88608,0.35394,0.31546,0.07395,0.28906,0.00000,0.00000,0.09903,0.99820,0.00000,1,0,0
NMAP_TCP_scan,1,0.81055,0.00000,0.08274,0.07517,1.00000,1.00000,1.00000,0.35394,0.31546,0.07395,0.28906,0.00000,0.00000,0.03699,0.99820,0.00000,1,0,0
NMAP_TCP_scan,1,0.86380,0.00000,0.08274,0.07517,0.95000,0.95000,0.95238,0.35394,0.31546,0.07395,0.28906,0.00000,0.00000,0.05895,0.99820,0.00000,1,0,0
NMAP_TCP_scan,1,0.62858,0.00000,0.08274,0.07517,0.86781,0.86781,0.87410,0.35394,0.31546,0.07395,0.28906,0.00000,0.00000,0.10717,0.99820,0.00000,1,0,0
NMAP_TCP_scan,1,0.31534,0.00000,0.08274,0.07517,0.94150,0.94150,0.94429,0.35394,0.31546,0.07395,0.28906,0.00000,0.00000,0.06331,0.99820,0.00000,1,0,0
NMAP_TCP_scan,1,0.72210,0.00000,0.08274,0.07517,0.88038,0.88038,0.88608,0.35394,0.31546,0.07395,0.28906,0.00000,0.00000,0.09903,0.99820,0.00000,1,0,0
NMAP_TCP_scan,1,0.66543,0.00000,0.08274,0.07517,0.94150,0.94150,0.94429,0.35394,0.31546,0.07395,0.28906,0.00000,0.00000,0.06331,0.99820,0.00000,1,0,0
NMAP_TCP_scan,1,0.98720,0.00000,0.08274,0.07517,0.95000,0.95000,0.95238,0.35394,0.31546,0.07395,0.28906,0.00000,0.00000,0.05895,0.99820,0.00000,1,0,0
NMAP_TCP_scan,1,0.62513,0.00000,0.08274,0.07517,0.95000,0.95000,0.95238,0.35394,0.31546,0.07395,0.28906,0.00000,0.00000,0.05895,0.99820,0.00000,1,0,0
NMAP_TCP_scan,1,0.70537,0.00000,0.08274,0.07517,0.90000,0.90000,0.90476,0.35394,0.31546,0.07395,0.28906,0.00000,0.00000,0.08681,0.99820,0.00000,1,0,0
NMAP_TCP_scan,1,0.80799,0.00000,0.08274,0.07517,1.00000,1.00000,1.00000,0.35394,0.31546,0.07395,0.28906,0.00000,0.00000,0.03699,0.99820,0.00000,1,0,0
NMAP_TCP_scan,1,0.62968,0.00000,0.08274,0.07517,0.98390,0.98390,0.98467,0.35394,0.31546,0.07395,0.28906,0.00000,0.00000,0.04335,0.99820,0.00000,1,0,0
NMAP_TCP_scan,1,0.70194,0.00000,0.08274,0.07517,0.86781,0.86781,0.87410,0.35394,0.31546,0.07395,0.28906,0.00000,0.00000,0.10717,0.99820,0.00000,1,0,0
NMAP_TCP_scan,1,0.74503,0.00000,0.08274,0.07517,0.77304,0.77304,0.78385,0.35394,0.31546,0.07395,0.28906,0.00000,0.00000,0.17361,0.99820,0.00000,1,0,0
NMAP_TCP_scan,1,0.83087,0.00000,0.08274,0.07517,0.89563,0.89563,0.90060,0.35394,0.31546,0.07395,0.28906,0.00000,0.00000,0.08948,0.99820,0.00000,1,0,0
NMAP_TCP_scan,1,0.78331,0.00000,0.08274,0.07517,0.88038,0.88038,0.88608,0.35394,0.31546,0.07395,0.28906,0.00000,0.00000,0.09903,0.99820,0.00000,1,0,0
NMAP_TCP_scan,1,0.73207,0.00000,0.08274,0.07517,0.88038,0.88038,0.88608,0.35394,0.31546,0.07395,0.28906,0.00000,0.00000,0.09903,0.99820,0.00000,1,0,0
NMAP_TCP_scan,1,0.81377,0.00000,0.08274,0.07517,1.00000,1.00000,1.00000,0.35394,0.31546,0.07395,0.28906,0.00000,0.00000,0.03699,0.99820,0.00000,1,0,0
NMAP_TCP_scan,1,0.95611,0.00000,0.08274,0.07517,0.91498,0.91498,0.91903,0.35394,0.31546,0.07395,0.28906,0.00000,0.00000,0.07793,0.99820,0.00000,1,0,0
NMAP_TCP_scan,1,0.50850,0.00000,0.08274,0.07517,0.89563,0.89563,0.90060,0.35394,0.31546,0.07395,0.28906,0.00000,0.00000,0.08948,0.99820,0.00000,1,0,0
NMAP_TCP_scan,1,0.81065,0.00000,0.08274,0.07517,0.91498,0.91498,0.91903,0.35394,0.31546,0.07395,0.28906,0.00000,0.00000,0.07793,0.99820,0.00000,1,0,0
NMAP_TCP_scan,1,0.62217,0.00000,0.08274,0.07517,0.95000,0.95000,0.95238,0.35394,0.31546,0.07395,0.28906,0.00000,0.00000,0.05895,0.99820,0.00000,1,0,0
NMAP_TCP_scan,1,0.89331,0.00000,0.08274,0.07517,0.86498,0.86498,0.87141,0.35394,0.31546,0.07395,0.28906,0.00000,0.00000,0.10903,0.99820,0.00000,1,0,0
NMAP_TCP_scan,1,0.63001,0.00000,0.08274,0.07517,0.91498,0.91498,0.91903,0.35394,0.31546,0.07395,0.28906,0.00000,0.00000,0.07793,0.99820,0.00000,1,0,0
NMAP_TCP_scan,1,0.77029,0.00000,0.08274,0.07517,0.94150,0.94150,0.94429,0.35394,0.31546,0.07395,0.28906,0.00000,0.00000,0.06331,0.99820,0.00000,1,0,0
NMAP_TCP_scan,1,0.67200,0.00000,0.08274,0.07517,0.88038,0.88038,0.88608,0.35394,0.31546,0.07395,0.28906,0.00000,0.00000,0.09903,0.99820,0.00000,1,0,0
NMAP_TCP_scan,1,0.79572,0.00000,0.08274,0.07517,0.91498,0.91498,0.91903,0.35394,0.31546,0.07395,0.28906,0.00000,0.00000,0.07793,0.99820,0.00000,1,0,0
NMAP_TCP_scan,1,0.73312,0.00000,0.08274,0.07517,0.92075,0.92075,0.92453,0.35394,0.31546,0.07395,0.28906,0.00000,0.00000,0.07462,0.99820,0.00000,1,0,0
NMAP_TCP_scan,1,0.75090,0.00000,0.08274,0.07517,0.92075,0.92075,0.92453,0.35394,0.31546,0.07395,0.28906,0.00000,0.00000,0.07462,0.99820,0.00000,1,0,0
NMAP_TCP_scan,1,0.68773,0.00000,0.08274,0.07517,0.98390,0.98390,0.98467,0.35394,0.31546,0.07395,0.28906,0.00000,0.00000,0.04335,0.99820,0.00000,1,0,0
NMAP_TCP_scan,1,0.83015,0.00000,0.08274,0.07517,0.90000,0.90000,0.90476,0.35394,0.31546,0.07395,0.28906,0.00000,0.00000,0.08681,0.99820,0.00000,1,0,0
NMAP_TCP_scan,1,0.62704,0.00000,0.08274,0.07517,1.00000,1.00000,1.00000,0.35394,0.31546,0.07395,0.28906,0.00000,0.00000,0.03699,0.99820,0.00000,1,0,0
NMAP_TCP_scan,1,0.72962,0.00000,0.08274,0.07517,1.00000,1.00000,1.00000,0.35394,0.31546,0.07395,0.28906,0.00000,0.00000,0.03699,0.99820,0.00000,1,0,0
NMAP_TCP_scan,1,0.87313,0.00000,0.08274,0.07517,0.86781,0.86781,0.87410,0.35394,0.31546,0.07395,0.28906,0.00000,0.00000,0.10717,0.99820,0.00000,1,0,0
NMAP_TCP_scan,1,0.68312,0.00000,0.08274,0.07517,0.90000,0.90000,0.90476,0.35394,0.31546,0.07395,0.28906,0.00000,0.00000,0.08681,0.99820,0.00000,1,0,0
NMAP_TCP_scan,1,0.76821,0.00000,0.08274,0.07517,0.88038,0.88038,0.88608,0.35394,0.31546,0.07395,0.28906,0.00000,0.00000,0.09903,0.99820,0.00000,1,0,0
NMAP_TCP_scan,1,0.68577,0.00000,0.08274,0.07517,0.88038,0.88038,0.88608,0.35394,0.31546,0.07395,0.28906,0.00000,0.00000,0.09903,0.99820,0.00000,1,0,0
NMAP_TCP_scan,1,0.79939,0.00000,0.08274,0.07517,0.89563,0.89563,0.90060,0.35394,0.31546,0.07395,0.28906,0.00000,0.00000,0.08948,0.99820,0.00000,1,0,0
NMAP_TCP_scan,1,0.83139,0.00000,0.08274,0.07517,1.00000,1.00000,1.00000,0.35394,0.31546,0.07395,0.28906,0.00000,0.00000,0.03699,0.99820,0.00000,1,0,0
NMAP_TCP_scan,1,0.83074,0.00000,0.08274,0.07517,0.92075,0.92075,0.92453,0.35394,0.31546,0.07395,0.28906,0.00000,0.00000,0.07462,0.99820,0.00000,1,0,0
NMAP_TCP_scan,1,0.78691,0.00000,0.08274,0.07517,0.98390,0.98390,0.98467,0.35394,0.31546,0.07395,0.28906,0.00000,0.00000,0.04335,0.99820,0.00000,1,0,0
NMAP_TCP_scan,1,0.80825,0.00000,0.08274,0.07517,1.00000,1.00000,1.00000,0.35394,0.31546,0.07395,0.28906,0.00000,0.00000,0.03699,0.99820,0.00000,1,0,0
NMAP_TCP_scan,1,0.95771,0.00000,0.08274,0.07517,0.92075,0.92075,0.92453,0.35394,0.31546,0.07395,0.28906,0.00000,0.00000,0.07462,0.99820,0.00000,1,0,0
NMAP_TCP_scan,1,0.78323,0.00000,0.08274,0.07517,1.00000,1.00000,1.00000,0.35394,0.31546,0.07395,0.28906,0.00000,0.00000,0.03699,0.99820,0.00000,1,0,0
NMAP_TCP_scan,1,0.73717,0.00000,0.08274,0.07517,1.00000,1.00000,1.00000,0.35394,0.31546,0.07395,0.28906,0.00000,0.00000,0.03699,0.99820,0.00000,1,0,0
NMAP_TCP_scan,1,0.62867,0.00000,0.08274,0.07517,1.00000,1.00000,1.00000,0.35394,0.31546,0.07395,0.28906,0.00000,0.00000,0.03699,0.99820,0.00000,1,0,0
NMAP_TCP_scan,1,0.63417,0.00000,0.08274,0.07517,0.88038,0.88038,0.88608,0.35394,0.31546,0.07395,0.28906,0.00000,0.00000,0.09903,0.99820,0.00000,1,0,0
NMAP_TCP_scan,1,0.64217,0.00000,0.08274,0.07517,0.78039,0.78039,0.79084,0.35394,0.31546,0.07395,0.28906,0.00000,0.00000,0.16824,0.99820,0.00000,1,0,0
NMAP_TCP_scan,1,0.92259,0.00000,0.08274,0.07517,0.88038,0.88038,0.88608,0.35394,0.31546,0.07395,0.28906,0.00000,0.00000,0.09903,0.99820,0.00000,1,0,0
NMAP_TCP_scan,1,0.65550,0.00000,0.08274,0.07517,0.91498,0.91498,0.91903,0.35394,0.31546,0.07395,0.28906,0.00000,0.00000,0.07793,0.99820,0.00000,1,0,0
NMAP_TCP_scan,1,0.63150,0.00000,0.08274,0.07517,0.89563,0.89563,0.90060,0.35394,0.31546,0.07395,0.28906,0.00000,0.00000,0.08948,0.99820,0.00000,1,0,0
NMAP_TCP_scan,1,0.65448,0.00000,0.08274,0.07517,0.89563,0.89563,0.90060,0.35394,0.31546,0.07395,0.28906,0.00000,0.00000,0.08948,0.99820,0.00000,1,0,0
NMAP_TCP_scan,1,0.93772,0.00000,0.08274,0.07517,0.88038,0.88038,0.88608,0.35394,0.31546,0.07395,0.28906,0.00000,0.00000,0.09903,0.99820,0.00000,1,0,0
NMAP_TCP_scan,1,0.81064,0.00000,0.08274,0.07517,0.95000,0.95000,0.95238,0.35394,0.31546,0.07395,0.28906,0.00000,0.00000,0.05895,0.99820,0.00000,1,0,0
NMAP_TCP_scan,1,0.84015,0.00000,0.08274,0.07517,1.00000,1.00000,1.00000,0.35394,0.31546,0.07395,0.28906,0.00000,0.00000,0.03699,0.99820,0.00000,1,0,0
NMAP_TCP_scan,1,0.80757,0.00000,0.08274,0.07517,0.88038,0.88038,0.88608,0.35394,0.31546,0.07395,0.28906,0.00000,0.00000,0.09903,0.99820,0.00000,1,0,0
NMAP_TCP_scan,1,0.82110,0.00000,0.08274,0.07517,1.00000,1.00000,1.00000,0.35394,0.31546,0.07395,0.28906,0.00000,0.00000,0.03699,0.99820,0.00000,1,0,0
NMAP_TCP_scan,1,0.74076,0.00000,0.08274,0.07517,0.91498,0.91498,0.91903,0.35394,0.31546,0.07395,0.28906,0.00000,0.00000,0.07793,0.99820,0.00000,1,0,0
NMAP_TCP_scan,1,0.66907,0.00000,0.08274,0.07517,0.88038,0.88038,0.88608,0.35394,0.31546,0.07395,0.28906,0.00000,0.00000,0.09903,0.99820,0.00000,1,0,0
NMAP_TCP_scan,1,0.83562,0.00000,0.08274,0.07517,0.86498,0.86498,0.87141,0.35394,0.31546,0.07395,0.28906,0.00000,0.00000,0.10903,0.99820,0.00000,1,0,0
NMAP_TCP_scan,1,0.68554,0.00000,0.08274,0.07517,0.88038,0.88038,0.88608,0.35394,0.31546,0.07395,0.28906,0.00000,0.00000,0.09903,0.99820,0.00000,1,0,0
NMAP_TCP_scan,1,0.76998,0.00000,0.08274,0.07517,0.89563,0.89563,0.90060,0.35394,0.31546,0.07395,0.28906,0.00000,0.00000,0.08948,0.99820,0.00000,1,0,0
NMAP_TCP_scan,1,0.82214,0.00000,0.08274,0.07517,0.95000,0.95000,0.95238,0.35394,0.31546,0.07395,0.28906,0.00000,0.00000,0.05895,0.99820,0.00000,1,0,0
NMAP_TCP_scan,1,0.64070,0.00000,0.08274,0.07517,0.94150,0.94150,0.94429,0.35394,0.31546,0.07395,0.28906,0.00000,0.00000,0.06331,0.99820,0.00000,1,0,0
NMAP_TCP_scan,1,0.64644,0.00000,0.08274,0.07517,0.95000,0.95000,0.95238,0.35394,0.31546,0.07395,0.28906,0.00000,0.00000,0.05895,0.99820,0.00000,1,0,0
NMAP_TCP_scan,1,0.60150,0.00000,0.08274,0.07517,0.94150,0.94150,0.94429,0.35394,0.31546,0.07395,0.28906,0.00000,0.00000,0.06331,0.99820,0.00000,1,0,0
NMAP_TCP_scan,1,0.77533,0.00000,0.08274,0.07517,0.89563,0.89563,0.90060,0.35394,0.31546,0.07395,0.28906,0.00000,0.00000,0.08948,0.99820,0.00000,1,0,0
NMAP_TCP_scan,1,0.82215,0.00000,0.08274,0.07517,0.94150,0.94150,0.94429,0.35394,0.31546,0.07395,0.28906,0.00000,0.00000,0.06331,0.99820,0.00000,1,0,0
NMAP_TCP_scan,1,0.76815,0.00000,0.08274,0.07517,0.89563,0.89563,0.90060,0.35394,0.31546,0.07395,0.28906,0.00000,0.00000,0.08948,0.99820,0.00000,1,0,0
NMAP_TCP_scan,1,0.68990,0.00000,0.08274,0.07517,1.00000,1.00000,1.00000,0.35394,0.31546,0.07395,0.28906,0.00000,0.00000,0.03699,0.99820,0.00000,1,0,0
NMAP_TCP_scan,1,0.69373,0.00000,0.08274,0.07517,0.98390,0.98390,0.98467,0.35394,0.31546,0.07395,0.28906,0.00000,0.00000,0.04335,0.99820,0.00000,1,0,0
NMAP_TCP_scan,1,0.68436,0.00000,0.08274,0.07517,0.91498,0.91498,0.91903,0.35394,0.31546,0.07395,0.28906,0.00000,0.00000,0.07793,0.99820,0.00000,1,0,0
NMAP_TCP_scan,1,0.62371,0.00000,0.08274,0.07517,0.98390,0.98390,0.98467,0.35394,0.31546,0.07395,0.28906,0.00000,0.00000,0.04335,0.99820,0.00000,1,0,0
NMAP_TCP_scan,1,0.99291,0.00000,0.08274,0.07517,0.95000,0.95000,0.95238,0.35394,0.31546,0.07395,0.28906,0.00000,0.00000,0.05895,0.99820,0.00000,1,0,0
NMAP_TCP_scan,1,0.42714,0.00000,0.08274,0.07517,0.88038,0.88038,0.88608,0.35394,0.31546,0.07395,0.28906,0.00000,0.00000,0.09903,0.99820,0.00000,1,0,0
NMAP_TCP_scan,1,0.81600,0.00000,0.08274,0.07517,0.88038,0.88038,0.88608,0.35394,0.31546,0.07395,0.28906,0.00000,0.00000,0.09903,0.99820,0.00000,1,0,0
NMAP_TCP_scan,1,0.81146,0.00000,0.08274,0.07517,0.91498,0.91498,0.91903,0.35394,0.31546,0.07395,0.28906,0.00000,0.00000,0.07793,0.99820,0.00000,1,0,0
NMAP_TCP_scan,1,0.55393,0.00000,0.08274,0.07517,1.00000,1.00000,1.00000,0.35394,0.31546,0.07395,0.28906,0.00000,0.00000,0.03699,0.99820,0.00000,1,0,0
NMAP_TCP_scan,1,0.68482,0.00000,0.08274,0.07517,0.89563,0.89563,0.90060,0.35394,0.31546,0.07395,0.28906,0.00000,0.00000,0.08948,0.99820,0.00000,1,0,0
NMAP_TCP_scan,1,0.72213,0.00000,0.08274,0.07517,0.90000,0.90000,0.90476,0.35394,0.31546,0.07395,0.28906,0.00000,0.00000,0.08681,0.99820,0.00000,1,0,0
NMAP_TCP_scan,1,0.93770,0.00000,0.08274,0.07517,0.88038,0.88038,0.88608,0.35394,0.31546,0.07395,0.28906,0.00000,0.00000,0.09903,0.99820,0.00000,1,0,0
NMAP_TCP_scan,1,0.63583,0.00000,0.08274,0.07517,0.92075,0.92075,0.92453,0.35394,0.31546,0.07395,0.28906,0.00000,0.00000,0.07462,0.99820,0.00000,1,0,0
NMAP_TCP_scan,1,0.73349,0.00000,0.08274,0.07517,0.91498,0.91498,0.91903,0.35394,0.31546,0.07395,0.28906,0.00000,0.00000,0.07793,0.99820,0.00000,1,0,0
NMAP_TCP_scan,1,0.63059,0.00000,0.08274,0.07517,0.86781,0.86781,0.87410,0.35394,0.31546,0.07395,0.28906,0.00000,0.00000,0.10717,0.99820,0.00000,1,0,0
NMAP_TCP_scan,1,0.62951,0.00000,0.08274,0.07517,1.00000,1.00000,1.00000,0.35394,0.31546,0.07395,0.28906,0.00000,0.00000,0.03699,0.99820,0.00000,1,0,0
NMAP_TCP_scan,1,0.76184,0.00000,0.08274,0.07517,0.89563,0.89563,0.90060,0.35394,0.31546,0.07395,0.28906,0.00000,0.00000,0.08948,0.99820,0.00000,1,0,0
NMAP_TCP_scan,1,0.63943,0.00000,0.08274,0.07517,0.95000,0.95000,0.95238,0.35394,0.31546,0.07395,0.28906,0.00000,0.00000,0.05895,0.99820,0.00000,1,0,0
NMAP_TCP_scan,1,0.93774,0.00000,0.08274,0.07517,1.00000,1.00000,1.00000,0.35394,0.31546,0.07395,0.28906,0.00000,0.00000,0.03699,0.99820,0.00000,1,0,0
NMAP_TCP_scan,1,0.80964,0.00000,0.08274,0.07517,0.88038,0.88038,0.88608,0.35394,0.31546,0.07395,0.28906,0.00000,0.00000,0.09903,0.99820,0.00000,1,0,0
NMAP_TCP_scan,1,0.63958,0.00000,0.08274,0.07517,0.95000,0.95000,0.95238,0.35394,0.31546,0.07395,0.28906,0.00000,0.00000,0.05895,0.99820,0.00000,1,0,0
NMAP_TCP_scan,1,0.90553,0.00000,0.08274,0.07517,0.80710,0.80710,0.81629,0.35394,0.31546,0.07395,0.28906,0.00000,0.00000,0.14895,0.99820,0.00000,1,0,0
NMAP_TCP_scan,1,0.58926,0.00000,0.08274,0.07517,1.00000,1.00000,1.00000,0.35394,0.31546,0.07395,0.28906,0.00000,0.00000,0.03699,0.99820,0.00000,1,0,0
NMAP_TCP_scan,1,0.98808,0.00000,0.08274,0.07517,0.89563,0.89563,0.90060,0.35394,0.31546,0.07395,0.28906,0.00000,0.00000,0.08948,0.99820,0.00000,1,0,0
NMAP_TCP_scan,1,0.77943,0.00000,0.08274,0.07517,0.88038,0.88038,0.88608,0.35394,0.31546,0.07395,0.28906,0.00000,0.00000,0.09903,0.99820,0.00000,1,0,0
NMAP_TCP_scan,1,0.63321,0.00000,0.08274,0.07517,0.82382,0.82382,0.83221,0.35394,0.31546,0.07395,0.28906,0.00000,0.00000,0.13711,0.99820,0.00000,1,0,0
NMAP_TCP_scan,1,0.83069,0.00000,0.08274,0.07517,0.94150,0.94150,0.94429,0.35394,0.31546,0.07395,0.28906,0.00000,0.00000,0.06331,0.99820,0.00000,1,0,0
NMAP_TCP_scan,1,0.97427,0.00000,0.08274,0.07517,0.89563,0.89563,0.90060,0.35394,0.31546,0.07395,0.28906,0.00000,0.00000,0.08948,0.99820,0.00000,1,0,0
NMAP_TCP_scan,1,0.79849,0.00000,0.08274,0.07517,0.77001,0.77001,0.78096,0.35394,0.31546,0.07395,0.28906,0.00000,0.00000,0.17584,0.99820,0.00000,1,0,0
NMAP_TCP_scan,1,0.75545,0.00000,0.08274,0.07517,0.89563,0.89563,0.90060,0.35394,0.31546,0.07395,0.28906,0.00000,0.00000,0.08948,0.99820,0.00000,1,0,0
NMAP_TCP_scan,1,0.63158,0.00000,0.08274,0.07517,0.88038,0.88038,0.88608,0.35394,0.31546,0.07395,0.28906,0.00000,0.00000,0.09903,0.99820,0.00000,1,0,0
NMAP_TCP_scan,1,0.78610,0.00000,0.08274,0.07517,0.86781,0.86781,0.87410,0.35394,0.31546,0.07395,0.28906,0.00000,0.00000,0.10717,0.99820,0.00000,1,0,0
NMAP_TCP_scan,1,0.63232,0.00000,0.08274,0.07517,0.91498,0.91498,0.91903,0.35394,0.31546,0.07395,0.28906,0.00000,0.00000,0.07793,0.99820,0.00000,1,0,0
NMAP_TCP_scan,1,0.46834,0.00000,0.08274,0.07517,0.94150,0.94150,0.94429,0.35394,0.31546,0.07395,0.28906,0.00000,0.00000,0.06331,0.99820,0.00000,1,0,0
NMAP_TCP_scan,1,0.58074,0.00000,0.08274,0.07517,0.86781,0.86781,0.87410,0.35394,0.31546,0.07395,0.28906,0.00000,0.00000,0.10717,0.99820,0.00000,1,0,0
NMAP_TCP_scan,1,0.70566,0.00000,0.08274,0.07517,1.00000,1.00000,1.00000,0.35394,0.31546,0.07395,0.28906,0.00000,0.00000,0.03699,0.99820,0.00000,1,0,0
NMAP_TCP_scan,1,0.67610,0.00000,0.08274,0.07517,0.95000,0.95000,0.95238,0.35394,0.31546,0.07395,0.28906,0.00000,0.00000,0.05895,0.99820,0.00000,1,0,0
NMAP_TCP_scan,1,0.73250,0.00000,0.08274,0.07517,0.91498,0.91498,0.91903,0.35394,0.31546,0.07395,0.28906,0.00000,0.00000,0.07793,0.99820,0.00000,1,0,0
NMAP_TCP_scan,1,0.81988,0.00000,0.08274,0.07517,0.89563,0.89563,0.90060,0.35394,0.31546,0.07395,0.28906,0.00000,0.00000,0.08948,0.99820,0.00000,1,0,0
NMAP_TCP_scan,1,0.82206,0.00000,0.08274,0.07517,1.00000,1.00000,1.00000,0.35394,0.31546,0.07395,0.28906,0.00000,0.00000,0.03699,0.99820,0.00000,1,0,0
NMAP_TCP_scan,1,0.81149,0.00000,0.08274,0.07517,0.86781,0.86781,0.87410,0.35394,0.31546,0.07395,0.28906,0.00000,0.00000,0.10717,0.99820,0.00000,1,0,0
NMAP_TCP_scan,1,0.17549,0.00000,0.08274,0.07517,1.00000,1.00000,1.00000,0.35394,0.31546,0.07395,0.28906,0.00000,0.00000,0.03699,0.99820,0.00000,1,0,0
NMAP_TCP_scan,1,0.93771,0.00000,0.08274,0.07517,0.89563,0.89563,0.90060,0.35394,0.31546,0.07395,0.28906,0.00000,0.00000,0.08948,0.99820,0.00000,1,0,0
NMAP_TCP_scan,1,0.62565,0.00000,0.08274,0.07517,0.88038,0.88038,0.88608,0.35394,0.31546,0.07395,0.28906,0.00000,0.00000,0.09903,0.99820,0.00000,1,0,0
NMAP_TCP_scan,1,0.70130,0.00000,0.08274,0.07517,0.88038,0.88038,0.88608,0.35394,0.31546,0.07395,0.28906,0.00000,0.00000,0.09903,0.99820,0.00000,1,0,0
NMAP_TCP_scan,1,0.79292,0.00000,0.08274,0.07517,0.95000,0.95000,0.95238,0.35394,0.31546,0.07395,0.28906,0.00000,0.00000,0.05895,0.99820,0.00000,1,0,0
NMAP_TCP_scan,1,0.73264,0.00000,0.08274,0.07517,0.88038,0.88038,0.88608,0.35394,0.31546,0.07395,0.28906,0.00000,0.00000,0.09903,0.99820,0.00000,1,0,0
NMAP_TCP_scan,1,0.73309,0.00000,0.08274,0.07517,0.85710,0.85710,0.86391,0.35394,0.31546,0.07395,0.28906,0.00000,0.00000,0.11427,0.99820,0.00000,1,0,0
NMAP_TCP_scan,1,0.79272,0.00000,0.08274,0.07517,0.86781,0.86781,0.87410,0.35394,0.31546,0.07395,0.28906,0.00000,0.00000,0.10717,0.99820,0.00000,1,0,0
NMAP_TCP_scan,1,0.62934,0.00000,0.08274,0.07517,0.95000,0.95000,0.95238,0.35394,0.31546,0.07395,0.28906,0.00000,0.00000,0.05895,0.99820,0.00000,1,0,0
NMAP_TCP_scan,1,0.81300,0.00000,0.08274,0.07517,0.89563,0.89563,0.90060,0.35394,0.31546,0.07395,0.28906,0.00000,0.00000,0.08948,0.99820,0.00000,1,0,0
NMAP_TCP_scan,1,0.67179,0.00000,0.08274,0.07517,0.89563,0.89563,0.90060,0.35394,0.31546,0.07395,0.28906,0.00000,0.00000,0.08948,0.99820,0.00000,1,0,0
NMAP_TCP_scan,1,0.97227,0.00000,0.08274,0.07517,0.89563,0.89563,0.90060,0.35394,0.31546,0.07395,0.28906,0.00000,0.00000,0.08948,0.99820,0.00000,1,0,0
NMAP_TCP_scan,1,0.79184,0.00000,0.08274,0.07517,0.88038,0.88038,0.88608,0.35394,0.31546,0.07395,0.28906,0.00000,0.00000,0.09903,0.99820,0.00000,1,0,0
NMAP_TCP_scan,1,0.50045,0.00000,0.08274,0.07517,0.88038,0.88038,0.88608,0.35394,0.31546,0.07395,0.28906,0.00000,0.00000,0.09903,0.99820,0.00000,1,0,0
NMAP_TCP_scan,1,0.56808,0.00000,0.08274,0.07517,0.95000,0.95000,0.95238,0.35394,0.31546,0.07395,0.28906,0.00000,0.00000,0.05895,0.99820,0.00000,1,0,0
NMAP_TCP_scan,1,0.79274,0.00000,0.08274,0.07517,0.89563,0.89563,0.90060,0.35394,0.31546,0.07395,0.28906,0.00000,0.00000,0.08948,0.99820,0.00000,1,0,0
NMAP_TCP_scan,1,0.81496,0.00000,0.08274,0.07517,0.95000,0.95000,0.95238,0.35394,0.31546,0.07395,0.28906,0.00000,0.00000,0.05895,0.99820,0.00000,1,0,0
NMAP_TCP_scan,1,0.63224,0.00000,0.08274,0.07517,0.89563,0.89563,0.90060,0.35394,0.31546,0.07395,0.28906,0.00000,0.00000,0.08948,0.99820,0.00000,1,0,0
NMAP_TCP_scan,1,0.75757,0.00000,0.08274,0.07517,0.89563,0.89563,0.90060,0.35394,0.31546,0.07395,0.28906,0.00000,0.00000,0.08948,0.99820,0.00000,1,0,0
NMAP_TCP_scan,1,0.41622,0.00000,0.08274,0.07517,0.90000,0.90000,0.90476,0.35394,0.31546,0.07395,0.28906,0.00000,0.00000,0.08681,0.99820,0.00000,1,0,0
NMAP_TCP_scan,1,0.62722,0.00000,0.08274,0.07517,1.00000,1.00000,1.00000,0.35394,0.31546,0.07395,0.28906,0.00000,0.00000,0.03699,0.99820,0.00000,1,0,0
NMAP_TCP_scan,1,0.70923,0.00000,0.08274,0.07517,0.95000,0.95000,0.95238,0.35394,0.31546,0.07395,0.28906,0.00000,0.00000,0.05895,0.99820,0.00000,1,0,0
NMAP_TCP_scan,1,0.62730,0.00000,0.08274,0.07517,0.88038,0.88038,0.88608,0.35394,0.31546,0.07395,0.28906,0.00000,0.00000,0.09903,0.99820,0.00000,1,0,0
NMAP_TCP_scan,1,0.41532,0.00000,0.08274,0.07517,0.88038,0.88038,0.88608,0.35394,0.31546,0.07395,0.28906,0.00000,0.00000,0.09903,0.99820,0.00000,1,0,0
NMAP_TCP_scan,1,0.69397,0.00000,0.08274,0.07517,0.78390,0.78390,0.79419,0.35394,0.31546,0.07395,0.28906,0.00000,0.00000,0.16568,0.99820,0.00000,1,0,0
NMAP_TCP_scan,1,0.74362,0.00000,0.08274,0.07517,0.95000,0.95000,0.95238,0.35394,0.31546,0.07395,0.28906,0.00000,0.00000,0.05895,0.99820,0.00000,1,0,0
NMAP_TCP_scan,1,0.62816,0.00000,0.08274,0.07517,0.86498,0.86498,0.87141,0.35394,0.31546,0.07395,0.28906,0.00000,0.00000,0.10903,0.99820,0.00000,1,0,0
NMAP_TCP_scan,1,0.64679,0.00000,0.08274,0.07517,1.00000,1.00000,1.00000,0.35394,0.31546,0.07395,0.28906,0.00000,0.00000,0.03699,0.99820,0.00000,1,0,0
NMAP_TCP_scan,1,0.79985,0.00000,0.08274,0.07517,0.98390,0.98390,0.98467,0.35394,0.31546,0.07395,0.28906,0.00000,0.00000,0.04335,0.99820,0.00000,1,0,0
NMAP_TCP_scan,1,0.26067,0.00000,0.08274,0.07517,0.89563,0.89563,0.90060,0.35394,0.31546,0.07395,0.28906,0.00000,0.00000,0.08948,0.99820,0.00000,1,0,0
NMAP_TCP_scan,1,0.82119,0.00000,0.08274,0.07517,0.90000,0.90000,0.90476,0.35394,0.31546,0.07395,0.28906,0.00000,0.00000,0.08681,0.99820,0.00000,1,0,0
NMAP_TCP_scan,1,0.77214,0.00000,0.08274,0.07517,1.00000,1.00000,1.00000,0.35394,0.31546,0.07395,0.28906,0.00000,0.00000,0.03699,0.99820,0.00000,1,0,0
NMAP_TCP_scan,1,0.78308,0.00000,0.08274,0.07517,0.88038,0.88038,0.88608,0.35394,0.31546,0.07395,0.28906,0.00000,0.00000,0.09903,0.99820,0.00000,1,0,0
NMAP_TCP_scan,1,0.58673,0.00000,0.08274,0.07517,0.95000,0.95000,0.95238,0.35394,0.31546,0.07395,0.28906,0.00000,0.00000,0.05895,0.99820,0.00000,1,0,0
NMAP_TCP_scan,1,0.67910,0.00000,0.08274,0.07517,0.95000,0.95000,0.95238,0.35394,0.31546,0.07395,0.28906,0.00000,0.00000,0.05895,0.99820,0.00000,1,0,0
NMAP_TCP_scan,1,0.64476,0.00000,0.08274,0.07517,0.91498,0.91498,0.91903,0.35394,0.31546,0.07395,0.28906,0.00000,0.00000,0.07793,0.99820,0.00000,1,0,0
NMAP_TCP_scan,1,0.72586,0.00000,0.08274,0.07517,0.90000,0.90000,0.90476,0.35394,0.31546,0.07395,0.28906,0.00000,0.00000,0.08681,0.99820,0.00000,1,0,0
NMAP_TCP_scan,1,0.78642,0.00000,0.08274,0.07517,0.86498,0.86498,0.87141,0.35394,0.31546,0.07395,0.28906,0.00000,0.00000,0.10903,0.99820,0.00000,1,0,0
NMAP_TCP_scan,1,0.81475,0.00000,0.08274,0.07517,0.94150,0.94150,0.94429,0.35394,0.31546,0.07395,0.28906,0.00000,0.00000,0.06331,0.99820,0.00000,1,0,0
NMAP_TCP_scan,1,0.83258,0.00000,0.08274,0.07517,0.95000,0.95000,0.95238,0.35394,0.31546,0.07395,0.28906,0.00000,0.00000,0.05895,0.99820,0.00000,1,0,0
NMAP_TCP_scan,1,0.74341,0.00000,0.08274,0.07517,0.95000,0.95000,0.95238,0.35394,0.31546,0.07395,0.28906,0.00000,0.00000,0.05895,0.99820,0.00000,1,0,0
NMAP_TCP_scan,1,0.96117,0.00000,0.08274,0.07517,0.89563,0.89563,0.90060,0.35394,0.31546,0.07395,0.28906,0.00000,0.00000,0.08948,0.99820,0.00000,1,0,0
NMAP_TCP_scan,1,0.93772,0.00000,0.08274,0.07517,0.92075,0.92075,0.92453,0.35394,0.31546,0.07395,0.28906,0.00000,0.00000,0.07462,0.99820,0.00000,1,0,0
NMAP_TCP_scan,1,0.73134,0.00000,0.08274,0.07517,0.95000,0.95000,0.95238,0.35394,0.31546,0.07395,0.28906,0.00000,0.00000,0.05895,0.99820,0.00000,1,0,0
NMAP_TCP_scan,1,0.64048,0.00000,0.08274,0.07517,0.90000,0.90000,0.90476,0.35394,0.31546,0.07395,0.28906,0.00000,0.00000,0.08681,0.99820,0.00000,1,0,0
NMAP_TCP_scan,1,0.62875,0.00000,0.08274,0.07517,0.88038,0.88038,0.88608,0.35394,0.31546,0.07395,0.28906,0.00000,0.00000,0.09903,0.99820,0.00000,1,0,0
NMAP_TCP_scan,1,0.59235,0.00000,0.08274,0.07517,0.88038,0.88038,0.88608,0.35394,0.31546,0.07395,0.28906,0.00000,0.00000,0.09903,0.99820,0.00000,1,0,0
NMAP_TCP_scan,1,0.81061,0.00000,0.08274,0.07517,0.95000,0.95000,0.95238,0.35394,0.31546,0.07395,0.28906,0.00000,0.00000,0.05895,0.99820,0.00000,1,0,0
NMAP_TCP_scan,1,0.88902,0.00000,0.08274,0.07517,0.95000,0.95000,0.95238,0.35394,0.31546,0.07395,0.28906,0.00000,0.00000,0.05895,0.99820,0.00000,1,0,0
NMAP_TCP_scan,1,0.72959,0.00000,0.08274,0.07517,0.90000,0.90000,0.90476,0.35394,0.31546,0.07395,0.28906,0.00000,0.00000,0.08681,0.99820,0.00000,1,0,0
NMAP_TCP_scan,1,0.79241,0.00000,0.08274,0.07517,0.91498,0.91498,0.91903,0.35394,0.31546,0.07395,0.28906,0.00000,0.00000,0.07793,0.99820,0.00000,1,0,0
NMAP_TCP_scan,1,0.63598,0.00000,0.08274,0.07517,0.83760,0.83760,0.84534,0.35394,0.31546,0.07395,0.28906,0.00000,0.00000,0.12752,0.99820,0.00000,1,0,0
NMAP_TCP_scan,1,0.97426,0.00000,0.08274,0.07517,0.89563,0.89563,0.90060,0.35394,0.31546,0.07395,0.28906,0.00000,0.00000,0.08948,0.99820,0.00000,1,0,0
NMAP_TCP_scan,1,0.28662,0.00000,0.08274,0.07517,0.73620,0.73620,0.74876,0.35394,0.31546,0.07395,0.28906,0.00000,0.00000,0.20086,0.99820,0.00000,1,0,0
NMAP_TCP_scan,1,0.67920,0.00000,0.08274,0.07517,0.92075,0.92075,0.92453,0.35394,0.31546,0.07395,0.28906,0.00000,0.00000,0.07462,0.99820,0.00000,1,0,0
NMAP_TCP_scan,1,0.64904,0.00000,0.08274,0.07517,1.00000,1.00000,1.00000,0.35394,0.31546,0.07395,0.28906,0.00000,0.00000,0.03699,0.99820,0.00000,1,0,0
NMAP_TCP_scan,1,0.79721,0.00000,0.08274,0.07517,1.00000,1.00000,1.00000,0.35394,0.31546,0.07395,0.28906,0.00000,0.00000,0.03699,0.99820,0.00000,1,0,0
NMAP_TCP_scan,1,0.97426,0.00000,0.08274,0.07517,0.89563,0.89563,0.90060,0.35394,0.31546,0.07395,0.28906,0.00000,0.00000,0.08948,0.99820,0.00000,1,0,0
NMAP_TCP_scan,1,0.79981,0.00000,0.08274,0.07517,0.86781,0.86781,0.87410,0.35394,0.31546,0.07395,0.28906,0.00000,0.00000,0.10717,0.99820,0.00000,1,0,0
NMAP_TCP_scan,1,0.93769,0.00000,0.08274,0.07517,0.91498,0.91498,0.91903,0.35394,0.31546,0.07395,0.28906,0.00000,0.00000,0.07793,0.99820,0.00000,1,0,0
NMAP_TCP_scan,1,0.78617,0.00000,0.08274,0.07517,0.89563,0.89563,0.90060,0.35394,0.31546,0.07395,0.28906,0.00000,0.00000,0.08948,0.99820,0.00000,1,0,0
NMAP_TCP_scan,1,0.70126,0.00000,0.08274,0.07517,1.00000,1.00000,1.00000,0.35394,0.31546,0.07395,0.28906,0.00000,0.00000,0.03699,0.99820,0.00000,1,0,0
NMAP_TCP_scan,1,0.71316,0.00000,0.08274,0.07517,0.91498,0.91498,0.91903,0.35394,0.31546,0.07395,0.28906,0.00000,0.00000,0.07793,0.99820,0.00000,1,0,0
NMAP_TCP_scan,1,0.98887,0.00000,0.08274,0.07517,0.88038,0.88038,0.88608,0.35394,0.31546,0.07395,0.28906,0.00000,0.00000,0.09903,0.99820,0.00000,1,0,0
NMAP_TCP_scan,1,0.89019,0.00000,0.08274,0.07517,0.89563,0.89563,0.90060,0.35394,0.31546,0.07395,0.28906,0.00000,0.00000,0.08948,0.99820,0.00000,1,0,0
NMAP_TCP_scan,1,0.56331,0.00000,0.08274,0.07517,0.92075,0.92075,0.92453,0.35394,0.31546,0.07395,0.28906,0.00000,0.00000,0.07462,0.99820,0.00000,1,0,0
NMAP_TCP_scan,1,0.94075,0.00000,0.08274,0.07517,0.92075,0.92075,0.92453,0.35394,0.31546,0.07395,0.28906,0.00000,0.00000,0.07462,0.99820,0.00000,1,0,0
NMAP_TCP_scan,1,0.57134,0.00000,0.08274,0.07517,0.94150,0.94150,0.94429,0.35394,0.31546,0.07395,0.28906,0.00000,0.00000,0.06331,0.99820,0.00000,1,0,0
NMAP_TCP_scan,1,0.62807,0.00000,0.08274,0.07517,0.88038,0.88038,0.88608,0.35394,0.31546,0.07395,0.28906,0.00000,0.00000,0.09903,0.99820,0.00000,1,0,0
NMAP_TCP_scan,1,0.89217,0.00000,0.08274,0.07517,0.98390,0.98390,0.98467,0.35394,0.31546,0.07395,0.28906,0.00000,0.00000,0.04335,0.99820,0.00000,1,0,0
NMAP_TCP_scan,1,0.80800,0.00000,0.08274,0.07517,0.90000,0.90000,0.90476,0.35394,0.31546,0.07395,0.28906,0.00000,0.00000,0.08681,0.99820,0.00000,1,0,0
NMAP_TCP_scan,1,0.67195,0.00000,0.08274,0.07517,0.73039,0.73039,0.74322,0.35394,0.31546,0.07395,0.28906,0.00000,0.00000,0.20520,0.99820,0.00000,1,0,0
NMAP_TCP_scan,1,0.98720,0.00000,0.08274,0.07517,0.91498,0.91498,0.91903,0.35394,0.31546,0.07395,0.28906,0.00000,0.00000,0.07793,0.99820,0.00000,1,0,0
NMAP_TCP_scan,1,0.18754,0.00000,0.08274,0.07517,1.00000,1.00000,1.00000,0.35394,0.31546,0.07395,0.28906,0.00000,0.00000,0.03699,0.99820,0.00000,1,0,0
NMAP_TCP_scan,1,0.63691,0.00000,0.08274,0.07517,0.89563,0.89563,0.90060,0.35394,0.31546,0.07395,0.28906,0.00000,0.00000,0.08948,0.99820,0.00000,1,0,0
NMAP_TCP_scan,1,0.69020,0.00000,0.08274,0.07517,0.78390,0.78390,0.79419,0.35394,0.31546,0.07395,0.28906,0.00000,0.00000,0.16568,0.99820,0.00000,1,0,0
NMAP_TCP_scan,1,0.63264,0.00000,0.08274,0.07517,0.88390,0.88390,0.88943,0.35394,0.31546,0.07395,0.28906,0.00000,0.00000,0.09680,0.99820,0.00000,1,0,0
NMAP_TCP_scan,1,0.72243,0.00000,0.08274,0.07517,0.95000,0.95000,0.95238,0.35394,0.31546,0.07395,0.28906,0.00000,0.00000,0.05895,0.99820,0.00000,1,0,0
NMAP_TCP_scan,1,0.99902,0.00000,0.08274,0.07517,0.89563,0.89563,0.90060,0.35394,0.31546,0.07395,0.28906,0.00000,0.00000,0.08948,0.99820,0.00000,1,0,0
NMAP_TCP_scan,1,0.67519,0.00000,0.08274,0.07517,0.88038,0.88038,0.88608,0.35394,0.31546,0.07395,0.28906,0.00000,0.00000,0.09903,0.99820,0.00000,1,0,0
NMAP_TCP_scan,1,0.65724,0.00000,0.08274,0.07517,0.91498,0.91498,0.91903,0.35394,0.31546,0.07395,0.28906,0.00000,0.00000,0.07793,0.99820,0.00000,1,0,0
NMAP_TCP_scan,1,0.77773,0.00000,0.08274,0.07517,0.91498,0.91498,0.91903,0.35394,0.31546,0.07395,0.28906,0.00000,0.00000,0.07793,0.99820,0.00000,1,0,0
NMAP_TCP_scan,1,0.83068,0.00000,0.08274,0.07517,0.89563,0.89563,0.90060,0.35394,0.31546,0.07395,0.28906,0.00000,0.00000,0.08948,0.99820,0.00000,1,0,0
NMAP_TCP_scan,1,0.27458,0.00000,0.08274,0.07517,1.00000,1.00000,1.00000,0.35394,0.31546,0.07395,0.28906,0.00000,0.00000,0.03699,0.99820,0.00000,1,0,0
NMAP_TCP_scan,1,0.78458,0.00000,0.08274,0.07517,0.88038,0.88038,0.88608,0.35394,0.31546,0.07395,0.28906,0.00000,0.00000,0.09903,0.99820,0.00000,1,0,0
NMAP_TCP_scan,1,0.68613,0.00000,0.08274,0.07517,0.95000,0.95000,0.95238,0.35394,0.31546,0.07395,0.28906,0.00000,0.00000,0.05895,0.99820,0.00000,1,0,0
NMAP_TCP_scan,1,0.93770,0.00000,0.08274,0.07517,1.00000,1.00000,1.00000,0.35394,0.31546,0.07395,0.28906,0.00000,0.00000,0.03699,0.99820,0.00000,1,0,0
NMAP_TCP_scan,1,0.82691,0.00000,0.08274,0.07517,0.94150,0.94150,0.94429,0.35394,0.31546,0.07395,0.28906,0.00000,0.00000,0.06331,0.99820,0.00000,1,0,0
NMAP_TCP_scan,1,0.93769,0.00000,0.08274,0.07517,1.00000,1.00000,1.00000,0.35394,0.31546,0.07395,0.28906,0.00000,0.00000,0.03699,0.99820,0.00000,1,0,0
NMAP_TCP_scan,1,0.73085,0.00000,0.08274,0.07517,0.76709,0.76709,0.77818,0.35394,0.31546,0.07395,0.28906,0.00000,0.00000,0.17798,0.99820,0.00000,1,0,0
NMAP_TCP_scan,1,0.66087,0.00000,0.08274,0.07517,0.86781,0.86781,0.87410,0.35394,0.31546,0.07395,0.28906,0.00000,0.00000,0.10717,0.99820,0.00000,1,0,0
NMAP_TCP_scan,1,0.97723,0.00000,0.08274,0.07517,0.83038,0.83038,0.83846,0.35394,0.31546,0.07395,0.28906,0.00000,0.00000,0.13252,0.99820,0.00000,1,0,0
NMAP_TCP_scan,1,0.81077,0.00000,0.08274,0.07517,0.90000,0.90000,0.90476,0.35394,0.31546,0.07395,0.28906,0.00000,0.00000,0.08681,0.99820,0.00000,1,0,0
NMAP_TCP_scan,1,0.74508,0.00000,0.08274,0.07517,0.85466,0.85466,0.86158,0.35394,0.31546,0.07395,0.28906,0.00000,0.00000,0.11591,0.99820,0.00000,1,0,0
NMAP_TCP_scan,1,0.66430,0.00000,0.08274,0.07517,0.88038,0.88038,0.88608,0.35394,0.31546,0.07395,0.28906,0.00000,0.00000,0.09903,0.99820,0.00000,1,0,0
NMAP_TCP_scan,1,0.59704,0.00000,0.08274,0.07517,0.89563,0.89563,0.90060,0.35394,0.31546,0.07395,0.28906,0.00000,0.00000,0.08948,0.99820,0.00000,1,0,0
NMAP_TCP_scan,1,0.78965,0.00000,0.08274,0.07517,1.00000,1.00000,1.00000,0.35394,0.31546,0.07395,0.28906,0.00000,0.00000,0.03699,0.99820,0.00000,1,0,0
NMAP_TCP_scan,1,0.68724,0.00000,0.08274,0.07517,0.89563,0.89563,0.90060,0.35394,0.31546,0.07395,0.28906,0.00000,0.00000,0.08948,0.99820,0.00000,1,0,0
NMAP_TCP_scan,1,0.63117,0.00000,0.08274,0.07517,0.88038,0.88038,0.88608,0.35394,0.31546,0.07395,0.28906,0.00000,0.00000,0.09903,0.99820,0.00000,1,0,0
NMAP_TCP_scan,1,0.63101,0.00000,0.08274,0.07517,0.89563,0.89563,0.90060,0.35394,0.31546,0.07395,0.28906,0.00000,0.00000,0.08948,0.99820,0.00000,1,0,0
NMAP_TCP_scan,1,0.61388,0.00000,0.08274,0.07517,0.95000,0.95000,0.95238,0.35394,0.31546,0.07395,0.28906,0.00000,0.00000,0.05895,0.99820,0.00000,1,0,0
NMAP_TCP_scan,1,0.82522,0.00000,0.08274,0.07517,0.90000,0.90000,0.90476,0.35394,0.31546,0.07395,0.28906,0.00000,0.00000,0.08681,0.99820,0.00000,1,0,0
NMAP_TCP_scan,1,0.62521,0.00000,0.08274,0.07517,0.92075,0.92075,0.92453,0.35394,0.31546,0.07395,0.28906,0.00000,0.00000,0.07462,0.99820,0.00000,1,0,0
NMAP_TCP_scan,1,0.82525,0.00000,0.08274,0.07517,0.89563,0.89563,0.90060,0.35394,0.31546,0.07395,0.28906,0.00000,0.00000,0.08948,0.99820,0.00000,1,0,0
NMAP_TCP_scan,1,0.93187,0.00000,0.08274,0.07517,1.00000,1.00000,1.00000,0.35394,0.31546,0.07395,0.28906,0.00000,0.00000,0.03699,0.99820,0.00000,1,0,0
NMAP_TCP_scan,1,0.70656,0.00000,0.08274,0.07517,0.89563,0.89563,0.90060,0.35394,0.31546,0.07395,0.28906,0.00000,0.00000,0.08948,0.99820,0.00000,1,0,0
NMAP_TCP_scan,1,0.76869,0.00000,0.08274,0.07517,0.92075,0.92075,0.92453,0.35394,0.31546,0.07395,0.28906,0.00000,0.00000,0.07462,0.99820,0.00000,1,0,0
NMAP_TCP_scan,1,0.82715,0.00000,0.08274,0.07517,0.94150,0.94150,0.94429,0.35394,0.31546,0.07395,0.28906,0.00000,0.00000,0.06331,0.99820,0.00000,1,0,0
NMAP_TCP_scan,1,0.75999,0.00000,0.08274,0.07517,0.94150,0.94150,0.94429,0.35394,0.31546,0.07395,0.28906,0.00000,0.00000,0.06331,0.99820,0.00000,1,0,0
NMAP_TCP_scan,1,0.63092,0.00000,0.08274,0.07517,0.88038,0.88038,0.88608,0.35394,0.31546,0.07395,0.28906,0.00000,0.00000,0.09903,0.99820,0.00000,1,0,0
NMAP_TCP_scan,1,0.99712,0.00000,0.08274,0.07517,0.94150,0.94150,0.94429,0.35394,0.31546,0.07395,0.28906,0.00000,0.00000,0.06331,0.99820,0.00000,1,0,0
NMAP_TCP_scan,1,0.56011,0.00000,0.08274,0.07517,0.92075,0.92075,0.92453,0.35394,0.31546,0.07395,0.28906,0.00000,0.00000,0.07462,0.99820,0.00000,1,0,0
NMAP_TCP_scan,1,0.82402,0.00000,0.08274,0.07517,0.95000,0.95000,0.95238,0.35394,0.31546,0.07395,0.28906,0.00000,0.00000,0.05895,0.99820,0.00000,1,0,0
NMAP_UDP_SCAN,1,0.89997,0.00000,0.08274,0.00000,0.00000,0.00000,0.00000,0.00000,0.00000,0.00000,0.00000,0.00000,0.00000,0.00000,0.00000,0.00000,0,1,0
NMAP_UDP_SCAN,1,0.60454,0.00000,0.08274,0.00000,0.00000,0.00000,0.00000,0.00000,0.00000,0.00000,0.00000,0.00000,0.00000,0.00000,0.00000,0.00000,0,1,0
NMAP_UDP_SCAN,1,0.35975,0.00014,0.08274,0.07517,0.47521,0.47521,0.50015,0.35394,0.00000,0.00000,0.00000,0.56745,0.61921,0.39936,0.00000,0.00000,0,1,0
NMAP_UDP_SCAN,1,0.97839,0.00000,0.08274,0.00000,0.00000,0.00000,0.00000,0.00000,0.00000,0.00000,0.00000,0.51680,0.00000,0.00000,0.00000,0.00000,0,1,0
NMAP_UDP_SCAN,1,0.93652,0.00000,0.08274,0.00000,0.00000,0.00000,0.00000,0.00000,0.00000,0.00000,0.00000,0.00000,0.00000,0.00000,0.00000,0.00000,0,1,0
NMAP_UDP_SCAN,1,0.99514,0.00000,0.08274,0.00000,0.00000,0.00000,0.00000,0.00000,0.00000,0.00000,0.00000,0.51680,0.00000,0.00000,0.00000,0.00000,0,1,0
NMAP_UDP_SCAN,1,0.94123,0.00000,0.08274,0.00000,0.00000,0.00000,0.00000,0.00000,0.00000,0.00000,0.00000,0.51680,0.00000,0.00000,0.00000,0.00000,0,1,0
NMAP_UDP_SCAN,1,0.68563,0.00000,0.08274,0.00000,0.00000,0.00000,0.00000,0.00000,0.00000,0.00000,0.00000,0.00000,0.00000,0.00000,0.00000,0.00000,0,1,0
NMAP_UDP_SCAN,1,0.65865,0.00000,0.08274,0.00000,0.00000,0.00000,0.00000,0.00000,0.00000,0.00000,0.00000,0.00000,0.00000,0.00000,0.00000,0.00000,0,1,0
NMAP_UDP_SCAN,1,0.62317,0.00000,0.08274,0.00000,0.00000,0.00000,0.00000,0.00000,0.00000,0.00000,0.00000,0.00000,0.00000,0.00000,0.00000,0.00000,0,1,0
NMAP_UDP_SCAN,1,0.95250,0.00000,0.08274,0.00000,0.00000,0.00000,0.00000,0.00000,0.00000,0.00000,0.00000,0.51680,0.00000,0.00000,0.00000,0.00000,0,1,0
NMAP_UDP_SCAN,1,0.88495,0.00000,0.08274,0.00000,0.00000,0.00000,0.00000,0.00000,0.00000,0.00000,0.00000,0.00000,0.00000,0.00000,0.00000,0.00000,0,1,0
NMAP_UDP_SCAN,1,0.60618,0.00000,0.08274,0.00000,0.00000,0.00000,0.00000,0.00000,0.00000,0.00000,0.00000,0.00000,0.00000,0.00000,0.00000,0.00000,0,1,0
NMAP_UDP_SCAN,1,0.88407,0.00000,0.08274,0.00000,0.00000,0.00000,0.00000,0.00000,0.00000,0.00000,0.00000,0.00000,0.00000,0.00000,0.00000,0.00000,0,1,0
NMAP_UDP_SCAN,1,0.99018,0.00000,0.08274,0.00000,0.00000,0.00000,0.00000,0.00000,0.00000,0.00000,0.00000,0.51680,0.00000,0.00000,0.00000,0.00000,0,1,0
NMAP_UDP_SCAN,1,0.97432,0.00000,0.08274,0.00000,0.00000,0.00000,0.00000,0.00000,0.00000,0.00000,0.00000,0.51680,0.00000,0.00000,0.00000,0.00000,0,1,0
NMAP_UDP_SCAN,1,0.87861,0.00000,0.08274,0.00000,0.00000,0.00000,0.00000,0.00000,0.00000,0.00000,0.00000,0.00000,0.00000,0.00000,0.00000,0.00000,0,1,0
NMAP_UDP_SCAN,1,0.42714,0.00000,0.08274,0.00000,0.00000,0.00000,0.00000,0.00000,0.00000,0.00000,0.00000,0.00000,0.00000,0.00000,0.00000,0.00000,0,1,0
NMAP_UDP_SCAN,1,0.73488,0.00000,0.08274,0.00000,0.00000,0.00000,0.00000,0.00000,0.00000,0.00000,0.00000,0.00000,0.00000,0.00000,0.00000,0.00000,0,1,0
NMAP_UDP_SCAN,1,0.88070,0.00000,0.08274,0.00000,0.00000,0.00000,0.00000,0.00000,0.00000,0.00000,0.00000,0.00000,0.00000,0.00000,0.00000,0.00000,0,1,0
NMAP_UDP_SCAN,1,0.89892,0.00000,0.08274,0.00000,0.00000,0.00000,0.00000,0.00000,0.00000,0.00000,0.00000,0.00000,0.00000,0.00000,0.00000,0.00000,0,1,0
NMAP_UDP_SCAN,1,0.76905,0.00000,0.08274,0.00000,0.00000,0.00000,0.00000,0.00000,0.00000,0.00000,0.00000,0.00000,0.00000,0.00000,0.00000,0.00000,0,1,0
NMAP_UDP_SCAN,1,0.96623,0.00000,0.08274,0.00000,0.00000,0.00000,0.00000,0.00000,0.00000,0.00000,0.00000,0.51680,0.00000,0.00000,0.00000,0.00000,0,1,0
NMAP_UDP_SCAN,1,0.87854,0.00000,0.08274,0.00000,0.00000,0.00000,0.00000,0.00000,0.00000,0.00000,0.00000,0.00000,0.00000,0.00000,0.00000,0.00000,0,1,0
NMAP_UDP_SCAN,1,0.88850,0.00000,0.08274,0.00000,0.00000,0.00000,0.00000,0.00000,0.00000,0.00000,0.00000,0.00000,0.00000,0.00000,0.00000,0.00000,0,1,0
NMAP_UDP_SCAN,1,0.60618,0.00000,0.08274,0.00000,0.00000,0.00000,0.00000,0.00000,0.00000,0.00000,0.00000,0.00000,0.00000,0.00000,0.00000,0.00000,0,1,0
NMAP_UDP_SCAN,1,0.89190,0.00000,0.08274,0.00000,0.00000,0.00000,0.00000,0.00000,0.00000,0.00000,0.00000,0.00000,0.00000,0.00000,0.00000,0.00000,0,1,0
NMAP_UDP_SCAN,1,0.60297,0.00000,0.08274,0.00000,0.00000,0.00000,0.00000,0.00000,0.00000,0.00000,0.00000,0.00000,0.00000,0.00000,0.00000,0.00000,0,1,0
NMAP_UDP_SCAN,1,0.72365,0.00000,0.08274,0.00000,0.00000,0.00000,0.00000,0.00000,0.00000,0.00000,0.00000,0.00000,0.00000,0.00000,0.00000,0.00000,0,1,0
NMAP_UDP_SCAN,1,0.88310,0.00000,0.08274,0.00000,0.00000,0.00000,0.00000,0.00000,0.00000,0.00000,0.00000,0.00000,0.00000,0.00000,0.00000,0.00000,0,1,0
NMAP_UDP_SCAN,1,0.35975,0.00000,0.08274,0.00000,0.00000,0.00000,0.00000,0.00000,0.00000,0.00000,0.00000,0.35695,0.00000,0.00000,0.00000,0.00000,0,1,0
NMAP_UDP_SCAN,1,0.67184,0.00000,0.08274,0.00000,0.00000,0.00000,0.00000,0.00000,0.00000,0.00000,0.00000,0.00000,0.00000,0.00000,0.00000,0.00000,0,1,0
NMAP_UDP_SCAN,1,0.89297,0.00000,0.08274,0.00000,0.00000,0.00000,0.00000,0.00000,0.00000,0.00000,0.00000,0.00000,0.00000,0.00000,0.00000,0.00000,0,1,0
NMAP_UDP_SCAN,1,0.91151,0.00000,0.08274,0.00000,0.00000,0.00000,0.00000,0.00000,0.00000,0.00000,0.00000,0.00000,0.00000,0.00000,0.00000,0.00000,0,1,0
NMAP_UDP_SCAN,1,0.89612,0.00000,0.08274,0.00000,0.00000,0.00000,0.00000,0.00000,0.00000,0.00000,0.00000,0.00000,0.00000,0.00000,0.00000,0.00000,0,1,0
NMAP_UDP_SCAN,1,0.39632,0.00005,0.26229,0.00000,0.69643,0.00000,0.66327,0.00000,0.50000,0.20760,0.28906,0.46122,0.00000,0.23797,0.99992,0.00000,1,0,0
NMAP_UDP_SCAN,1,0.88091,0.00000,0.08274,0.00000,0.00000,0.00000,0.00000,0.00000,0.00000,0.00000,0.00000,0.00000,0.00000,0.00000,0.00000,0.00000,0,1,0
NMAP_UDP_SCAN,1,0.94561,0.00000,0.08274,0.00000,0.00000,0.00000,0.00000,0.00000,0.00000,0.00000,0.00000,0.51680,0.00000,0.00000,0.00000,0.00000,0,1,0
NMAP_UDP_SCAN,1,0.39632,0.00002,0.26229,0.00000,0.75428,0.00000,0.71836,0.00000,0.50000,0.20760,0.28906,0.46122,0.00000,0.19457,0.99992,0.00000,1,0,0
NMAP_UDP_SCAN,1,0.89480,0.00000,0.08274,0.00000,0.00000,0.00000,0.00000,0.00000,0.00000,0.00000,0.00000,0.00000,0.00000,0.00000,0.00000,0.00000,0,1,0
NMAP_UDP_SCAN,1,0.88277,0.00000,0.08274,0.00000,0.00000,0.00000,0.00000,0.00000,0.00000,0.00000,0.00000,0.00000,0.00000,0.00000,0.00000,0.00000,0,1,0
NMAP_UDP_SCAN,1,0.88259,0.00000,0.08274,0.00000,0.00000,0.00000,0.00000,0.00000,0.00000,0.00000,0.00000,0.00000,0.00000,0.00000,0.00000,0.00000,0,1,0
NMAP_UDP_SCAN,1,0.89297,0.00000,0.08274,0.00000,0.00000,0.00000,0.00000,0.00000,0.00000,0.00000,0.00000,0.00000,0.00000,0.00000,0.00000,0.00000,0,1,0
NMAP_UDP_SCAN,1,0.98946,0.00000,0.08274,0.00000,0.00000,0.00000,0.00000,0.00000,0.00000,0.00000,0.00000,0.51680,0.00000,0.00000,0.00000,0.00000,0,1,0
NMAP_UDP_SCAN,1,0.94566,0.00000,0.08274,0.00000,0.00000,0.00000,0.00000,0.00000,0.00000,0.00000,0.00000,0.51680,0.00000,0.00000,0.00000,0.00000,0,1,0
NMAP_UDP_SCAN,1,0.62756,0.00000,0.08274,0.00000,0.00000,0.00000,0.00000,0.00000,0.00000,0.00000,0.00000,0.59709,0.00000,0.00000,0.00000,0.00000,0,1,0
NMAP_UDP_SCAN,1,0.89515,0.00000,0.08274,0.00000,0.00000,0.00000,0.00000,0.00000,0.00000,0.00000,0.00000,0.00000,0.00000,0.00000,0.00000,0.00000,0,1,0
NMAP_UDP_SCAN,1,0.56296,0.00000,0.08274,0.00000,0.00000,0.00000,0.00000,0.00000,0.00000,0.00000,0.00000,0.00000,0.00000,0.00000,0.00000,0.00000,0,1,0
NMAP_UDP_SCAN,1,0.94713,0.00000,0.08274,0.00000,0.00000,0.00000,0.00000,0.00000,0.00000,0.00000,0.00000,0.51680,0.00000,0.00000,0.00000,0.00000,0,1,0
NMAP_UDP_SCAN,1,0.90219,0.00000,0.08274,0.00000,0.00000,0.00000,0.00000,0.00000,0.00000,0.00000,0.00000,0.00000,0.00000,0.00000,0.00000,0.00000,0,1,0
NMAP_UDP_SCAN,1,0.90572,0.00000,0.08274,0.00000,0.00000,0.00000,0.00000,0.00000,0.00000,0.00000,0.00000,0.00000,0.00000,0.00000,0.00000,0.00000,0,1,0
NMAP_UDP_SCAN,1,0.89996,0.00000,0.08274,0.00000,0.00000,0.00000,0.00000,0.00000,0.00000,0.00000,0.00000,0.00000,0.00000,0.00000,0.00000,0.00000,0,1,0
NMAP_UDP_SCAN,1,0.88916,0.00000,0.08274,0.00000,0.00000,0.00000,0.00000,0.00000,0.00000,0.00000,0.00000,0.00000,0.00000,0.00000,0.00000,0.00000,0,1,0
NMAP_UDP_SCAN,1,0.89107,0.00000,0.08274,0.00000,0.00000,0.00000,0.00000,0.00000,0.00000,0.00000,0.00000,0.00000,0.00000,0.00000,0.00000,0.00000,0,1,0
NMAP_UDP_SCAN,1,0.97515,0.00000,0.08274,0.00000,0.00000,0.00000,0.00000,0.00000,0.00000,0.00000,0.00000,0.51680,0.00000,0.00000,0.00000,0.00000,0,1,0
NMAP_UDP_SCAN,1,0.65871,0.00000,0.08274,0.00000,0.00000,0.00000,0.00000,0.00000,0.00000,0.00000,0.00000,0.00000,0.00000,0.00000,0.00000,0.00000,0,1,0
NMAP_UDP_SCAN,1,0.97433,0.00000,0.08274,0.00000,0.00000,0.00000,0.00000,0.00000,0.00000,0.00000,0.00000,0.51680,0.00000,0.00000,0.00000,0.00000,0,1,0
NMAP_UDP_SCAN,1,0.88206,0.00000,0.08274,0.00000,0.00000,0.00000,0.00000,0.00000,0.00000,0.00000,0.00000,0.00000,0.00000,0.00000,0.00000,0.00000,0,1,0
NMAP_UDP_SCAN,1,0.94301,0.00000,0.08274,0.00000,0.00000,0.00000,0.00000,0.00000,0.00000,0.00000,0.00000,0.51680,0.00000,0.00000,0.00000,0.00000,0,1,0
NMAP_UDP_SCAN,1,0.89477,0.00000,0.08274,0.00000,0.00000,0.00000,0.00000,0.00000,0.00000,0.00000,0.00000,0.00000,0.00000,0.00000,0.00000,0.00000,0,1,0
NMAP_UDP_SCAN,1,0.44502,0.00000,0.08274,0.00000,0.00000,0.00000,0.00000,0.00000,0.00000,0.00000,0.00000,0.00000,0.00000,0.00000,0.00000,0.00000,0,1,0
NMAP_UDP_SCAN,1,0.56279,0.00000,0.08274,0.00000,0.00000,0.00000,0.00000,0.00000,0.00000,0.00000,0.00000,0.00000,0.00000,0.00000,0.00000,0.00000,0,1,0
NMAP_UDP_SCAN,1,0.89088,0.00000,0.08274,0.00000,0.00000,0.00000,0.00000,0.00000,0.00000,0.00000,0.00000,0.00000,0.00000,0.00000,0.00000,0.00000,0,1,0
NMAP_UDP_SCAN,1,0.43472,0.02155,0.08274,0.07517,0.11842,0.11842,0.15340,0.35394,0.00000,0.00000,0.00000,0.54161,0.53423,0.68434,0.00000,0.00000,0,1,0
NMAP_UDP_SCAN,1,0.88107,0.00000,0.08274,0.00000,0.00000,0.00000,0.00000,0.00000,0.00000,0.00000,0.00000,0.00000,0.00000,0.00000,0.00000,0.00000,0,1,0
NMAP_UDP_SCAN,1,0.97430,0.00000,0.08274,0.00000,0.00000,0.00000,0.00000,0.00000,0.00000,0.00000,0.00000,0.51680,0.00000,0.00000,0.00000,0.00000,0,1,0
NMAP_UDP_SCAN,1,0.96773,0.00000,0.08274,0.00000,0.00000,0.00000,0.00000,0.00000,0.00000,0.00000,0.00000,0.51680,0.00000,0.00000,0.00000,0.00000,0,1,0
NMAP_UDP_SCAN,1,0.88423,0.00000,0.08274,0.00000,0.00000,0.00000,0.00000,0.00000,0.00000,0.00000,0.00000,0.00000,0.00000,0.00000,0.00000,0.00000,0,1,0
NMAP_UDP_SCAN,1,0.62609,0.00000,0.08274,0.00000,0.00000,0.00000,0.00000,0.00000,0.00000,0.00000,0.00000,0.59709,0.00000,0.00000,0.00000,0.00000,0,1,0
NMAP_UDP_SCAN,1,0.99618,0.00000,0.08274,0.00000,0.00000,0.00000,0.00000,0.00000,0.00000,0.00000,0.00000,0.51680,0.00000,0.00000,0.00000,0.00000,0,1,0
NMAP_UDP_SCAN,1,0.87733,0.00000,0.08274,0.00000,0.00000,0.00000,0.00000,0.00000,0.00000,0.00000,0.00000,0.00000,0.00000,0.00000,0.00000,0.00000,0,1,0
NMAP_UDP_SCAN,1,0.89222,0.00000,0.08274,0.00000,0.00000,0.00000,0.00000,0.00000,0.00000,0.00000,0.00000,0.00000,0.00000,0.00000,0.00000,0.00000,0,1,0
NMAP_UDP_SCAN,1,0.39632,0.00002,0.26229,0.00000,0.76085,0.00000,0.72462,0.00000,0.50000,0.20760,0.28906,0.46122,0.00000,0.18970,0.99992,0.00000,1,0,0
NMAP_UDP_SCAN,1,0.39632,0.00005,0.26229,0.00000,0.69802,0.00000,0.66479,0.00000,0.50000,0.20760,0.28906,0.46122,0.00000,0.23676,0.99992,0.00000,1,0,0
NMAP_UDP_SCAN,1,0.88862,0.00000,0.08274,0.00000,0.00000,0.00000,0.00000,0.00000,0.00000,0.00000,0.00000,0.00000,0.00000,0.00000,0.00000,0.00000,0,1,0
NMAP_UDP_SCAN,1,0.98789,0.00000,0.08274,0.00000,0.00000,0.00000,0.00000,0.00000,0.00000,0.00000,0.00000,0.51680,0.00000,0.00000,0.00000,0.00000,0,1,0
NMAP_UDP_SCAN,1,0.94542,0.00000,0.08274,0.00000,0.00000,0.00000,0.00000,0.00000,0.00000,0.00000,0.00000,0.51680,0.00000,0.00000,0.00000,0.00000,0,1,0
NMAP_UDP_SCAN,1,0.89314,0.00000,0.08274,0.00000,0.00000,0.00000,0.00000,0.00000,0.00000,0.00000,0.00000,0.00000,0.00000,0.00000,0.00000,0.00000,0,1,0
NMAP_UDP_SCAN,1,0.89654,0.00000,0.08274,0.00000,0.00000,0.00000,0.00000,0.00000,0.00000,0.00000,0.00000,0.00000,0.00000,0.00000,0.00000,0.00000,0,1,0
NMAP_UDP_SCAN,1,0.61931,0.00000,0.08274,0.00000,0.00000,0.00000,0.00000,0.00000,0.00000,0.00000,0.00000,0.00000,0.00000,0.00000,0.00000,0.00000,0,1,0
NMAP_UDP_SCAN,1,0.44567,0.00000,0.08274,0.00000,0.00000,0.00000,0.00000,0.00000,0.00000,0.00000,0.00000,0.00000,0.00000,0.00000,0.00000,0.00000,0,1,0
NMAP_UDP_SCAN,1,0.27017,0.00000,0.08274,0.00000,0.00000,0.00000,0.00000,0.00000,0.00000,0.00000,0.00000,0.00000,0.00000,0.00000,0.00000,0.00000,0,1,0
NMAP_UDP_SCAN,1,0.89477,0.00000,0.08274,0.00000,0.00000,0.00000,0.00000,0.00000,0.00000,0.00000,0.00000,0.00000,0.00000,0.00000,0.00000,0.00000,0,1,0
NMAP_UDP_SCAN,1,0.89886,0.00000,0.08274,0.00000,0.00000,0.00000,0.00000,0.00000,0.00000,0.00000,0.00000,0.00000,0.00000,0.00000,0.00000,0.00000,0,1,0
NMAP_UDP_SCAN,1,0.97427,0.00000,0.08274,0.00000,0.00000,0.00000,0.00000,0.00000,0.00000,0.00000,0.00000,0.51680,0.00000,0.00000,0.00000,0.00000,0,1,0
NMAP_UDP_SCAN,1,0.99542,0.00000,0.08274,0.00000,0.00000,0.00000,0.00000,0.00000,0.00000,0.00000,0.00000,0.51680,0.00000,0.00000,0.00000,0.00000,0,1,0
NMAP_UDP_SCAN,1,0.62521,0.00000,0.08274,0.00000,0.00000,0.00000,0.00000,0.00000,0.00000,0.00000,0.00000,0.00000,0.00000,0.00000,0.00000,0.00000,0,1,0
NMAP_UDP_SCAN,1,0.88150,0.00000,0.08274,0.00000,0.00000,0.00000,0.00000,0.00000,0.00000,0.00000,0.00000,0.00000,0.00000,0.00000,0.00000,0.00000,0,1,0
NMAP_UDP_SCAN,1,0.95174,0.00000,0.08274,0.00000,0.00000,0.00000,0.00000,0.00000,0.00000,0.00000,0.00000,0.51680,0.00000,0.00000,0.00000,0.00000,0,1,0
NMAP_UDP_SCAN,1,0.74803,0.00000,0.08274,0.00000,0.00000,0.00000,0.00000,0.00000,0.00000,0.00000,0.00000,0.00000,0.00000,0.00000,0.00000,0.00000,0,1,0
NMAP_UDP_SCAN,1,0.39632,0.00005,0.26229,0.00000,0.70432,0.00000,0.67078,0.00000,0.50000,0.20760,0.28906,0.46122,0.00000,0.23201,0.99992,0.00000,1,0,0
NMAP_UDP_SCAN,1,0.96792,0.00000,0.08274,0.00000,0.00000,0.00000,0.00000,0.00000,0.00000,0.00000,0.00000,0.51680,0.00000,0.00000,0.00000,0.00000,0,1,0
NMAP_UDP_SCAN,1,0.96100,0.00000,0.08274,0.00000,0.00000,0.00000,0.00000,0.00000,0.00000,0.00000,0.00000,0.51680,0.00000,0.00000,0.00000,0.00000,0,1,0
NMAP_UDP_SCAN,1,0.56279,0.00000,0.08274,0.00000,0.00000,0.00000,0.00000,0.00000,0.00000,0.00000,0.00000,0.00000,0.00000,0.00000,0.00000,0.00000,0,1,0
NMAP_UDP_SCAN,1,0.60000,0.00000,0.08274,0.00000,0.00000,0.00000,0.00000,0.00000,0.00000,0.00000,0.00000,0.00000,0.00000,0.00000,0.00000,0.00000,0,1,0
NMAP_UDP_SCAN,1,0.77431,0.00000,0.08274,0.00000,0.00000,0.00000,0.00000,0.00000,0.00000,0.00000,0.00000,0.53581,0.00000,0.00000,0.00000,0.00000,0,1,0
NMAP_UDP_SCAN,1,0.62308,0.00000,0.08274,0.00000,0.00000,0.00000,0.00000,0.00000,0.00000,0.00000,0.00000,0.00000,0.00000,0.00000,0.00000,0.00000,0,1,0
NMAP_UDP_SCAN,1,0.61788,0.00000,0.08274,0.00000,0.00000,0.00000,0.00000,0.00000,0.00000,0.00000,0.00000,0.00000,0.00000,0.00000,0.00000,0.00000,0,1,0
NMAP_UDP_SCAN,1,0.78534,0.00000,0.08274,0.00000,0.00000,0.00000,0.00000,0.00000,0.00000,0.00000,0.00000,0.00000,0.00000,0.00000,0.00000,0.00000,0,1,0
NMAP_UDP_SCAN,1,0.88129,0.00000,0.08274,0.00000,0.00000,0.00000,0.00000,0.00000,0.00000,0.00000,0.00000,0.00000,0.00000,0.00000,0.00000,0.00000,0,1,0
NMAP_UDP_SCAN,1,0.89979,0.00000,0.08274,0.00000,0.00000,0.00000,0.00000,0.00000,0.00000,0.00000,0.00000,0.00000,0.00000,0.00000,0.00000,0.00000,0,1,0
NMAP_UDP_SCAN,1,0.39632,0.00005,0.26229,0.00000,0.69930,0.00000,0.66600,0.00000,0.50000,0.20760,0.28906,0.46122,0.00000,0.23580,0.99992,0.00000,1,0,0
NMAP_UDP_SCAN,1,0.90163,0.00000,0.08274,0.00000,0.00000,0.00000,0.00000,0.00000,0.00000,0.00000,0.00000,0.00000,0.00000,0.00000,0.00000,0.00000,0,1,0
NMAP_UDP_SCAN,1,0.96932,0.00000,0.08274,0.00000,0.00000,0.00000,0.00000,0.00000,0.00000,0.00000,0.00000,0.51680,0.00000,0.00000,0.00000,0.00000,0,1,0
NMAP_UDP_SCAN,1,0.93324,0.00000,0.08274,0.00000,0.00000,0.00000,0.00000,0.00000,0.00000,0.00000,0.00000,0.00000,0.00000,0.00000,0.00000,0.00000,0,1,0
NMAP_UDP_SCAN,1,0.60454,0.00000,0.08274,0.00000,0.00000,0.00000,0.00000,0.00000,0.00000,0.00000,0.00000,0.00000,0.00000,0.00000,0.00000,0.00000,0,1,0
NMAP_UDP_SCAN,1,0.97428,0.00000,0.08274,0.00000,0.00000,0.00000,0.00000,0.00000,0.00000,0.00000,0.00000,0.51680,0.00000,0.00000,0.00000,0.00000,0,1,0
NMAP_UDP_SCAN,1,0.67184,0.00000,0.08274,0.00000,0.00000,0.00000,0.00000,0.00000,0.00000,0.00000,0.00000,0.00000,0.00000,0.00000,0.00000,0.00000,0,1,0
NMAP_UDP_SCAN,1,0.62909,0.00000,0.08274,0.00000,0.00000,0.00000,0.00000,0.00000,0.00000,0.00000,0.00000,0.59709,0.00000,0.00000,0.00000,0.00000,0,1,0
NMAP_UDP_SCAN,1,0.88109,0.00000,0.08274,0.00000,0.00000,0.00000,0.00000,0.00000,0.00000,0.00000,0.00000,0.00000,0.00000,0.00000,0.00000,0.00000,0,1,0
NMAP_UDP_SCAN,1,0.96020,0.00000,0.08274,0.00000,0.00000,0.00000,0.00000,0.00000,0.00000,0.00000,0.00000,0.51680,0.00000,0.00000,0.00000,0.00000,0,1,0
NMAP_UDP_SCAN,1,0.89617,0.00000,0.08274,0.00000,0.00000,0.00000,0.00000,0.00000,0.00000,0.00000,0.00000,0.00000,0.00000,0.00000,0.00000,0.00000,0,1,0
NMAP_UDP_SCAN,1,0.62833,0.00000,0.08274,0.00000,0.00000,0.00000,0.00000,0.00000,0.00000,0.00000,0.00000,0.59709,0.00000,0.00000,0.00000,0.00000,0,1,0
NMAP_UDP_SCAN,1,0.97427,0.00000,0.08274,0.00000,0.00000,0.00000,0.00000,0.00000,0.00000,0.00000,0.00000,0.51680,0.00000,0.00000,0.00000,0.00000,0,1,0
NMAP_UDP_SCAN,1,0.89631,0.00000,0.08274,0.00000,0.00000,0.00000,0.00000,0.00000,0.00000,0.00000,0.00000,0.00000,0.00000,0.00000,0.00000,0.00000,0,1,0
NMAP_UDP_SCAN,1,0.18754,0.00000,0.08274,0.00000,0.00000,0.00000,0.00000,0.00000,0.00000,0.00000,0.00000,0.22398,0.00000,0.00000,0.00000,0.00000,0,1,0
NMAP_UDP_SCAN,1,0.98247,0.00000,0.08274,0.00000,0.00000,0.00000,0.00000,0.00000,0.00000,0.00000,0.00000,0.51680,0.00000,0.00000,0.00000,0.00000,0,1,0
NMAP_UDP_SCAN,1,0.90122,0.00000,0.08274,0.00000,0.00000,0.00000,0.00000,0.00000,0.00000,0.00000,0.00000,0.00000,0.00000,0.00000,0.00000,0.00000,0,1,0
NMAP_UDP_SCAN,1,0.88171,0.00000,0.08274,0.00000,0.00000,0.00000,0.00000,0.00000,0.00000,0.00000,0.00000,0.00000,0.00000,0.00000,0.00000,0.00000,0,1,0
NMAP_UDP_SCAN,1,0.88070,0.00000,0.08274,0.00000,0.00000,0.00000,0.00000,0.00000,0.00000,0.00000,0.00000,0.00000,0.00000,0.00000,0.00000,0.00000,0,1,0
NMAP_UDP_SCAN,1,0.93929,0.00000,0.08274,0.00000,0.00000,0.00000,0.00000,0.00000,0.00000,0.00000,0.00000,0.51680,0.00000,0.00000,0.00000,0.00000,0,1,0
NMAP_UDP_SCAN,1,0.62892,0.00000,0.08274,0.00000,0.00000,0.00000,0.00000,0.00000,0.00000,0.00000,0.00000,0.59709,0.00000,0.00000,0.00000,0.00000,0,1,0
NMAP_UDP_SCAN,1,0.54645,0.00000,0.08274,0.00000,0.00000,0.00000,0.00000,0.00000,0.00000,0.00000,0.00000,0.55768,0.00000,0.00000,0.00000,0.00000,0,1,0
NMAP_UDP_SCAN,1,0.88179,0.00000,0.08274,0.00000,0.00000,0.00000,0.00000,0.00000,0.00000,0.00000,0.00000,0.00000,0.00000,0.00000,0.00000,0.00000,0,1,0
NMAP_UDP_SCAN,1,0.87823,0.00000,0.08274,0.00000,0.00000,0.00000,0.00000,0.00000,0.00000,0.00000,0.00000,0.00000,0.00000,0.00000,0.00000,0.00000,0,1,0
NMAP_UDP_SCAN,1,0.38054,0.00000,0.00000,0.07517,0.00000,0.00000,0.00000,0.00000,0.00000,0.00000,0.00000,0.00000,0.86592,0.00000,0.00000,0.00000,0,1,0
NMAP_UDP_SCAN,1,0.92525,0.00000,0.08274,0.00000,0.00000,0.00000,0.00000,0.00000,0.00000,0.00000,0.00000,0.00000,0.00000,0.00000,0.00000,0.00000,0,1,0
NMAP_UDP_SCAN,1,0.99832,0.00000,0.08274,0.00000,0.00000,0.00000,0.00000,0.00000,0.00000,0.00000,0.00000,0.53581,0.00000,0.00000,0.00000,0.00000,0,1,0
NMAP_UDP_SCAN,1,0.87899,0.00000,0.08274,0.00000,0.00000,0.00000,0.00000,0.00000,0.00000,0.00000,0.00000,0.00000,0.00000,0.00000,0.00000,0.00000,0,1,0
NMAP_UDP_SCAN,1,0.62486,0.00000,0.08274,0.00000,0.00000,0.00000,0.00000,0.00000,0.00000,0.00000,0.00000,0.00000,0.00000,0.00000,0.00000,0.00000,0,1,0
NMAP_UDP_SCAN,1,0.99444,0.00000,0.08274,0.00000,0.00000,0.00000,0.00000,0.00000,0.00000,0.00000,0.00000,0.51680,0.00000,0.00000,0.00000,0.00000,0,1,0
NMAP_UDP_SCAN,1,0.89369,0.00000,0.08274,0.00000,0.00000,0.00000,0.00000,0.00000,0.00000,0.00000,0.00000,0.00000,0.00000,0.00000,0.00000,0.00000,0,1,0
NMAP_UDP_SCAN,1,0.68554,0.00000,0.08274,0.00000,0.00000,0.00000,0.00000,0.00000,0.00000,0.00000,0.00000,0.00000,0.00000,0.00000,0.00000,0.00000,0,1,0
NMAP_UDP_SCAN,1,0.95727,0.00000,0.08274,0.00000,0.00000,0.00000,0.00000,0.00000,0.00000,0.00000,0.00000,0.51680,0.00000,0.00000,0.00000,0.00000,0,1,0
NMAP_UDP_SCAN,1,0.95731,0.00000,0.08274,0.00000,0.00000,0.00000,0.00000,0.00000,0.00000,0.00000,0.00000,0.51680,0.00000,0.00000,0.00000,0.00000,0,1,0
NMAP_UDP_SCAN,1,0.97431,0.00000,0.08274,0.00000,0.00000,0.00000,0.00000,0.00000,0.00000,0.00000,0.00000,0.51680,0.00000,0.00000,0.00000,0.00000,0,1,0
NMAP_UDP_SCAN,1,0.89955,0.00000,0.08274,0.00000,0.00000,0.00000,0.00000,0.00000,0.00000,0.00000,0.00000,0.00000,0.00000,0.00000,0.00000,0.00000,0,1,0
NMAP_UDP_SCAN,1,0.99658,0.00000,0.08274,0.00000,0.00000,0.00000,0.00000,0.00000,0.00000,0.00000,0.00000,0.51680,0.00000,0.00000,0.00000,0.00000,0,1,0
NMAP_UDP_SCAN,1,0.87545,0.00000,0.08274,0.00000,0.00000,0.00000,0.00000,0.00000,0.00000,0.00000,0.00000,0.00000,0.00000,0.00000,0.00000,0.00000,0,1,0
NMAP_UDP_SCAN,1,0.62756,0.00000,0.08274,0.00000,0.00000,0.00000,0.00000,0.00000,0.00000,0.00000,0.00000,0.59709,0.00000,0.00000,0.00000,0.00000,0,1,0
NMAP_UDP_SCAN,1,0.56314,0.00000,0.08274,0.00000,0.00000,0.00000,0.00000,0.00000,0.00000,0.00000,0.00000,0.00000,0.00000,0.00000,0.00000,0.00000,0,1,0
NMAP_UDP_SCAN,1,0.56742,0.00000,0.08274,0.00000,0.00000,0.00000,0.00000,0.00000,0.00000,0.00000,0.00000,0.00000,0.00000,0.00000,0.00000,0.00000,0,1,0
NMAP_UDP_SCAN,1,0.90136,0.00000,0.08274,0.00000,0.00000,0.00000,0.00000,0.00000,0.00000,0.00000,0.00000,0.00000,0.00000,0.00000,0.00000,0.00000,0,1,0
NMAP_UDP_SCAN,1,0.97430,0.00000,0.08274,0.00000,0.00000,0.00000,0.00000,0.00000,0.00000,0.00000,0.00000,0.51680,0.00000,0.00000,0.00000,0.00000,0,1,0
NMAP_UDP_SCAN,1,0.89010,0.00000,0.08274,0.00000,0.00000,0.00000,0.00000,0.00000,0.00000,0.00000,0.00000,0.00000,0.00000,0.00000,0.00000,0.00000,0,1,0
NMAP_UDP_SCAN,1,0.60618,0.00000,0.08274,0.00000,0.00000,0.00000,0.00000,0.00000,0.00000,0.00000,0.00000,0.00000,0.00000,0.00000,0.00000,0.00000,0,1,0
NMAP_UDP_SCAN,1,0.43472,0.00000,0.08274,0.00000,0.00000,0.00000,0.00000,0.00000,0.00000,0.00000,0.00000,0.54161,0.00000,0.00000,0.00000,0.00000,0,1,0
NMAP_UDP_SCAN,1,0.97427,0.00000,0.08274,0.00000,0.00000,0.00000,0.00000,0.00000,0.00000,0.00000,0.00000,0.51680,0.00000,0.00000,0.00000,0.00000,0,1,0
NMAP_UDP_SCAN,1,0.97434,0.00000,0.08274,0.00000,0.00000,0.00000,0.00000,0.00000,0.00000,0.00000,0.00000,0.51680,0.00000,0.00000,0.00000,0.00000,0,1,0
NMAP_UDP_SCAN,1,0.96116,0.00000,0.08274,0.00000,0.00000,0.00000,0.00000,0.00000,0.00000,0.00000,0.00000,0.51680,0.00000,0.00000,0.00000,0.00000,0,1,0
NMAP_UDP_SCAN,1,0.89080,0.00000,0.08274,0.00000,0.00000,0.00000,0.00000,0.00000,0.00000,0.00000,0.00000,0.00000,0.00000,0.00000,0.00000,0.00000,0,1,0
NMAP_UDP_SCAN,1,0.89698,0.00000,0.08274,0.00000,0.00000,0.00000,0.00000,0.00000,0.00000,0.00000,0.00000,0.00000,0.00000,0.00000,0.00000,0.00000,0,1,0
NMAP_UDP_SCAN,1,0.82313,0.00000,0.08274,0.00000,0.00000,0.00000,0.00000,0.00000,0.00000,0.00000,0.00000,0.00000,0.00000,0.00000,0.00000,0.00000,0,1,0
NMAP_UDP_SCAN,1,0.88444,0.00000,0.08274,0.00000,0.00000,0.00000,0.00000,0.00000,0.00000,0.00000,0.00000,0.00000,0.00000,0.00000,0.00000,0.00000,0,1,0
NMAP_UDP_SCAN,1,0.81065,0.00000,0.08274,0.00000,0.00000,0.00000,0.00000,0.00000,0.00000,0.00000,0.00000,0.00000,0.00000,0.00000,0.00000,0.00000,0,1,0
NMAP_UDP_SCAN,1,0.77431,0.16160,0.16549,0.00000,0.04020,0.00000,0.03828,0.00000,0.00000,0.00000,0.00000,0.68771,0.00000,0.80172,0.00000,0.00000,0,1,0
NMAP_UDP_SCAN,1,0.62272,0.00000,0.08274,0.00000,0.00000,0.00000,0.00000,0.00000,0.00000,0.00000,0.00000,0.00000,0.00000,0.00000,0.00000,0.00000,0,1,0
NMAP_UDP_SCAN,1,0.99818,0.00000,0.08274,0.00000,0.00000,0.00000,0.00000,0.00000,0.00000,0.00000,0.00000,0.51680,0.00000,0.00000,0.00000,0.00000,0,1,0
NMAP_UDP_SCAN,1,0.89090,0.00000,0.08274,0.00000,0.00000,0.00000,0.00000,0.00000,0.00000,0.00000,0.00000,0.00000,0.00000,0.00000,0.00000,0.00000,0,1,0
NMAP_UDP_SCAN,1,0.77431,0.00000,0.08274,0.00000,0.00000,0.00000,0.00000,0.00000,0.00000,0.00000,0.00000,0.53581,0.00000,0.00000,0.00000,0.00000,0,1,0
NMAP_UDP_SCAN,1,0.94112,0.00000,0.08274,0.00000,0.00000,0.00000,0.00000,0.00000,0.00000,0.00000,0.00000,0.51680,0.00000,0.00000,0.00000,0.00000,0,1,0
NMAP_UDP_SCAN,1,0.97435,0.00000,0.08274,0.00000,0.00000,0.00000,0.00000,0.00000,0.00000,0.00000,0.00000,0.51680,0.00000,0.00000,0.00000,0.00000,0,1,0
NMAP_UDP_SCAN,1,0.98894,0.00000,0.08274,0.00000,0.00000,0.00000,0.00000,0.00000,0.00000,0.00000,0.00000,0.51680,0.00000,0.00000,0.00000,0.00000,0,1,0
NMAP_UDP_SCAN,1,0.97227,0.00000,0.08274,0.00000,0.00000,0.00000,0.00000,0.00000,0.00000,0.00000,0.00000,0.51680,0.00000,0.00000,0.00000,0.00000,0,1,0
NMAP_UDP_SCAN,1,0.88070,0.00000,0.08274,0.00000,0.00000,0.00000,0.00000,0.00000,0.00000,0.00000,0.00000,0.00000,0.00000,0.00000,0.00000,0.00000,0,1,0
NMAP_UDP_SCAN,1,0.88070,0.00000,0.08274,0.00000,0.00000,0.00000,0.00000,0.00000,0.00000,0.00000,0.00000,0.00000,0.00000,0.00000,0.00000,0.00000,0,1,0
NMAP_UDP_SCAN,1,0.97429,0.00000,0.08274,0.00000,0.00000,0.00000,0.00000,0.00000,0.00000,0.00000,0.00000,0.51680,0.00000,0.00000,0.00000,0.00000,0,1,0
NMAP_UDP_SCAN,1,0.88201,0.00000,0.08274,0.00000,0.00000,0.00000,0.00000,0.00000,0.00000,0.00000,0.00000,0.00000,0.00000,0.00000,0.00000,0.00000,0,1,0
NMAP_UDP_SCAN,1,0.89386,0.00000,0.08274,0.00000,0.00000,0.00000,0.00000,0.00000,0.00000,0.00000,0.00000,0.00000,0.00000,0.00000,0.00000,0.00000,0,1,0
NMAP_UDP_SCAN,1,0.62790,0.00000,0.08274,0.00000,0.00000,0.00000,0.00000,0.00000,0.00000,0.00000,0.00000,0.59709,0.00000,0.00000,0.00000,0.00000,0,1,0
NMAP_UDP_SCAN,1,0.89477,0.00000,0.08274,0.00000,0.00000,0.00000,0.00000,0.00000,0.00000,0.00000,0.00000,0.00000,0.00000,0.00000,0.00000,0.00000,0,1,0
NMAP_UDP_SCAN,1,0.89297,0.00000,0.08274,0.00000,0.00000,0.00000,0.00000,0.00000,0.00000,0.00000,0.00000,0.00000,0.00000,0.00000,0.00000,0.00000,0,1,0
NMAP_UDP_SCAN,1,0.92469,0.00000,0.08274,0.00000,0.00000,0.00000,0.00000,0.00000,0.00000,0.00000,0.00000,0.00000,0.00000,0.00000,0.00000,0.00000,0,1,0
NMAP_UDP_SCAN,1,0.60618,0.00000,0.08274,0.00000,0.00000,0.00000,0.00000,0.00000,0.00000,0.00000,0.00000,0.00000,0.00000,0.00000,0.00000,0.00000,0,1,0
NMAP_UDP_SCAN,1,0.94810,0.00000,0.08274,0.00000,0.00000,0.00000,0.00000,0.00000,0.00000,0.00000,0.00000,0.51680,0.00000,0.00000,0.00000,0.00000,0,1,0
NMAP_UDP_SCAN,1,0.74904,0.00000,0.08274,0.00000,0.00000,0.00000,0.00000,0.00000,0.00000,0.00000,0.00000,0.51680,0.00000,0.00000,0.00000,0.00000,0,1,0
NMAP_UDP_SCAN,1,0.56384,0.00000,0.08274,0.00000,0.00000,0.00000,0.00000,0.00000,0.00000,0.00000,0.00000,0.00000,0.00000,0.00000,0.00000,0.00000,0,1,0
NMAP_UDP_SCAN,1,0.97427,0.00000,0.08274,0.00000,0.00000,0.00000,0.00000,0.00000,0.00000,0.00000,0.00000,0.51680,0.00000,0.00000,0.00000,0.00000,0,1,0
NMAP_UDP_SCAN,1,0.74105,0.00000,0.08274,0.00000,0.00000,0.00000,0.00000,0.00000,0.00000,0.00000,0.00000,0.00000,0.00000,0.00000,0.00000,0.00000,0,1,0
NMAP_UDP_SCAN,1,0.99281,0.00000,0.08274,0.00000,0.00000,0.00000,0.00000,0.00000,0.00000,0.00000,0.00000,0.51680,0.00000,0.00000,0.00000,0.00000,0,1,0
NMAP_UDP_SCAN,1,0.98919,0.00000,0.08274,0.00000,0.00000,0.00000,0.00000,0.00000,0.00000,0.00000,0.00000,0.51680,0.00000,0.00000,0.00000,0.00000,0,1,0
NMAP_UDP_SCAN,1,0.39632,0.00005,0.26229,0.00000,0.69616,0.00000,0.66301,0.00000,0.50000,0.20760,0.28906,0.46122,0.00000,0.23817,0.99992,0.00000,1,0,0
NMAP_UDP_SCAN,1,0.88025,0.00000,0.08274,0.00000,0.00000,0.00000,0.00000,0.00000,0.00000,0.00000,0.00000,0.00000,0.00000,0.00000,0.00000,0.00000,0,1,0
NMAP_UDP_SCAN,1,0.88201,0.00000,0.08274,0.00000,0.00000,0.00000,0.00000,0.00000,0.00000,0.00000,0.00000,0.00000,0.00000,0.00000,0.00000,0.00000,0,1,0
NMAP_UDP_SCAN,1,0.23801,0.00000,0.08274,0.00000,0.00000,0.00000,0.00000,0.00000,0.00000,0.00000,0.00000,0.00000,0.00000,0.00000,0.00000,0.00000,0,1,0
NMAP_UDP_SCAN,1,0.89173,0.00000,0.08274,0.00000,0.00000,0.00000,0.00000,0.00000,0.00000,0.00000,0.00000,0.00000,0.00000,0.00000,0.00000,0.00000,0,1,0
NMAP_UDP_SCAN,1,0.89083,0.00000,0.08274,0.00000,0.00000,0.00000,0.00000,0.00000,0.00000,0.00000,0.00000,0.00000,0.00000,0.00000,0.00000,0.00000,0,1,0
NMAP_UDP_SCAN,1,0.97804,0.00000,0.08274,0.00000,0.00000,0.00000,0.00000,0.00000,0.00000,0.00000,0.00000,0.51680,0.00000,0.00000,0.00000,0.00000,0,1,0
NMAP_UDP_SCAN,1,0.90155,0.00000,0.08274,0.00000,0.00000,0.00000,0.00000,0.00000,0.00000,0.00000,0.00000,0.00000,0.00000,0.00000,0.00000,0.00000,0,1,0
NMAP_UDP_SCAN,1,0.93782,0.00000,0.08274,0.00000,0.00000,0.00000,0.00000,0.00000,0.00000,0.00000,0.00000,0.51680,0.00000,0.00000,0.00000,0.00000,0,1,0
NMAP_UDP_SCAN,1,0.95594,0.00000,0.08274,0.00000,0.00000,0.00000,0.00000,0.00000,0.00000,0.00000,0.00000,0.51680,0.00000,0.00000,0.00000,0.00000,0,1,0
NMAP_UDP_SCAN,1,0.77431,0.00000,0.08274,0.00000,0.00000,0.00000,0.00000,0.00000,0.00000,0.00000,0.00000,0.65541,0.00000,0.00000,0.00000,0.00000,0,1,0
NMAP_UDP_SCAN,1,0.94311,0.00000,0.08274,0.00000,0.00000,0.00000,0.00000,0.00000,0.00000,0.00000,0.00000,0.51680,0.00000,0.00000,0.00000,0.00000,0,1,0
NMAP_UDP_SCAN,1,0.93052,0.00000,0.08274,0.00000,0.00000,0.00000,0.00000,0.00000,0.00000,0.00000,0.00000,0.00000,0.00000,0.00000,0.00000,0.00000,0,1,0
NMAP_UDP_SCAN,1,0.88911,0.00000,0.08274,0.00000,0.00000,0.00000,0.00000,0.00000,0.00000,0.00000,0.00000,0.00000,0.00000,0.00000,0.00000,0.00000,0,1,0
NMAP_UDP_SCAN,1,0.56101,0.00000,0.08274,0.00000,0.00000,0.00000,0.00000,0.00000,0.00000,0.00000,0.00000,0.00000,0.00000,0.00000,0.00000,0.00000,0,1,0
NMAP_UDP_SCAN,1,0.91065,0.00000,0.08274,0.00000,0.00000,0.00000,0.00000,0.00000,0.00000,0.00000,0.00000,0.00000,0.00000,0.00000,0.00000,0.00000,0,1,0
NMAP_UDP_SCAN,1,0.89446,0.00000,0.08274,0.00000,0.00000,0.00000,0.00000,0.00000,0.00000,0.00000,0.00000,0.00000,0.00000,0.00000,0.00000,0.00000,0,1,0
NMAP_UDP_SCAN,1,0.95174,0.00000,0.08274,0.00000,0.00000,0.00000,0.00000,0.00000,0.00000,0.00000,0.00000,0.51680,0.00000,0.00000,0.00000,0.00000,0,1,0
NMAP_UDP_SCAN,1,0.95943,0.00000,0.08274,0.00000,0.00000,0.00000,0.00000,0.00000,0.00000,0.00000,0.00000,0.51680,0.00000,0.00000,0.00000,0.00000,0,1,0
NMAP_UDP_SCAN,1,0.89845,0.00000,0.08274,0.00000,0.00000,0.00000,0.00000,0.00000,0.00000,0.00000,0.00000,0.00000,0.00000,0.00000,0.00000,0.00000,0,1,0
NMAP_UDP_SCAN,1,0.97433,0.00000,0.08274,0.00000,0.00000,0.00000,0.00000,0.00000,0.00000,0.00000,0.00000,0.51680,0.00000,0.00000,0.00000,0.00000,0,1,0
NMAP_UDP_SCAN,1,0.88940,0.00000,0.08274,0.00000,0.00000,0.00000,0.00000,0.00000,0.00000,0.00000,0.00000,0.00000,0.00000,0.00000,0.00000,0.00000,0,1,0
NMAP_UDP_SCAN,1,0.88259,0.00000,0.08274,0.00000,0.00000,0.00000,0.00000,0.00000,0.00000,0.00000,0.00000,0.00000,0.00000,0.00000,0.00000,0.00000,0,1,0
NMAP_UDP_SCAN,1,0.97168,0.00000,0.08274,0.00000,0.00000,0.00000,0.00000,0.00000,0.00000,0.00000,0.00000,0.51680,0.00000,0.00000,0.00000,0.00000,0,1,0
NMAP_UDP_SCAN,1,0.63207,0.00000,0.08274,0.00000,0.00000,0.00000,0.00000,0.00000,0.00000,0.00000,0.00000,0.59709,0.00000,0.00000,0.00000,0.00000,0,1,0
NMAP_UDP_SCAN,1,0.99832,0.00000,0.08274,0.00000,0.00000,0.00000,0.00000,0.00000,0.00000,0.00000,0.00000,0.47789,0.00000,0.00000,0.00000,0.00000,0,1,0
NMAP_UDP_SCAN,1,0.88179,0.00000,0.08274,0.00000,0.00000,0.00000,0.00000,0.00000,0.00000,0.00000,0.00000,0.00000,0.00000,0.00000,0.00000,0.00000,0,1,0
NMAP_UDP_SCAN,1,0.97690,0.00000,0.08274,0.00000,0.00000,0.00000,0.00000,0.00000,0.00000,0.00000,0.00000,0.51680,0.00000,0.00000,0.00000,0.00000,0,1,0
NMAP_UDP_SCAN,1,0.88848,0.00000,0.08274,0.00000,0.00000,0.00000,0.00000,0.00000,0.00000,0.00000,0.00000,0.00000,0.00000,0.00000,0.00000,0.00000,0,1,0
NMAP_UDP_SCAN,1,0.89297,0.00000,0.08274,0.00000,0.00000,0.00000,0.00000,0.00000,0.00000,0.00000,0.00000,0.00000,0.00000,0.00000,0.00000,0.00000,0,1,0
NMAP_UDP_SCAN,1,0.60618,0.00000,0.08274,0.00000,0.00000,0.00000,0.00000,0.00000,0.00000,0.00000,0.00000,0.00000,0.00000,0.00000,0.00000,0.00000,0,1,0
NMAP_UDP_SCAN,1,0.99201,0.00000,0.08274,0.00000,0.00000,0.00000,0.00000,0.00000,0.00000,0.00000,0.00000,0.51680,0.00000,0.00000,0.00000,0.00000,0,1,0
NMAP_UDP_SCAN,1,0.98946,0.00000,0.08274,0.00000,0.00000,0.00000,0.00000,0.00000,0.00000,0.00000,0.00000,0.51680,0.00000,0.00000,0.00000,0.00000,0,1,0
NMAP_UDP_SCAN,1,0.39632,0.00005,0.26229,0.00000,0.69547,0.00000,0.66235,0.00000,0.50000,0.20760,0.28906,0.46122,0.00000,0.23870,0.99992,0.00000,1,0,0
NMAP_UDP_SCAN,1,0.54976,0.00000,0.08274,0.00000,0.00000,0.00000,0.00000,0.00000,0.00000,0.00000,0.00000,0.58721,0.00000,0.00000,0.00000,0.00000,0,1,0
NMAP_UDP_SCAN,1,0.93777,0.00000,0.08274,0.00000,0.00000,0.00000,0.00000,0.00000,0.00000,0.00000,0.00000,0.51680,0.00000,0.00000,0.00000,0.00000,0,1,0
NMAP_UDP_SCAN,1,0.93301,0.00000,0.08274,0.00000,0.00000,0.00000,0.00000,0.00000,0.00000,0.00000,0.00000,0.00000,0.00000,0.00000,0.00000,0.00000,0,1,0
NMAP_UDP_SCAN,1,0.99102,0.00000,0.08274,0.00000,0.00000,0.00000,0.00000,0.00000,0.00000,0.00000,0.00000,0.51680,0.00000,0.00000,0.00000,0.00000,0,1,0
NMAP_UDP_SCAN,1,0.88025,0.00000,0.08274,0.00000,0.00000,0.00000,0.00000,0.00000,0.00000,0.00000,0.00000,0.00000,0.00000,0.00000,0.00000,0.00000,0,1,0
NMAP_UDP_SCAN,1,0.98107,0.00000,0.08274,0.00000,0.00000,0.00000,0.00000,0.00000,0.00000,0.00000,0.00000,0.51680,0.00000,0.00000,0.00000,0.00000,0,1,0
NMAP_UDP_SCAN,1,0.88070,0.00000,0.08274,0.00000,0.00000,0.00000,0.00000,0.00000,0.00000,0.00000,0.00000,0.00000,0.00000,0.00000,0.00000,0.00000,0,1,0
NMAP_UDP_SCAN,1,0.90516,0.00000,0.08274,0.00000,0.00000,0.00000,0.00000,0.00000,0.00000,0.00000,0.00000,0.00000,0.00000,0.00000,0.00000,0.00000,0,1,0
NMAP_UDP_SCAN,1,0.87696,0.00000,0.08274,0.00000,0.00000,0.00000,0.00000,0.00000,0.00000,0.00000,0.00000,0.00000,0.00000,0.00000,0.00000,0.00000,0,1,0
NMAP_UDP_SCAN,1,0.61931,0.00000,0.08274,0.00000,0.00000,0.00000,0.00000,0.00000,0.00000,0.00000,0.00000,0.00000,0.00000,0.00000,0.00000,0.00000,0,1,0
NMAP_UDP_SCAN,1,0.68025,0.00000,0.08274,0.00000,0.00000,0.00000,0.00000,0.00000,0.00000,0.00000,0.00000,0.00000,0.00000,0.00000,0.00000,0.00000,0,1,0
NMAP_UDP_SCAN,1,0.62730,0.00000,0.08274,0.00000,0.00000,0.00000,0.00000,0.00000,0.00000,0.00000,0.00000,0.59709,0.00000,0.00000,0.00000,0.00000,0,1,0
NMAP_UDP_SCAN,1,0.92916,0.00000,0.08274,0.00000,0.00000,0.00000,0.00000,0.00000,0.00000,0.00000,0.00000,0.00000,0.00000,0.00000,0.00000,0.00000,0,1,0
NMAP_UDP_SCAN,1,0.76817,0.00000,0.08274,0.00000,0.00000,0.00000,0.00000,0.00000,0.00000,0.00000,0.00000,0.00000,0.00000,0.00000,0.00000,0.00000,0,1,0
NMAP_UDP_SCAN,1,0.88634,0.00000,0.08274,0.00000,0.00000,0.00000,0.00000,0.00000,0.00000,0.00000,0.00000,0.00000,0.00000,0.00000,0.00000,0.00000,0,1,0
NMAP_UDP_SCAN,1,0.95803,0.00000,0.08274,0.00000,0.00000,0.00000,0.00000,0.00000,0.00000,0.00000,0.00000,0.51680,0.00000,0.00000,0.00000,0.00000,0,1,0
NMAP_UDP_SCAN,1,0.95542,0.00000,0.08274,0.00000,0.00000,0.00000,0.00000,0.00000,0.00000,0.00000,0.00000,0.51680,0.00000,0.00000,0.00000,0.00000,0,1,0
NMAP_UDP_SCAN,1,0.62600,0.00000,0.08274,0.00000,0.00000,0.00000,0.00000,0.00000,0.00000,0.00000,0.00000,0.59709,0.00000,0.00000,0.00000,0.00000,0,1,0
NMAP_UDP_SCAN,1,0.60618,0.00000,0.08274,0.00000,0.00000,0.00000,0.00000,0.00000,0.00000,0.00000,0.00000,0.00000,0.00000,0.00000,0.00000,0.00000,0,1,0
NMAP_UDP_SCAN,1,0.69198,0.00000,0.08274,0.00000,0.00000,0.00000,0.00000,0.00000,0.00000,0.00000,0.00000,0.00000,0.00000,0.00000,0.00000,0.00000,0,1,0
NMAP_UDP_SCAN,1,0.96391,0.00000,0.08274,0.00000,0.00000,0.00000,0.00000,0.00000,0.00000,0.00000,0.00000,0.51680,0.00000,0.00000,0.00000,0.00000,0,1,0
NMAP_UDP_SCAN,1,0.95572,0.00000,0.08274,0.00000,0.00000,0.00000,0.00000,0.00000,0.00000,0.00000,0.00000,0.51680,0.00000,0.00000,0.00000,0.00000,0,1,0
NMAP_UDP_SCAN,1,0.88932,0.00000,0.08274,0.00000,0.00000,0.00000,0.00000,0.00000,0.00000,0.00000,0.00000,0.00000,0.00000,0.00000,0.00000,0.00000,0,1,0
NMAP_UDP_SCAN,1,0.66793,0.00000,0.08274,0.00000,0.00000,0.00000,0.00000,0.00000,0.00000,0.00000,0.00000,0.42369,0.00000,0.00000,0.00000,0.00000,0,1,0
NMAP_UDP_SCAN,1,0.82117,0.00000,0.08274,0.00000,0.00000,0.00000,0.00000,0.00000,0.00000,0.00000,0.00000,0.00000,0.00000,0.00000,0.00000,0.00000,0,1,0
NMAP_UDP_SCAN,1,0.57069,0.00000,0.08274,0.00000,0.00000,0.00000,0.00000,0.00000,0.00000,0.00000,0.00000,0.00000,0.00000,0.00000,0.00000,0.00000,0,1,0
NMAP_UDP_SCAN,1,0.67665,0.00000,0.08274,0.00000,0.00000,0.00000,0.00000,0.00000,0.00000,0.00000,0.00000,0.42369,0.00000,0.00000,0.00000,0.00000,0,1,0
NMAP_UDP_SCAN,1,0.67184,0.00000,0.08274,0.00000,0.00000,0.00000,0.00000,0.00000,0.00000,0.00000,0.00000,0.00000,0.00000,0.00000,0.00000,0.00000,0,1,0
NMAP_UDP_SCAN,1,0.91522,0.00000,0.08274,0.00000,0.00000,0.00000,0.00000,0.00000,0.00000,0.00000,0.00000,0.00000,0.00000,0.00000,0.00000,0.00000,0,1,0
NMAP_UDP_SCAN,1,0.94561,0.00000,0.08274,0.00000,0.00000,0.00000,0.00000,0.00000,0.00000,0.00000,0.00000,0.51680,0.00000,0.00000,0.00000,0.00000,0,1,0
NMAP_UDP_SCAN,1,0.88551,0.00000,0.08274,0.00000,0.00000,0.00000,0.00000,0.00000,0.00000,0.00000,0.00000,0.00000,0.00000,0.00000,0.00000,0.00000,0,1,0
NMAP_UDP_SCAN,1,0.62530,0.00000,0.08274,0.00000,0.00000,0.00000,0.00000,0.00000,0.00000,0.00000,0.00000,0.59709,0.00000,0.00000,0.00000,0.00000,0,1,0
NMAP_UDP_SCAN,1,0.39632,0.00003,0.26229,0.00000,0.72672,0.00000,0.69212,0.00000,0.50000,0.20760,0.28906,0.46122,0.00000,0.21515,0.99992,0.00000,1,0,0
NMAP_UDP_SCAN,1,0.97434,0.00000,0.08274,0.00000,0.00000,0.00000,0.00000,0.00000,0.00000,0.00000,0.00000,0.51680,0.00000,0.00000,0.00000,0.00000,0,1,0
NMAP_UDP_SCAN,1,0.65556,0.00000,0.08274,0.00000,0.00000,0.00000,0.00000,0.00000,0.00000,0.00000,0.00000,0.00000,0.00000,0.00000,0.00000,0.00000,0,1,0
NMAP_UDP_SCAN,1,0.95120,0.00000,0.08274,0.00000,0.00000,0.00000,0.00000,0.00000,0.00000,0.00000,0.00000,0.51680,0.00000,0.00000,0.00000,0.00000,0,1,0
NMAP_UDP_SCAN,1,0.92170,0.00000,0.08274,0.00000,0.00000,0.00000,0.00000,0.00000,0.00000,0.00000,0.00000,0.34581,0.00000,0.00000,0.00000,0.00000,0,1,0
NMAP_UDP_SCAN,1,0.97438,0.00000,0.08274,0.00000,0.00000,0.00000,0.00000,0.00000,0.00000,0.00000,0.00000,0.51680,0.00000,0.00000,0.00000,0.00000,0,1,0
NMAP_UDP_SCAN,1,0.39632,0.00005,0.26229,0.00000,0.69316,0.00000,0.66015,0.00000,0.50000,0.20760,0.28906,0.46122,0.00000,0.24044,0.99992,0.00000,1,0,0
NMAP_UDP_SCAN,1,0.60618,0.00000,0.08274,0.00000,0.00000,0.00000,0.00000,0.00000,0.00000,0.00000,0.00000,0.00000,0.00000,0.00000,0.00000,0.00000,0,1,0
NMAP_UDP_SCAN,1,0.87737,0.00000,0.08274,0.00000,0.00000,0.00000,0.00000,0.00000,0.00000,0.00000,0.00000,0.00000,0.00000,0.00000,0.00000,0.00000,0,1,0
NMAP_UDP_SCAN,1,0.96141,0.00000,0.08274,0.00000,0.00000,0.00000,0.00000,0.00000,0.00000,0.00000,0.00000,0.51680,0.00000,0.00000,0.00000,0.00000,0,1,0
NMAP_UDP_SCAN,1,0.98912,0.00000,0.08274,0.00000,0.00000,0.00000,0.00000,0.00000,0.00000,0.00000,0.00000,0.51680,0.00000,0.00000,0.00000,0.00000,0,1,0
NMAP_UDP_SCAN,1,0.97303,0.00000,0.08274,0.00000,0.00000,0.00000,0.00000,0.00000,0.00000,0.00000,0.00000,0.51680,0.00000,0.00000,0.00000,0.00000,0,1,0
NMAP_UDP_SCAN,1,0.87949,0.00000,0.08274,0.00000,0.00000,0.00000,0.00000,0.00000,0.00000,0.00000,0.00000,0.58093,0.00000,0.00000,0.00000,0.00000,0,1,0
NMAP_UDP_SCAN,1,0.82117,0.00000,0.08274,0.00000,0.00000,0.00000,0.00000,0.00000,0.00000,0.00000,0.00000,0.00000,0.00000,0.00000,0.00000,0.00000,0,1,0
NMAP_UDP_SCAN,1,0.93772,0.00000,0.08274,0.00000,0.00000,0.00000,0.00000,0.00000,0.00000,0.00000,0.00000,0.51680,0.00000,0.00000,0.00000,0.00000,0,1,0
NMAP_UDP_SCAN,1,0.39632,0.00003,0.26229,0.00000,0.74220,0.00000,0.70686,0.00000,0.50000,0.20760,0.28906,0.46122,0.00000,0.20357,0.99992,0.00000,1,0,0
NMAP_UDP_SCAN,1,0.77427,0.00000,0.08274,0.00000,0.00000,0.00000,0.00000,0.00000,0.00000,0.00000,0.00000,0.15289,0.00000,0.00000,0.00000,0.00000,0,1,0
NMAP_UDP_SCAN,1,0.94066,0.00000,0.08274,0.00000,0.00000,0.00000,0.00000,0.00000,0.00000,0.00000,0.00000,0.51680,0.00000,0.00000,0.00000,0.00000,0,1,0
NMAP_UDP_SCAN,1,0.91659,0.00000,0.08274,0.00000,0.00000,0.00000,0.00000,0.00000,0.00000,0.00000,0.00000,0.00000,0.00000,0.00000,0.00000,0.00000,0,1,0
NMAP_UDP_SCAN,1,0.39632,0.00005,0.26229,0.00000,0.70306,0.00000,0.66958,0.00000,0.50000,0.20760,0.28906,0.46122,0.00000,0.23296,0.99992,0.00000,1,0,0
NMAP_UDP_SCAN,1,0.39632,0.00005,0.26229,0.00000,0.69826,0.00000,0.66501,0.00000,0.50000,0.20760,0.28906,0.46122,0.00000,0.23658,0.99992,0.00000,1,0,0
NMAP_UDP_SCAN,1,0.89193,0.00000,0.08274,0.00000,0.00000,0.00000,0.00000,0.00000,0.00000,0.00000,0.00000,0.00000,0.00000,0.00000,0.00000,0.00000,0,1,0
NMAP_UDP_SCAN,1,0.97196,0.00000,0.08274,0.00000,0.00000,0.00000,0.00000,0.00000,0.00000,0.00000,0.00000,0.51680,0.00000,0.00000,0.00000,0.00000,0,1,0
NMAP_UDP_SCAN,1,0.93366,0.00000,0.08274,0.00000,0.00000,0.00000,0.00000,0.00000,0.00000,0.00000,0.00000,0.00000,0.00000,0.00000,0.00000,0.00000,0,1,0
NMAP_UDP_SCAN,1,0.61931,0.00000,0.08274,0.00000,0.00000,0.00000,0.00000,0.00000,0.00000,0.00000,0.00000,0.00000,0.00000,0.00000,0.00000,0.00000,0,1,0
NMAP_UDP_SCAN,1,0.39632,0.00005,0.26229,0.00000,0.69643,0.00000,0.66327,0.00000,0.50000,0.20760,0.28906,0.46122,0.00000,0.23797,0.99992,0.00000,1,0,0
NMAP_UDP_SCAN,1,0.89499,0.00000,0.08274,0.00000,0.00000,0.00000,0.00000,0.00000,0.00000,0.00000,0.00000,0.00000,0.00000,0.00000,0.00000,0.00000,0,1,0
NMAP_UDP_SCAN,1,0.88589,0.00000,0.08274,0.00000,0.00000,0.00000,0.00000,0.00000,0.00000,0.00000,0.00000,0.00000,0.00000,0.00000,0.00000,0.00000,0,1,0
NMAP_UDP_SCAN,1,0.87711,0.00000,0.08274,0.00000,0.00000,0.00000,0.00000,0.00000,0.00000,0.00000,0.00000,0.00000,0.00000,0.00000,0.00000,0.00000,0,1,0
NMAP_UDP_SCAN,1,0.88927,0.00000,0.08274,0.00000,0.00000,0.00000,0.00000,0.00000,0.00000,0.00000,0.00000,0.00000,0.00000,0.00000,0.00000,0.00000,0,1,0
NMAP_UDP_SCAN,1,0.87753,0.00000,0.08274,0.00000,0.00000,0.00000,0.00000,0.00000,0.00000,0.00000,0.00000,0.00000,0.00000,0.00000,0.00000,0.00000,0,1,0
NMAP_UDP_SCAN,1,0.62153,0.00000,0.08274,0.00000,0.00000,0.00000,0.00000,0.00000,0.00000,0.00000,0.00000,0.00000,0.00000,0.00000,0.00000,0.00000,0,1,0
NMAP_UDP_SCAN,1,0.89566,0.00000,0.08274,0.00000,0.00000,0.00000,0.00000,0.00000,0.00000,0.00000,0.00000,0.00000,0.00000,0.00000,0.00000,0.00000,0,1,0
NMAP_UDP_SCAN,1,0.89222,0.00000,0.08274,0.00000,0.00000,0.00000,0.00000,0.00000,0.00000,0.00000,0.00000,0.00000,0.00000,0.00000,0.00000,0.00000,0,1,0
NMAP_UDP_SCAN,1,0.90034,0.00000,0.08274,0.00000,0.00000,0.00000,0.00000,0.00000,0.00000,0.00000,0.00000,0.00000,0.00000,0.00000,0.00000,0.00000,0,1,0
NMAP_UDP_SCAN,1,0.98930,0.00000,0.08274,0.00000,0.00000,0.00000,0.00000,0.00000,0.00000,0.00000,0.00000,0.51680,0.00000,0.00000,0.00000,0.00000,0,1,0
NMAP_UDP_SCAN,1,0.97297,0.00000,0.08274,0.00000,0.00000,0.00000,0.00000,0.00000,0.00000,0.00000,0.00000,0.51680,0.00000,0.00000,0.00000,0.00000,0,1,0
NMAP_UDP_SCAN,1,0.77765,0.00000,0.08274,0.00000,0.00000,0.00000,0.00000,0.00000,0.00000,0.00000,0.00000,0.00000,0.00000,0.00000,0.00000,0.00000,0,1,0
NMAP_UDP_SCAN,1,0.88025,0.00000,0.08274,0.00000,0.00000,0.00000,0.00000,0.00000,0.00000,0.00000,0.00000,0.00000,0.00000,0.00000,0.00000,0.00000,0,1,0
NMAP_UDP_SCAN,1,0.60618,0.00000,0.08274,0.00000,0.00000,0.00000,0.00000,0.00000,0.00000,0.00000,0.00000,0.00000,0.00000,0.00000,0.00000,0.00000,0,1,0
NMAP_UDP_SCAN,1,0.92469,0.00000,0.08274,0.00000,0.00000,0.00000,0.00000,0.00000,0.00000,0.00000,0.00000,0.00000,0.00000,0.00000,0.00000,0.00000,0,1,0
NMAP_UDP_SCAN,1,0.97427,0.00000,0.08274,0.00000,0.00000,0.00000,0.00000,0.00000,0.00000,0.00000,0.00000,0.51680,0.00000,0.00000,0.00000,0.00000,0,1,0
NMAP_UDP_SCAN,1,0.44306,0.00000,0.08274,0.00000,0.00000,0.00000,0.00000,0.00000,0.00000,0.00000,0.00000,0.59709,0.00000,0.00000,0.00000,0.00000,0,1,0
NMAP_UDP_SCAN,1,0.90715,0.00000,0.08274,0.00000,0.00000,0.00000,0.00000,0.00000,0.00000,0.00000,0.00000,0.00000,0.00000,0.00000,0.00000,0.00000,0,1,0
NMAP_UDP_SCAN,1,0.60093,0.00000,0.08274,0.00000,0.00000,0.00000,0.00000,0.00000,0.00000,0.00000,0.00000,0.00000,0.00000,0.00000,0.00000,0.00000,0,1,0
NMAP_UDP_SCAN,1,0.60618,0.00000,0.08274,0.00000,0.00000,0.00000,0.00000,0.00000,0.00000,0.00000,0.00000,0.00000,0.00000,0.00000,0.00000,0.00000,0,1,0
NMAP_UDP_SCAN,1,0.88368,0.00000,0.08274,0.00000,0.00000,0.00000,0.00000,0.00000,0.00000,0.00000,0.00000,0.00000,0.00000,0.00000,0.00000,0.00000,0,1,0
NMAP_UDP_SCAN,1,0.46733,0.00000,0.08274,0.00000,0.00000,0.00000,0.00000,0.00000,0.00000,0.00000,0.00000,0.28939,0.00000,0.00000,0.00000,0.00000,0,1,0
NMAP_UDP_SCAN,1,0.58900,0.00000,0.08274,0.00000,0.00000,0.00000,0.00000,0.00000,0.00000,0.00000,0.00000,0.00000,0.00000,0.00000,0.00000,0.00000,0,1,0
NMAP_UDP_SCAN,1,0.99908,0.00000,0.08274,0.00000,0.00000,0.00000,0.00000,0.00000,0.00000,0.00000,0.00000,0.51680,0.00000,0.00000,0.00000,0.00000,0,1,0
NMAP_UDP_SCAN,1,0.97208,0.00000,0.08274,0.00000,0.00000,0.00000,0.00000,0.00000,0.00000,0.00000,0.00000,0.51680,0.00000,0.00000,0.00000,0.00000,0,1,0
NMAP_UDP_SCAN,1,0.95688,0.00000,0.08274,0.00000,0.00000,0.00000,0.00000,0.00000,0.00000,0.00000,0.00000,0.51680,0.00000,0.00000,0.00000,0.00000,0,1,0
NMAP_UDP_SCAN,1,0.90199,0.00000,0.08274,0.00000,0.00000,0.00000,0.00000,0.00000,0.00000,0.00000,0.00000,0.00000,0.00000,0.00000,0.00000,0.00000,0,1,0
NMAP_UDP_SCAN,1,0.76192,0.00000,0.08274,0.00000,0.00000,0.00000,0.00000,0.00000,0.00000,0.00000,0.00000,0.15289,0.00000,0.00000,0.00000,0.00000,0,1,0
NMAP_UDP_SCAN,1,0.94123,0.00000,0.08274,0.00000,0.00000,0.00000,0.00000,0.00000,0.00000,0.00000,0.00000,0.51680,0.00000,0.00000,0.00000,0.00000,0,1,0
NMAP_UDP_SCAN,1,0.88850,0.00000,0.08274,0.00000,0.00000,0.00000,0.00000,0.00000,0.00000,0.00000,0.00000,0.00000,0.00000,0.00000,0.00000,0.00000,0,1,0
NMAP_UDP_SCAN,1,0.39632,0.00005,0.26229,0.00000,0.69507,0.00000,0.66197,0.00000,0.50000,0.20760,0.28906,0.46122,0.00000,0.23899,0.99992,0.00000,1,0,0
NMAP_UDP_SCAN,1,0.96001,0.00000,0.08274,0.00000,0.00000,0.00000,0.00000,0.00000,0.00000,0.00000,0.00000,0.51680,0.00000,0.00000,0.00000,0.00000,0,1,0
NMAP_UDP_SCAN,1,0.97431,0.00000,0.08274,0.00000,0.00000,0.00000,0.00000,0.00000,0.00000,0.00000,0.00000,0.51680,0.00000,0.00000,0.00000,0.00000,0,1,0
NMAP_UDP_SCAN,1,0.92916,0.00000,0.08274,0.00000,0.00000,0.00000,0.00000,0.00000,0.00000,0.00000,0.00000,0.00000,0.00000,0.00000,0.00000,0.00000,0,1,0
NMAP_UDP_SCAN,1,0.60081,0.00000,0.08274,0.00000,0.00000,0.00000,0.00000,0.00000,0.00000,0.00000,0.00000,0.00000,0.00000,0.00000,0.00000,0.00000,0,1,0
NMAP_UDP_SCAN,1,0.87608,0.00000,0.08274,0.00000,0.00000,0.00000,0.00000,0.00000,0.00000,0.00000,0.00000,0.00000,0.00000,0.00000,0.00000,0.00000,0,1,0
NMAP_UDP_SCAN,1,0.62153,0.00000,0.08274,0.00000,0.00000,0.00000,0.00000,0.00000,0.00000,0.00000,0.00000,0.00000,0.00000,0.00000,0.00000,0.00000,0,1,0
NMAP_UDP_SCAN,1,0.12503,0.67938,0.80975,0.00000,0.04995,0.00000,0.04758,0.00000,0.00000,0.00000,0.00000,0.53143,0.00000,0.76326,0.00000,0.00000,0,0,1
NMAP_UDP_SCAN,1,0.62308,0.00000,0.08274,0.00000,0.00000,0.00000,0.00000,0.00000,0.00000,0.00000,0.00000,0.00000,0.00000,0.00000,0.00000,0.00000,0,1,0
NMAP_UDP_SCAN,1,0.89979,0.00000,0.08274,0.00000,0.00000,0.00000,0.00000,0.00000,0.00000,0.00000,0.00000,0.00000,0.00000,0.00000,0.00000,0.00000,0,1,0
NMAP_UDP_SCAN,1,0.60618,0.00000,0.08274,0.00000,0.00000,0.00000,0.00000,0.00000,0.00000,0.00000,0.00000,0.00000,0.00000,0.00000,0.00000,0.00000,0,1,0
NMAP_UDP_SCAN,1,0.60618,0.00000,0.08274,0.00000,0.00000,0.00000,0.00000,0.00000,0.00000,0.00000,0.00000,0.00000,0.00000,0.00000,0.00000,0.00000,0,1,0
NMAP_UDP_SCAN,1,0.97437,0.00000,0.08274,0.00000,0.00000,0.00000,0.00000,0.00000,0.00000,0.00000,0.00000,0.51680,0.00000,0.00000,0.00000,0.00000,0,1,0
NMAP_UDP_SCAN,1,0.96144,0.00000,0.08274,0.00000,0.00000,0.00000,0.00000,0.00000,0.00000,0.00000,0.00000,0.51680,0.00000,0.00000,0.00000,0.00000,0,1,0
NMAP_UDP_SCAN,1,0.90219,0.00000,0.08274,0.00000,0.00000,0.00000,0.00000,0.00000,0.00000,0.00000,0.00000,0.00000,0.00000,0.00000,0.00000,0.00000,0,1,0
NMAP_UDP_SCAN,1,0.97490,0.00000,0.08274,0.00000,0.00000,0.00000,0.00000,0.00000,0.00000,0.00000,0.00000,0.51680,0.00000,0.00000,0.00000,0.00000,0,1,0
NMAP_UDP_SCAN,1,0.89414,0.00000,0.08274,0.00000,0.00000,0.00000,0.00000,0.00000,0.00000,0.00000,0.00000,0.00000,0.00000,0.00000,0.00000,0.00000,0,1,0
NMAP_UDP_SCAN,1,0.26067,0.00000,0.08274,0.00000,0.00000,0.00000,0.00000,0.00000,0.00000,0.00000,0.00000,0.00000,0.00000,0.00000,0.00000,0.00000,0,1,0
NMAP_UDP_SCAN,1,0.94252,0.00000,0.08274,0.00000,0.00000,0.00000,0.00000,0.00000,0.00000,0.00000,0.00000,0.51680,0.00000,0.00000,0.00000,0.00000,0,1,0
NMAP_UDP_SCAN,1,0.88089,0.00000,0.08274,0.00000,0.00000,0.00000,0.00000,0.00000,0.00000,0.00000,0.00000,0.00000,0.00000,0.00000,0.00000,0.00000,0,1,0
NMAP_UDP_SCAN,1,0.88070,0.00000,0.08274,0.00000,0.00000,0.00000,0.00000,0.00000,0.00000,0.00000,0.00000,0.00000,0.00000,0.00000,0.00000,0.00000,0,1,0
NMAP_UDP_SCAN,1,0.91659,0.00000,0.08274,0.00000,0.00000,0.00000,0.00000,0.00000,0.00000,0.00000,0.00000,0.00000,0.00000,0.00000,0.00000,0.00000,0,1,0
NMAP_UDP_SCAN,1,0.60023,0.00000,0.08274,0.00000,0.00000,0.00000,0.00000,0.00000,0.00000,0.00000,0.00000,0.00000,0.00000,0.00000,0.00000,0.00000,0,1,0
NMAP_UDP_SCAN,1,0.91276,0.00000,0.08274,0.00000,0.00000,0.00000,0.00000,0.00000,0.00000,0.00000,0.00000,0.00000,0.00000,0.00000,0.00000,0.00000,0,1,0
NMAP_UDP_SCAN,1,0.78465,0.00000,0.08274,0.00000,0.00000,0.00000,0.00000,0.00000,0.00000,0.00000,0.00000,0.00000,0.00000,0.00000,0.00000,0.00000,0,1,0
NMAP_UDP_SCAN,1,0.60618,0.00000,0.08274,0.00000,0.00000,0.00000,0.00000,0.00000,0.00000,0.00000,0.00000,0.00000,0.00000,0.00000,0.00000,0.00000,0,1,0
NMAP_UDP_SCAN,1,0.99454,0.00000,0.08274,0.00000,0.00000,0.00000,0.00000,0.00000,0.00000,0.00000,0.00000,0.51680,0.00000,0.00000,0.00000,0.00000,0,1,0
NMAP_UDP_SCAN,1,0.87854,0.00000,0.08274,0.00000,0.00000,0.00000,0.00000,0.00000,0.00000,0.00000,0.00000,0.00000,0.00000,0.00000,0.00000,0.00000,0,1,0
NMAP_UDP_SCAN,1,0.88242,0.00000,0.08274,0.00000,0.00000,0.00000,0.00000,0.00000,0.00000,0.00000,0.00000,0.00000,0.00000,0.00000,0.00000,0.00000,0,1,0
NMAP_UDP_SCAN,1,0.99421,0.00000,0.08274,0.00000,0.00000,0.00000,0.00000,0.00000,0.00000,0.00000,0.00000,0.51680,0.00000,0.00000,0.00000,0.00000,0,1,0
NMAP_UDP_SCAN,1,0.99042,0.00000,0.08274,0.00000,0.00000,0.00000,0.00000,0.00000,0.00000,0.00000,0.00000,0.51680,0.00000,0.00000,0.00000,0.00000,0,1,0
NMAP_UDP_SCAN,1,0.95959,0.00000,0.08274,0.00000,0.00000,0.00000,0.00000,0.00000,0.00000,0.00000,0.00000,0.51680,0.00000,0.00000,0.00000,0.00000,0,1,0
NMAP_UDP_SCAN,1,0.70054,0.00000,0.08274,0.00000,0.00000,0.00000,0.00000,0.00000,0.00000,0.00000,0.00000,0.00000,0.00000,0.00000,0.00000,0.00000,0,1,0
NMAP_UDP_SCAN,1,0.97839,0.00000,0.08274,0.00000,0.00000,0.00000,0.00000,0.00000,0.00000,0.00000,0.00000,0.51680,0.00000,0.00000,0.00000,0.00000,0,1,0
NMAP_UDP_SCAN,1,0.72592,0.00000,0.08274,0.00000,0.00000,0.00000,0.00000,0.00000,0.00000,0.00000,0.00000,0.00000,0.00000,0.00000,0.00000,0.00000,0,1,0
NMAP_UDP_SCAN,1,0.97862,0.00000,0.08274,0.00000,0.00000,0.00000,0.00000,0.00000,0.00000,0.00000,0.00000,0.51680,0.00000,0.00000,0.00000,0.00000,0,1,0
NMAP_UDP_SCAN,1,0.88850,0.00000,0.08274,0.00000,0.00000,0.00000,0.00000,0.00000,0.00000,0.00000,0.00000,0.00000,0.00000,0.00000,0.00000,0.00000,0,1,0
NMAP_UDP_SCAN,1,0.87538,0.00000,0.08274,0.00000,0.00000,0.00000,0.00000,0.00000,0.00000,0.00000,0.00000,0.00000,0.00000,0.00000,0.00000,0.00000,0,1,0
NMAP_UDP_SCAN,1,0.90793,0.00000,0.08274,0.00000,0.00000,0.00000,0.00000,0.00000,0.00000,0.00000,0.00000,0.00000,0.00000,0.00000,0.00000,0.00000,0,1,0
NMAP_UDP_SCAN,1,0.89955,0.00000,0.08274,0.00000,0.00000,0.00000,0.00000,0.00000,0.00000,0.00000,0.00000,0.00000,0.00000,0.00000,0.00000,0.00000,0,1,0
NMAP_UDP_SCAN,1,0.88834,0.00000,0.08274,0.00000,0.00000,0.00000,0.00000,0.00000,0.00000,0.00000,0.00000,0.00000,0.00000,0.00000,0.00000,0.00000,0,1,0
NMAP_UDP_SCAN,1,0.90134,0.00000,0.08274,0.00000,0.00000,0.00000,0.00000,0.00000,0.00000,0.00000,0.00000,0.00000,0.00000,0.00000,0.00000,0.00000,0,1,0
NMAP_UDP_SCAN,1,0.87690,0.00000,0.08274,0.00000,0.00000,0.00000,0.00000,0.00000,0.00000,0.00000,0.00000,0.00000,0.00000,0.00000,0.00000,0.00000,0,1,0
NMAP_UDP_SCAN,1,0.90593,0.00000,0.08274,0.00000,0.00000,0.00000,0.00000,0.00000,0.00000,0.00000,0.00000,0.00000,0.00000,0.00000,0.00000,0.00000,0,1,0
NMAP_UDP_SCAN,1,0.39632,0.00005,0.26229,0.00000,0.69813,0.00000,0.66488,0.00000,0.50000,0.20760,0.28906,0.46122,0.00000,0.23668,0.99992,0.00000,1,0,0
NMAP_UDP_SCAN,1,0.89912,0.00000,0.08274,0.00000,0.00000,0.00000,0.00000,0.00000,0.00000,0.00000,0.00000,0.00000,0.00000,0.00000,0.00000,0.00000,0,1,0
NMAP_UDP_SCAN,1,0.97429,0.00000,0.08274,0.00000,0.00000,0.00000,0.00000,0.00000,0.00000,0.00000,0.00000,0.51680,0.00000,0.00000,0.00000,0.00000,0,1,0
NMAP_UDP_SCAN,1,0.68773,0.00000,0.08274,0.00000,0.00000,0.00000,0.00000,0.00000,0.00000,0.00000,0.00000,0.51680,0.00000,0.00000,0.00000,0.00000,0,1,0
NMAP_UDP_SCAN,1,0.93449,0.00000,0.08274,0.00000,0.00000,0.00000,0.00000,0.00000,0.00000,0.00000,0.00000,0.00000,0.00000,0.00000,0.00000,0.00000,0,1,0
NMAP_UDP_SCAN,1,0.88653,0.00000,0.08274,0.00000,0.00000,0.00000,0.00000,0.00000,0.00000,0.00000,0.00000,0.00000,0.00000,0.00000,0.00000,0.00000,0,1,0
NMAP_UDP_SCAN,1,0.95496,0.00000,0.08274,0.00000,0.00000,0.00000,0.00000,0.00000,0.00000,0.00000,0.00000,0.51680,0.00000,0.00000,0.00000,0.00000,0,1,0
NMAP_UDP_SCAN,1,0.62884,0.00000,0.08274,0.00000,0.00000,0.00000,0.00000,0.00000,0.00000,0.00000,0.00000,0.59709,0.00000,0.00000,0.00000,0.00000,0,1,0
NMAP_UDP_SCAN,1,0.89146,0.00000,0.08274,0.00000,0.00000,0.00000,0.00000,0.00000,0.00000,0.00000,0.00000,0.00000,0.00000,0.00000,0.00000,0.00000,0,1,0
NMAP_UDP_SCAN,1,0.97429,0.00000,0.08274,0.00000,0.00000,0.00000,0.00000,0.00000,0.00000,0.00000,0.00000,0.51680,0.00000,0.00000,0.00000,0.00000,0,1,0
NMAP_UDP_SCAN,1,0.94713,0.00000,0.08274,0.00000,0.00000,0.00000,0.00000,0.00000,0.00000,0.00000,0.00000,0.51680,0.00000,0.00000,0.00000,0.00000,0,1,0
NMAP_UDP_SCAN,1,0.89763,0.00000,0.08274,0.00000,0.00000,0.00000,0.00000,0.00000,0.00000,0.00000,0.00000,0.00000,0.00000,0.00000,0.00000,0.00000,0,1,0
NMAP_UDP_SCAN,1,0.88873,0.00000,0.08274,0.00000,0.00000,0.00000,0.00000,0.00000,0.00000,0.00000,0.00000,0.00000,0.00000,0.00000,0.00000,0.00000,0,1,0
NMAP_UDP_SCAN,1,0.88589,0.00000,0.08274,0.00000,0.00000,0.00000,0.00000,0.00000,0.00000,0.00000,0.00000,0.00000,0.00000,0.00000,0.00000,0.00000,0,1,0
NMAP_UDP_SCAN,1,0.46733,0.00000,0.08274,0.00000,0.00000,0.00000,0.00000,0.00000,0.00000,0.00000,0.00000,0.28939,0.00000,0.00000,0.00000,0.00000,0,1,0
NMAP_UDP_SCAN,1,0.89549,0.00000,0.08274,0.00000,0.00000,0.00000,0.00000,0.00000,0.00000,0.00000,0.00000,0.00000,0.00000,0.00000,0.00000,0.00000,0,1,0
NMAP_UDP_SCAN,1,0.88961,0.00000,0.08274,0.00000,0.00000,0.00000,0.00000,0.00000,0.00000,0.00000,0.00000,0.00000,0.00000,0.00000,0.00000,0.00000,0,1,0
NMAP_UDP_SCAN,1,0.98915,0.00000,0.08274,0.00000,0.00000,0.00000,0.00000,0.00000,0.00000,0.00000,0.00000,0.51680,0.00000,0.00000,0.00000,0.00000,0,1,0
NMAP_UDP_SCAN,1,0.39632,0.04556,0.23229,0.19430,0.17564,0.16374,0.20613,0.30951,0.50000,0.25581,0.00000,0.38143,0.46960,0.62770,0.99820,0.99894,1,0,0
NMAP_UDP_SCAN,1,0.60618,0.00000,0.08274,0.00000,0.00000,0.00000,0.00000,0.00000,0.00000,0.00000,0.00000,0.00000,0.00000,0.00000,0.00000,0.00000,0,1,0
NMAP_UDP_SCAN,1,0.88993,0.00000,0.08274,0.00000,0.00000,0.00000,0.00000,0.00000,0.00000,0.00000,0.00000,0.00000,0.00000,0.00000,0.00000,0.00000,0,1,0
NMAP_UDP_SCAN,1,0.87606,0.00000,0.08274,0.00000,0.00000,0.00000,0.00000,0.00000,0.00000,0.00000,0.00000,0.00000,0.00000,0.00000,0.00000,0.00000,0,1,0
NMAP_UDP_SCAN,1,0.96420,0.00000,0.08274,0.00000,0.00000,0.00000,0.00000,0.00000,0.00000,0.00000,0.00000,0.51680,0.00000,0.00000,0.00000,0.00000,0,1,0
NMAP_UDP_SCAN,1,0.76905,0.00000,0.08274,0.00000,0.00000,0.00000,0.00000,0.00000,0.00000,0.00000,0.00000,0.00000,0.00000,0.00000,0.00000,0.00000,0,1,0
NMAP_UDP_SCAN,1,0.39632,0.00002,0.26229,0.00000,0.76507,0.00000,0.72863,0.00000,0.50000,0.20760,0.28906,0.46122,0.00000,0.18658,0.99992,0.00000,1,0,0
NMAP_UDP_SCAN,1,0.88525,0.00000,0.08274,0.00000,0.00000,0.00000,0.00000,0.00000,0.00000,0.00000,0.00000,0.00000,0.00000,0.00000,0.00000,0.00000,0,1,0
NMAP_UDP_SCAN,1,0.87975,0.00000,0.08274,0.00000,0.00000,0.00000,0.00000,0.00000,0.00000,0.00000,0.00000,0.00000,0.00000,0.00000,0.00000,0.00000,0,1,0
NMAP_UDP_SCAN,1,0.95667,0.00000,0.08274,0.00000,0.00000,0.00000,0.00000,0.00000,0.00000,0.00000,0.00000,0.51680,0.00000,0.00000,0.00000,0.00000,0,1,0
NMAP_UDP_SCAN,1,0.97354,0.00000,0.08274,0.00000,0.00000,0.00000,0.00000,0.00000,0.00000,0.00000,0.00000,0.51680,0.00000,0.00000,0.00000,0.00000,0,1,0
NMAP_UDP_SCAN,1,0.91429,0.00000,0.08274,0.00000,0.00000,0.00000,0.00000,0.00000,0.00000,0.00000,0.00000,0.00000,0.00000,0.00000,0.00000,0.00000,0,1,0
NMAP_UDP_SCAN,1,0.89190,0.00000,0.08274,0.00000,0.00000,0.00000,0.00000,0.00000,0.00000,0.00000,0.00000,0.00000,0.00000,0.00000,0.00000,0.00000,0,1,0
NMAP_UDP_SCAN,1,0.76821,0.00000,0.08274,0.00000,0.00000,0.00000,0.00000,0.00000,0.00000,0.00000,0.00000,0.00000,0.00000,0.00000,0.00000,0.00000,0,1,0
NMAP_UDP_SCAN,1,0.99889,0.00000,0.08274,0.00000,0.00000,0.00000,0.00000,0.00000,0.00000,0.00000,0.00000,0.51680,0.00000,0.00000,0.00000,0.00000,0,1,0
NMAP_UDP_SCAN,1,0.94972,0.00000,0.08274,0.00000,0.00000,0.00000,0.00000,0.00000,0.00000,0.00000,0.00000,0.51680,0.00000,0.00000,0.00000,0.00000,0,1,0
NMAP_UDP_SCAN,1,0.97227,0.00000,0.08274,0.00000,0.00000,0.00000,0.00000,0.00000,0.00000,0.00000,0.00000,0.51680,0.00000,0.00000,0.00000,0.00000,0,1,0
NMAP_UDP_SCAN,1,0.89845,0.00000,0.08274,0.00000,0.00000,0.00000,0.00000,0.00000,0.00000,0.00000,0.00000,0.00000,0.00000,0.00000,0.00000,0.00000,0,1,0
NMAP_UDP_SCAN,1,0.55393,0.00000,0.08274,0.00000,0.00000,0.00000,0.00000,0.00000,0.00000,0.00000,0.00000,0.00000,0.00000,0.00000,0.00000,0.00000,0,1,0
NMAP_UDP_SCAN,1,0.97856,0.00000,0.08274,0.00000,0.00000,0.00000,0.00000,0.00000,0.00000,0.00000,0.00000,0.51680,0.00000,0.00000,0.00000,0.00000,0,1,0
NMAP_UDP_SCAN,1,0.39632,0.00005,0.26229,0.00000,0.69813,0.00000,0.66488,0.00000,0.50000,0.20760,0.28906,0.46122,0.00000,0.23668,0.99992,0.00000,1,0,0
NMAP_UDP_SCAN,1,0.76905,0.00000,0.08274,0.00000,0.00000,0.00000,0.00000,0.00000,0.00000,0.00000,0.00000,0.00000,0.00000,0.00000,0.00000,0.00000,0,1,0
NMAP_UDP_SCAN,1,0.88993,0.00000,0.08274,0.00000,0.00000,0.00000,0.00000,0.00000,0.00000,0.00000,0.00000,0.00000,0.00000,0.00000,0.00000,0.00000,0,1,0
NMAP_UDP_SCAN,1,0.76821,0.00000,0.08274,0.00000,0.00000,0.00000,0.00000,0.00000,0.00000,0.00000,0.00000,0.00000,0.00000,0.00000,0.00000,0.00000,0,1,0
NMAP_UDP_SCAN,1,0.62379,0.00000,0.08274,0.00000,0.00000,0.00000,0.00000,0.00000,0.00000,0.00000,0.00000,0.00000,0.00000,0.00000,0.00000,0.00000,0,1,0
NMAP_UDP_SCAN,1,0.98930,0.00000,0.08274,0.00000,0.00000,0.00000,0.00000,0.00000,0.00000,0.00000,0.00000,0.51680,0.00000,0.00000,0.00000,0.00000,0,1,0
NMAP_UDP_SCAN,1,0.39632,0.00005,0.26229,0.00000,0.69409,0.00000,0.66104,0.00000,0.50000,0.20760,0.28906,0.46122,0.00000,0.23974,0.99992,0.00000,1,0,0
NMAP_UDP_SCAN,1,0.89189,0.00000,0.08274,0.00000,0.00000,0.00000,0.00000,0.00000,0.00000,0.00000,0.00000,0.00000,0.00000,0.00000,0.00000,0.00000,0,1,0
NMAP_UDP_SCAN,1,0.93771,0.00000,0.08274,0.00000,0.00000,0.00000,0.00000,0.00000,0.00000,0.00000,0.00000,0.51680,0.00000,0.00000,0.00000,0.00000,0,1,0
NMAP_UDP_SCAN,1,0.67407,0.00000,0.08274,0.00000,0.00000,0.00000,0.00000,0.00000,0.00000,0.00000,0.00000,0.00000,0.00000,0.00000,0.00000,0.00000,0,1,0
NMAP_UDP_SCAN,1,0.88945,0.00000,0.08274,0.00000,0.00000,0.00000,0.00000,0.00000,0.00000,0.00000,0.00000,0.00000,0.00000,0.00000,0.00000,0.00000,0,1,0
NMAP_UDP_SCAN,1,0.58160,0.00000,0.08274,0.00000,0.00000,0.00000,0.00000,0.00000,0.00000,0.00000,0.00000,0.00000,0.00000,0.00000,0.00000,0.00000,0,1,0
NMAP_UDP_SCAN,1,0.62299,0.00000,0.08274,0.00000,0.00000,0.00000,0.00000,0.00000,0.00000,0.00000,0.00000,0.00000,0.00000,0.00000,0.00000,0.00000,0,1,0
NMAP_UDP_SCAN,1,0.90812,0.00000,0.08274,0.00000,0.00000,0.00000,0.00000,0.00000,0.00000,0.00000,0.00000,0.00000,0.00000,0.00000,0.00000,0.00000,0,1,0
NMAP_UDP_SCAN,1,0.88702,0.00000,0.08274,0.00000,0.00000,0.00000,0.00000,0.00000,0.00000,0.00000,0.00000,0.00000,0.00000,0.00000,0.00000,0.00000,0,1,0
NMAP_XMAS_TREE_SCAN,1,0.63305,0.00000,0.08274,0.07517,0.85710,0.85710,0.86391,0.35394,0.00000,0.07395,0.28906,0.00000,0.00000,0.11427,0.62509,0.00000,1,0,0
NMAP_XMAS_TREE_SCAN,1,0.43617,0.00000,0.08274,0.07517,0.86781,0.86781,0.87410,0.35394,0.00000,0.07395,0.28906,0.00000,0.00000,0.10717,0.62509,0.00000,1,0,0
NMAP_XMAS_TREE_SCAN,1,0.64823,0.00000,0.08274,0.07517,0.85466,0.85466,0.86158,0.35394,0.00000,0.07395,0.28906,0.00000,0.00000,0.11591,0.62509,0.00000,1,0,0
NMAP_XMAS_TREE_SCAN,1,0.81152,0.00000,0.08274,0.07517,0.85710,0.85710,0.86391,0.35394,0.00000,0.07395,0.28906,0.00000,0.00000,0.11427,0.62509,0.00000,1,0,0
NMAP_XMAS_TREE_SCAN,1,0.79695,0.00000,0.08274,0.07517,0.85466,0.85466,0.86158,0.35394,0.00000,0.07395,0.28906,0.00000,0.00000,0.11591,0.62509,0.00000,1,0,0
NMAP_XMAS_TREE_SCAN,1,0.73085,0.00000,0.08274,0.07517,0.83760,0.83760,0.84534,0.35394,0.00000,0.07395,0.28906,0.00000,0.00000,0.12752,0.62509,0.00000,1,0,0
NMAP_XMAS_TREE_SCAN,1,0.78965,0.00000,0.08274,0.07517,0.76429,0.76429,0.77551,0.35394,0.00000,0.07395,0.28906,0.00000,0.00000,0.18004,0.62509,0.00000,1,0,0
NMAP_XMAS_TREE_SCAN,1,0.69105,0.00000,0.08274,0.07517,0.86781,0.86781,0.87410,0.35394,0.00000,0.07395,0.28906,0.00000,0.00000,0.10717,0.62509,0.00000,1,0,0
NMAP_XMAS_TREE_SCAN,1,0.39632,0.00000,0.08274,0.00000,0.00000,0.00000,0.00000,0.00000,0.00000,0.00000,0.00000,0.00000,0.00000,0.00000,0.62509,0.00000,1,0,0
NMAP_XMAS_TREE_SCAN,1,0.56808,0.00000,0.08274,0.07517,0.78039,0.78039,0.79084,0.35394,0.00000,0.07395,0.28906,0.00000,0.00000,0.16824,0.62509,0.00000,1,0,0
NMAP_XMAS_TREE_SCAN,1,0.83002,0.00000,0.08274,0.07517,0.85466,0.85466,0.86158,0.35394,0.00000,0.07395,0.28906,0.00000,0.00000,0.11591,0.62509,0.00000,1,0,0
NMAP_XMAS_TREE_SCAN,1,0.76832,0.00000,0.08274,0.07517,0.86781,0.86781,0.87410,0.35394,0.00000,0.07395,0.28906,0.00000,0.00000,0.10717,0.62509,0.00000,1,0,0
NMAP_XMAS_TREE_SCAN,1,0.95174,0.00000,0.08274,0.07517,0.86781,0.86781,0.87410,0.35394,0.00000,0.07395,0.28906,0.00000,0.00000,0.10717,0.62509,0.00000,1,0,0
NMAP_XMAS_TREE_SCAN,1,0.67610,0.00000,0.08274,0.07517,0.83760,0.83760,0.84534,0.35394,0.00000,0.07395,0.28906,0.00000,0.00000,0.12752,0.62509,0.00000,1,0,0
NMAP_XMAS_TREE_SCAN,1,0.67090,0.00000,0.08274,0.07517,0.86781,0.86781,0.87410,0.35394,0.00000,0.07395,0.28906,0.00000,0.00000,0.10717,0.62509,0.00000,1,0,0
NMAP_XMAS_TREE_SCAN,1,0.68706,0.00000,0.08274,0.07517,0.85466,0.85466,0.86158,0.35394,0.00000,0.07395,0.28906,0.00000,0.00000,0.11591,0.62509,0.00000,1,0,0
NMAP_XMAS_TREE_SCAN,1,0.84015,0.00000,0.08274,0.07517,0.86781,0.86781,0.87410,0.35394,0.00000,0.07395,0.28906,0.00000,0.00000,0.10717,0.62509,0.00000,1,0,0
NMAP_XMAS_TREE_SCAN,1,0.57005,0.00000,0.08274,0.07517,0.86781,0.86781,0.87410,0.35394,0.00000,0.07395,0.28906,0.00000,0.00000,0.10717,0.62509,0.00000,1,0,0
NMAP_XMAS_TREE_SCAN,1,0.88386,0.00000,0.08274,0.07517,0.86781,0.86781,0.87410,0.35394,0.00000,0.07395,0.28906,0.00000,0.00000,0.10717,0.62509,0.00000,1,0,0
NMAP_XMAS_TREE_SCAN,1,0.79246,0.00000,0.08274,0.07517,0.86781,0.86781,0.87410,0.35394,0.00000,0.07395,0.28906,0.00000,0.00000,0.10717,0.62509,0.00000,1,0,0
NMAP_XMAS_TREE_SCAN,1,0.59374,0.00000,0.08274,0.07517,0.86498,0.86498,0.87141,0.35394,0.00000,0.07395,0.28906,0.00000,0.00000,0.10903,0.62509,0.00000,1,0,0
NMAP_XMAS_TREE_SCAN,1,0.62959,0.00000,0.08274,0.07517,0.86781,0.86781,0.87410,0.35394,0.00000,0.07395,0.28906,0.00000,0.00000,0.10717,0.62509,0.00000,1,0,0
NMAP_XMAS_TREE_SCAN,1,0.42474,0.00000,0.08274,0.07517,0.77382,0.77382,0.78459,0.35394,0.00000,0.07395,0.28906,0.00000,0.00000,0.17304,0.62509,0.00000,1,0,0
NMAP_XMAS_TREE_SCAN,1,0.81494,0.00000,0.08274,0.07517,0.84778,0.84778,0.85503,0.35394,0.00000,0.07395,0.28906,0.00000,0.00000,0.12055,0.62509,0.00000,1,0,0
NMAP_XMAS_TREE_SCAN,1,0.78610,0.00000,0.08274,0.07517,0.86781,0.86781,0.87410,0.35394,0.00000,0.07395,0.28906,0.00000,0.00000,0.10717,0.62509,0.00000,1,0,0
NMAP_XMAS_TREE_SCAN,1,0.75333,0.00000,0.08274,0.07517,0.84778,0.84778,0.85503,0.35394,0.00000,0.07395,0.28906,0.00000,0.00000,0.12055,0.62509,0.00000,1,0,0
NMAP_XMAS_TREE_SCAN,1,0.81386,0.00000,0.08274,0.07517,0.86781,0.86781,0.87410,0.35394,0.00000,0.07395,0.28906,0.00000,0.00000,0.10717,0.62509,0.00000,1,0,0
NMAP_XMAS_TREE_SCAN,1,0.66864,0.00000,0.08274,0.07517,0.85710,0.85710,0.86391,0.35394,0.00000,0.07395,0.28906,0.00000,0.00000,0.11427,0.62509,0.00000,1,0,0
NMAP_XMAS_TREE_SCAN,1,0.62850,0.00000,0.08274,0.07517,0.75347,0.75347,0.76520,0.35394,0.00000,0.07395,0.28906,0.00000,0.00000,0.18803,0.62509,0.00000,1,0,0
NMAP_XMAS_TREE_SCAN,1,0.63837,0.00000,0.08274,0.07517,0.77304,0.77304,0.78385,0.35394,0.00000,0.07395,0.28906,0.00000,0.00000,0.17361,0.62509,0.00000,1,0,0
NMAP_XMAS_TREE_SCAN,1,0.47784,0.00000,0.08274,0.07517,0.84778,0.84778,0.85503,0.35394,0.00000,0.07395,0.28906,0.00000,0.00000,0.12055,0.62509,0.00000,1,0,0
NMAP_XMAS_TREE_SCAN,1,0.89319,0.00000,0.08274,0.07517,0.86781,0.86781,0.87410,0.35394,0.00000,0.07395,0.28906,0.00000,0.00000,0.10717,0.62509,0.00000,1,0,0
NMAP_XMAS_TREE_SCAN,1,0.97845,0.00000,0.08274,0.07517,0.85710,0.85710,0.86391,0.35394,0.00000,0.07395,0.28906,0.00000,0.00000,0.11427,0.62509,0.00000,1,0,0
NMAP_XMAS_TREE_SCAN,1,0.35281,0.00000,0.08274,0.07517,0.85466,0.85466,0.86158,0.35394,0.00000,0.07395,0.28906,0.00000,0.00000,0.11591,0.62509,0.00000,1,0,0
NMAP_XMAS_TREE_SCAN,1,0.74772,0.00000,0.08274,0.07517,0.88038,0.88038,0.88608,0.35394,0.00000,0.07395,0.28906,0.00000,0.00000,0.09903,0.62509,0.00000,1,0,0
NMAP_XMAS_TREE_SCAN,1,0.14515,0.00000,0.08274,0.07517,0.88038,0.88038,0.88608,0.35394,0.00000,0.07395,0.28906,0.00000,0.00000,0.09903,0.62509,0.00000,1,0,0
NMAP_XMAS_TREE_SCAN,1,0.78157,0.00000,0.08274,0.07517,0.86781,0.86781,0.87410,0.35394,0.00000,0.07395,0.28906,0.00000,0.00000,0.10717,0.62509,0.00000,1,0,0
NMAP_XMAS_TREE_SCAN,1,0.69290,0.00000,0.08274,0.07517,0.91498,0.91498,0.91903,0.35394,0.00000,0.07395,0.28906,0.00000,0.00000,0.07793,0.62509,0.00000,1,0,0
NMAP_XMAS_TREE_SCAN,1,0.77214,0.00000,0.08274,0.07517,0.84563,0.84563,0.85298,0.35394,0.00000,0.07395,0.28906,0.00000,0.00000,0.12202,0.62509,0.00000,1,0,0
NMAP_XMAS_TREE_SCAN,1,0.92140,0.00000,0.08274,0.07517,0.86781,0.86781,0.87410,0.35394,0.00000,0.07395,0.28906,0.00000,0.00000,0.10717,0.62509,0.00000,1,0,0
NMAP_XMAS_TREE_SCAN,1,0.91757,0.00000,0.08274,0.07517,0.86781,0.86781,0.87410,0.35394,0.00000,0.07395,0.28906,0.00000,0.00000,0.10717,0.62509,0.00000,1,0,0
NMAP_XMAS_TREE_SCAN,1,0.60104,0.00000,0.08274,0.07517,0.86781,0.86781,0.87410,0.35394,0.00000,0.07395,0.28906,0.00000,0.00000,0.10717,0.62509,0.00000,1,0,0
NMAP_XMAS_TREE_SCAN,1,0.72962,0.00000,0.08274,0.07517,0.86781,0.86781,0.87410,0.35394,0.00000,0.07395,0.28906,0.00000,0.00000,0.10717,0.62509,0.00000,1,0,0
NMAP_XMAS_TREE_SCAN,1,0.71623,0.00000,0.08274,0.07517,0.74458,0.74458,0.75674,0.35394,0.00000,0.07395,0.28906,0.00000,0.00000,0.19463,0.62509,0.00000,1,0,0
NMAP_XMAS_TREE_SCAN,1,0.72586,0.00000,0.08274,0.07517,0.76159,0.76159,0.77294,0.35394,0.00000,0.07395,0.28906,0.00000,0.00000,0.18203,0.62509,0.00000,1,0,0
NMAP_XMAS_TREE_SCAN,1,0.77169,0.00000,0.08274,0.07517,0.86781,0.86781,0.87410,0.35394,0.00000,0.07395,0.28906,0.00000,0.00000,0.10717,0.62509,0.00000,1,0,0
NMAP_XMAS_TREE_SCAN,1,0.62626,0.00000,0.08274,0.07517,0.86781,0.86781,0.87410,0.35394,0.00000,0.07395,0.28906,0.00000,0.00000,0.10717,0.62509,0.00000,1,0,0
NMAP_XMAS_TREE_SCAN,1,0.82589,0.00000,0.08274,0.07517,0.86781,0.86781,0.87410,0.35394,0.00000,0.07395,0.28906,0.00000,0.00000,0.10717,0.62509,0.00000,1,0,0
NMAP_XMAS_TREE_SCAN,1,0.62696,0.00000,0.08274,0.07517,0.85466,0.85466,0.86158,0.35394,0.00000,0.07395,0.28906,0.00000,0.00000,0.11591,0.62509,0.00000,1,0,0
NMAP_XMAS_TREE_SCAN,1,0.68843,0.00000,0.08274,0.07517,0.77304,0.77304,0.78385,0.35394,0.00000,0.07395,0.28906,0.00000,0.00000,0.17361,0.62509,0.00000,1,0,0
NMAP_XMAS_TREE_SCAN,1,0.82116,0.00000,0.08274,0.07517,0.80114,0.80114,0.81061,0.35394,0.00000,0.07395,0.28906,0.00000,0.00000,0.15322,0.62509,0.00000,1,0,0
NMAP_XMAS_TREE_SCAN,1,0.79026,0.00000,0.08274,0.07517,0.77001,0.77001,0.78096,0.35394,0.00000,0.07395,0.28906,0.00000,0.00000,0.17584,0.62509,0.00000,1,0,0
NMAP_XMAS_TREE_SCAN,1,0.89226,0.00000,0.08274,0.07517,0.85466,0.85466,0.86158,0.35394,0.00000,0.07395,0.28906,0.00000,0.00000,0.11591,0.62509,0.00000,1,0,0
NMAP_XMAS_TREE_SCAN,1,0.35281,0.00000,0.08274,0.07517,0.95000,0.95000,0.95238,0.35394,0.00000,0.07395,0.28906,0.00000,0.00000,0.05895,0.62509,0.00000,1,0,0
NMAP_XMAS_TREE_SCAN,1,0.88987,0.00000,0.08274,0.07517,0.86781,0.86781,0.87410,0.35394,0.00000,0.07395,0.28906,0.00000,0.00000,0.10717,0.62509,0.00000,1,0,0
NMAP_XMAS_TREE_SCAN,1,0.76971,0.00000,0.08274,0.07517,0.86781,0.86781,0.87410,0.35394,0.00000,0.07395,0.28906,0.00000,0.00000,0.10717,0.62509,0.00000,1,0,0
NMAP_XMAS_TREE_SCAN,1,0.76875,0.00000,0.08274,0.07517,0.85710,0.85710,0.86391,0.35394,0.00000,0.07395,0.28906,0.00000,0.00000,0.11427,0.62509,0.00000,1,0,0
NMAP_XMAS_TREE_SCAN,1,0.78155,0.00000,0.08274,0.07517,0.85466,0.85466,0.86158,0.35394,0.00000,0.07395,0.28906,0.00000,0.00000,0.11591,0.62509,0.00000,1,0,0
NMAP_XMAS_TREE_SCAN,1,0.99902,0.00000,0.08274,0.07517,0.86781,0.86781,0.87410,0.35394,0.00000,0.07395,0.28906,0.00000,0.00000,0.10717,0.62509,0.00000,1,0,0
NMAP_XMAS_TREE_SCAN,1,0.75757,0.00000,0.08274,0.07517,0.85710,0.85710,0.86391,0.35394,0.00000,0.07395,0.28906,0.00000,0.00000,0.11427,0.62509,0.00000,1,0,0
NMAP_XMAS_TREE_SCAN,1,0.51500,0.00000,0.08274,0.07517,0.75406,0.75406,0.76577,0.35394,0.00000,0.07395,0.28906,0.00000,0.00000,0.18759,0.62509,0.00000,1,0,0
NMAP_XMAS_TREE_SCAN,1,0.62583,0.00000,0.08274,0.07517,0.86498,0.86498,0.87141,0.35394,0.00000,0.07395,0.28906,0.00000,0.00000,0.10903,0.62509,0.00000,1,0,0
NMAP_XMAS_TREE_SCAN,1,0.93771,0.00000,0.08274,0.07517,0.89563,0.89563,0.90060,0.35394,0.00000,0.07395,0.28906,0.00000,0.00000,0.08948,0.62509,0.00000,1,0,0
NMAP_XMAS_TREE_SCAN,1,0.67184,0.00000,0.08274,0.07517,0.86781,0.86781,0.87410,0.35394,0.00000,0.07395,0.28906,0.00000,0.00000,0.10717,0.62509,0.00000,1,0,0
NMAP_XMAS_TREE_SCAN,1,0.89999,0.00000,0.08274,0.07517,0.84563,0.84563,0.85298,0.35394,0.00000,0.07395,0.28906,0.00000,0.00000,0.12202,0.62509,0.00000,1,0,0
NMAP_XMAS_TREE_SCAN,1,0.60104,0.00000,0.08274,0.07517,0.86781,0.86781,0.87410,0.35394,0.00000,0.07395,0.28906,0.00000,0.00000,0.10717,0.62509,0.00000,1,0,0
NMAP_XMAS_TREE_SCAN,1,0.67026,0.00000,0.08274,0.07517,0.95000,0.95000,0.95238,0.35394,0.00000,0.07395,0.28906,0.00000,0.00000,0.05895,0.62509,0.00000,1,0,0
NMAP_XMAS_TREE_SCAN,1,0.82525,0.00000,0.08274,0.07517,0.86781,0.86781,0.87410,0.35394,0.00000,0.07395,0.28906,0.00000,0.00000,0.10717,0.62509,0.00000,1,0,0
NMAP_XMAS_TREE_SCAN,1,0.98808,0.00000,0.08274,0.07517,0.85710,0.85710,0.86391,0.35394,0.00000,0.07395,0.28906,0.00000,0.00000,0.11427,0.62509,0.00000,1,0,0
NMAP_XMAS_TREE_SCAN,1,0.70175,0.00000,0.08274,0.07517,0.88038,0.88038,0.88608,0.35394,0.00000,0.07395,0.28906,0.00000,0.00000,0.09903,0.62509,0.00000,1,0,0
NMAP_XMAS_TREE_SCAN,1,0.56065,0.00000,0.08274,0.07517,0.85466,0.85466,0.86158,0.35394,0.00000,0.07395,0.28906,0.00000,0.00000,0.11591,0.62509,0.00000,1,0,0
NMAP_XMAS_TREE_SCAN,1,0.71932,0.00000,0.08274,0.07517,0.81781,0.81781,0.82648,0.35394,0.00000,0.07395,0.28906,0.00000,0.00000,0.14134,0.62509,0.00000,1,0,0
NMAP_XMAS_TREE_SCAN,1,0.67973,0.00000,0.08274,0.07517,0.86498,0.86498,0.87141,0.35394,0.00000,0.07395,0.28906,0.00000,0.00000,0.10903,0.62509,0.00000,1,0,0
NMAP_XMAS_TREE_SCAN,1,0.72959,0.00000,0.08274,0.07517,0.84778,0.84778,0.85503,0.35394,0.00000,0.07395,0.28906,0.00000,0.00000,0.12055,0.62509,0.00000,1,0,0
NMAP_XMAS_TREE_SCAN,1,0.63043,0.00000,0.08274,0.07517,0.86781,0.86781,0.87410,0.35394,0.00000,0.07395,0.28906,0.00000,0.00000,0.10717,0.62509,0.00000,1,0,0
NMAP_XMAS_TREE_SCAN,1,0.79981,0.00000,0.08274,0.07517,0.85466,0.85466,0.86158,0.35394,0.00000,0.07395,0.28906,0.00000,0.00000,0.11591,0.62509,0.00000,1,0,0
NMAP_XMAS_TREE_SCAN,1,0.83227,0.00000,0.08274,0.07517,0.81226,0.81226,0.82120,0.35394,0.00000,0.07395,0.28906,0.00000,0.00000,0.14528,0.62509,0.00000,1,0,0
NMAP_XMAS_TREE_SCAN,1,0.78467,0.00000,0.08274,0.07517,0.86781,0.86781,0.87410,0.35394,0.00000,0.07395,0.28906,0.00000,0.00000,0.10717,0.62509,0.00000,1,0,0
NMAP_XMAS_TREE_SCAN,1,0.93187,0.00000,0.08274,0.07517,0.77304,0.77304,0.78385,0.35394,0.00000,0.07395,0.28906,0.00000,0.00000,0.17361,0.62509,0.00000,1,0,0
NMAP_XMAS_TREE_SCAN,1,0.72984,0.00000,0.08274,0.07517,0.86781,0.86781,0.87410,0.35394,0.00000,0.07395,0.28906,0.00000,0.00000,0.10717,0.62509,0.00000,1,0,0
NMAP_XMAS_TREE_SCAN,1,0.70202,0.00000,0.08274,0.07517,0.86781,0.86781,0.87410,0.35394,0.00000,0.07395,0.28906,0.00000,0.00000,0.10717,0.62509,0.00000,1,0,0
NMAP_XMAS_TREE_SCAN,1,0.81065,0.00000,0.08274,0.07517,0.84563,0.84563,0.85298,0.35394,0.00000,0.07395,0.28906,0.00000,0.00000,0.12202,0.62509,0.00000,1,0,0
NMAP_XMAS_TREE_SCAN,1,0.55276,0.00000,0.08274,0.07517,0.84563,0.84563,0.85298,0.35394,0.00000,0.07395,0.28906,0.00000,0.00000,0.12202,0.62509,0.00000,1,0,0
NMAP_XMAS_TREE_SCAN,1,0.63761,0.00000,0.08274,0.07517,0.91498,0.91498,0.91903,0.35394,0.00000,0.07395,0.28906,0.00000,0.00000,0.07793,0.62509,0.00000,1,0,0
NMAP_XMAS_TREE_SCAN,1,0.79858,0.00000,0.08274,0.07517,0.78039,0.78039,0.79084,0.35394,0.00000,0.07395,0.28906,0.00000,0.00000,0.16824,0.62509,0.00000,1,0,0
NMAP_XMAS_TREE_SCAN,1,0.57944,0.00000,0.08274,0.07517,0.86781,0.86781,0.87410,0.35394,0.00000,0.07395,0.28906,0.00000,0.00000,0.10717,0.62509,0.00000,1,0,0
NMAP_XMAS_TREE_SCAN,1,0.61378,0.00000,0.08274,0.07517,0.86781,0.86781,0.87410,0.35394,0.00000,0.07395,0.28906,0.00000,0.00000,0.10717,0.62509,0.00000,1,0,0
NMAP_XMAS_TREE_SCAN,1,0.68746,0.00000,0.08274,0.07517,0.86781,0.86781,0.87410,0.35394,0.00000,0.07395,0.28906,0.00000,0.00000,0.10717,0.62509,0.00000,1,0,0
NMAP_XMAS_TREE_SCAN,1,0.55717,0.00000,0.08274,0.07517,0.86781,0.86781,0.87410,0.35394,0.00000,0.07395,0.28906,0.00000,0.00000,0.10717,0.62509,0.00000,1,0,0
NMAP_XMAS_TREE_SCAN,1,0.70566,0.00000,0.08274,0.07517,0.86781,0.86781,0.87410,0.35394,0.00000,0.07395,0.28906,0.00000,0.00000,0.10717,0.62509,0.00000,1,0,0
NMAP_XMAS_TREE_SCAN,1,0.97426,0.00000,0.08274,0.07517,0.86781,0.86781,0.87410,0.35394,0.00000,0.07395,0.28906,0.00000,0.00000,0.10717,0.62509,0.00000,1,0,0
NMAP_XMAS_TREE_SCAN,1,0.68768,0.00000,0.08274,0.07517,0.86781,0.86781,0.87410,0.35394,0.00000,0.07395,0.28906,0.00000,0.00000,0.10717,0.62509,0.00000,1,0,0
NMAP_XMAS_TREE_SCAN,1,0.92141,0.00000,0.08274,0.07517,0.88038,0.88038,0.88608,0.35394,0.00000,0.07395,0.28906,0.00000,0.00000,0.09903,0.62509,0.00000,1,0,0
NMAP_XMAS_TREE_SCAN,1,0.73312,0.00000,0.08274,0.07517,0.78039,0.78039,0.79084,0.35394,0.00000,0.07395,0.28906,0.00000,0.00000,0.16824,0.62509,0.00000,1,0,0
NMAP_XMAS_TREE_SCAN,1,0.29030,0.00000,0.08274,0.07517,1.00000,1.00000,1.00000,0.35394,0.00000,0.07395,0.28906,0.00000,0.00000,0.03699,0.62509,0.00000,1,0,0
NMAP_XMAS_TREE_SCAN,1,0.83014,0.00000,0.08274,0.07517,0.84563,0.84563,0.85298,0.35394,0.00000,0.07395,0.28906,0.00000,0.00000,0.12202,0.62509,0.00000,1,0,0
NMAP_XMAS_TREE_SCAN,1,0.72213,0.00000,0.08274,0.07517,0.92075,0.92075,0.92453,0.35394,0.00000,0.07395,0.28906,0.00000,0.00000,0.07462,0.62509,0.00000,1,0,0
NMAP_XMAS_TREE_SCAN,1,0.75755,0.00000,0.08274,0.07517,0.95000,0.95000,0.95238,0.35394,0.00000,0.07395,0.28906,0.00000,0.00000,0.05895,0.62509,0.00000,1,0,0
NMAP_XMAS_TREE_SCAN,1,0.68746,0.00000,0.08274,0.07517,0.95000,0.95000,0.95238,0.35394,0.00000,0.07395,0.28906,0.00000,0.00000,0.05895,0.62509,0.00000,1,0,0
NMAP_XMAS_TREE_SCAN,1,0.68733,0.00000,0.08274,0.07517,0.94150,0.94150,0.94429,0.35394,0.00000,0.07395,0.28906,0.00000,0.00000,0.06331,0.62509,0.00000,1,0,0
NMAP_XMAS_TREE_SCAN,1,0.40582,0.00000,0.08274,0.07517,0.86781,0.86781,0.87410,0.35394,0.00000,0.07395,0.28906,0.00000,0.00000,0.10717,0.62509,0.00000,1,0,0
NMAP_XMAS_TREE_SCAN,1,0.81101,0.00000,0.08274,0.07517,0.85710,0.85710,0.86391,0.35394,0.00000,0.07395,0.28906,0.00000,0.00000,0.11427,0.62509,0.00000,1,0,0
NMAP_XMAS_TREE_SCAN,1,0.44821,0.00000,0.08274,0.07517,0.77075,0.77075,0.78167,0.35394,0.00000,0.07395,0.28906,0.00000,0.00000,0.17529,0.62509,0.00000,1,0,0
NMAP_XMAS_TREE_SCAN,1,0.80799,0.00000,0.08274,0.07517,0.86781,0.86781,0.87410,0.35394,0.00000,0.07395,0.28906,0.00000,0.00000,0.10717,0.62509,0.00000,1,0,0
NMAP_XMAS_TREE_SCAN,1,0.76823,0.00000,0.08274,0.07517,0.85710,0.85710,0.86391,0.35394,0.00000,0.07395,0.28906,0.00000,0.00000,0.11427,0.62509,0.00000,1,0,0
NMAP_XMAS_TREE_SCAN,1,0.78470,0.00000,0.08274,0.07517,0.85710,0.85710,0.86391,0.35394,0.00000,0.07395,0.28906,0.00000,0.00000,0.11427,0.62509,0.00000,1,0,0
NMAP_XMAS_TREE_SCAN,1,0.68711,0.00000,0.08274,0.07517,0.85710,0.85710,0.86391,0.35394,0.00000,0.07395,0.28906,0.00000,0.00000,0.11427,0.62509,0.00000,1,0,0
NMAP_XMAS_TREE_SCAN,1,0.71316,0.00000,0.08274,0.07517,0.85710,0.85710,0.86391,0.35394,0.00000,0.07395,0.28906,0.00000,0.00000,0.11427,0.62509,0.00000,1,0,0
NMAP_XMAS_TREE_SCAN,1,0.56808,0.00000,0.08274,0.07517,0.88038,0.88038,0.88608,0.35394,0.00000,0.07395,0.28906,0.00000,0.00000,0.09903,0.62509,0.00000,1,0,0
NMAP_XMAS_TREE_SCAN,1,0.70202,0.00000,0.08274,0.07517,0.85466,0.85466,0.86158,0.35394,0.00000,0.07395,0.28906,0.00000,0.00000,0.11591,0.62509,0.00000,1,0,0
NMAP_XMAS_TREE_SCAN,1,0.57944,0.00000,0.08274,0.07517,0.84778,0.84778,0.85503,0.35394,0.00000,0.07395,0.28906,0.00000,0.00000,0.12055,0.62509,0.00000,1,0,0
NMAP_XMAS_TREE_SCAN,1,0.75295,0.00000,0.08274,0.07517,0.86781,0.86781,0.87410,0.35394,0.00000,0.07395,0.28906,0.00000,0.00000,0.10717,0.62509,0.00000,1,0,0
NMAP_XMAS_TREE_SCAN,1,0.68563,0.00000,0.08274,0.07517,0.86781,0.86781,0.87410,0.35394,0.00000,0.07395,0.28906,0.00000,0.00000,0.10717,0.62509,0.00000,1,0,0
NMAP_XMAS_TREE_SCAN,1,0.97426,0.00000,0.08274,0.07517,0.86781,0.86781,0.87410,0.35394,0.00000,0.07395,0.28906,0.00000,0.00000,0.10717,0.62509,0.00000,1,0,0
NMAP_XMAS_TREE_SCAN,1,0.77563,0.00000,0.08274,0.07517,0.83760,0.83760,0.84534,0.35394,0.00000,0.07395,0.28906,0.00000,0.00000,0.12752,0.62509,0.00000,1,0,0
NMAP_XMAS_TREE_SCAN,1,0.63845,0.00000,0.08274,0.07517,0.75587,0.75587,0.76749,0.35394,0.00000,0.07395,0.28906,0.00000,0.00000,0.18625,0.62509,0.00000,1,0,0
NMAP_XMAS_TREE_SCAN,1,0.65925,0.00000,0.08274,0.07517,0.86781,0.86781,0.87410,0.35394,0.00000,0.07395,0.28906,0.00000,0.00000,0.10717,0.62509,0.00000,1,0,0
NMAP_XMAS_TREE_SCAN,1,0.93770,0.00000,0.08274,0.07517,0.94150,0.94150,0.94429,0.35394,0.00000,0.07395,0.28906,0.00000,0.00000,0.06331,0.62509,0.00000,1,0,0
NMAP_XMAS_TREE_SCAN,1,0.78325,0.00000,0.08274,0.07517,0.85710,0.85710,0.86391,0.35394,0.00000,0.07395,0.28906,0.00000,0.00000,0.11427,0.62509,0.00000,1,0,0
NMAP_XMAS_TREE_SCAN,1,0.62993,0.00000,0.08274,0.07517,0.77382,0.77382,0.78459,0.35394,0.00000,0.07395,0.28906,0.00000,0.00000,0.17304,0.62509,0.00000,1,0,0
NMAP_XMAS_TREE_SCAN,1,0.63345,0.00000,0.08274,0.07517,0.84778,0.84778,0.85503,0.35394,0.00000,0.07395,0.28906,0.00000,0.00000,0.12055,0.62509,0.00000,1,0,0
NMAP_XMAS_TREE_SCAN,1,0.70130,0.00000,0.08274,0.07517,0.76429,0.76429,0.77551,0.35394,0.00000,0.07395,0.28906,0.00000,0.00000,0.18004,0.62509,0.00000,1,0,0
NMAP_XMAS_TREE_SCAN,1,0.82216,0.00000,0.08274,0.07517,0.86781,0.86781,0.87410,0.35394,0.00000,0.07395,0.28906,0.00000,0.00000,0.10717,0.62509,0.00000,1,0,0
NMAP_XMAS_TREE_SCAN,1,0.78169,0.00000,0.08274,0.07517,0.78039,0.78039,0.79084,0.35394,0.00000,0.07395,0.28906,0.00000,0.00000,0.16824,0.62509,0.00000,1,0,0
NMAP_XMAS_TREE_SCAN,1,0.27458,0.00000,0.08274,0.07517,0.85710,0.85710,0.86391,0.35394,0.00000,0.07395,0.28906,0.00000,0.00000,0.11427,0.62509,0.00000,1,0,0
NMAP_XMAS_TREE_SCAN,1,0.62495,0.00000,0.08274,0.07517,0.86781,0.86781,0.87410,0.35394,0.00000,0.07395,0.28906,0.00000,0.00000,0.10717,0.62509,0.00000,1,0,0
NMAP_XMAS_TREE_SCAN,1,0.77561,0.00000,0.08274,0.07517,0.85710,0.85710,0.86391,0.35394,0.00000,0.07395,0.28906,0.00000,0.00000,0.11427,0.62509,0.00000,1,0,0
NMAP_XMAS_TREE_SCAN,1,0.68737,0.00000,0.08274,0.07517,0.86781,0.86781,0.87410,0.35394,0.00000,0.07395,0.28906,0.00000,0.00000,0.10717,0.62509,0.00000,1,0,0
NMAP_XMAS_TREE_SCAN,1,0.68586,0.00000,0.08274,0.07517,0.77382,0.77382,0.78459,0.35394,0.00000,0.07395,0.28906,0.00000,0.00000,0.17304,0.62509,0.00000,1,0,0
NMAP_XMAS_TREE_SCAN,1,0.63142,0.00000,0.08274,0.07517,0.86781,0.86781,0.87410,0.35394,0.00000,0.07395,0.28906,0.00000,0.00000,0.10717,0.62509,0.00000,1,0,0
NMAP_XMAS_TREE_SCAN,1,0.45883,0.00000,0.08274,0.07517,0.94150,0.94150,0.94429,0.35394,0.00000,0.07395,0.28906,0.00000,0.00000,0.06331,0.62509,0.00000,1,0,0
NMAP_XMAS_TREE_SCAN,1,0.80105,0.00000,0.08274,0.07517,0.95000,0.95000,0.95238,0.35394,0.00000,0.07395,0.28906,0.00000,0.00000,0.05895,0.62509,0.00000,1,0,0
NMAP_XMAS_TREE_SCAN,1,0.70937,0.00000,0.08274,0.07517,1.00000,1.00000,1.00000,0.35394,0.00000,0.07395,0.28906,0.00000,0.00000,0.03699,0.62509,0.00000,1,0,0
NMAP_XMAS_TREE_SCAN,1,0.75753,0.00000,0.08274,0.07517,0.85710,0.85710,0.86391,0.35394,0.00000,0.07395,0.28906,0.00000,0.00000,0.11427,0.62509,0.00000,1,0,0
NMAP_XMAS_TREE_SCAN,1,0.97430,0.00000,0.08274,0.07517,0.85710,0.85710,0.86391,0.35394,0.00000,0.07395,0.28906,0.00000,0.00000,0.11427,0.62509,0.00000,1,0,0
NMAP_XMAS_TREE_SCAN,1,0.81056,0.00000,0.08274,0.07517,0.75114,0.75114,0.76299,0.35394,0.00000,0.07395,0.28906,0.00000,0.00000,0.18976,0.62509,0.00000,1,0,0
NMAP_XMAS_TREE_SCAN,1,0.81811,0.00000,0.08274,0.07517,0.88038,0.88038,0.88608,0.35394,0.00000,0.07395,0.28906,0.00000,0.00000,0.09903,0.62509,0.00000,1,0,0
NMAP_XMAS_TREE_SCAN,1,0.43177,0.00000,0.08274,0.07517,0.85466,0.85466,0.86158,0.35394,0.00000,0.07395,0.28906,0.00000,0.00000,0.11591,0.62509,0.00000,1,0,0
NMAP_XMAS_TREE_SCAN,1,0.67377,0.00000,0.08274,0.07517,0.84778,0.84778,0.85503,0.35394,0.00000,0.07395,0.28906,0.00000,0.00000,0.12055,0.62509,0.00000,1,0,0
NMAP_XMAS_TREE_SCAN,1,0.63837,0.00000,0.08274,0.07517,0.95000,0.95000,0.95238,0.35394,0.00000,0.07395,0.28906,0.00000,0.00000,0.05895,0.62509,0.00000,1,0,0
NMAP_XMAS_TREE_SCAN,1,0.76631,0.00000,0.08274,0.07517,0.85466,0.85466,0.86158,0.35394,0.00000,0.07395,0.28906,0.00000,0.00000,0.11591,0.62509,0.00000,1,0,0
NMAP_XMAS_TREE_SCAN,1,0.81276,0.00000,0.08274,0.07517,0.86781,0.86781,0.87410,0.35394,0.00000,0.07395,0.28906,0.00000,0.00000,0.10717,0.62509,0.00000,1,0,0
NMAP_XMAS_TREE_SCAN,1,0.27017,0.00000,0.08274,0.07517,0.74670,0.74670,0.75876,0.35394,0.00000,0.07395,0.28906,0.00000,0.00000,0.19305,0.62509,0.00000,1,0,0
NMAP_XMAS_TREE_SCAN,1,0.82014,0.00000,0.08274,0.07517,0.85710,0.85710,0.86391,0.35394,0.00000,0.07395,0.28906,0.00000,0.00000,0.11427,0.62509,0.00000,1,0,0
NMAP_XMAS_TREE_SCAN,1,0.81146,0.00000,0.08274,0.07517,0.86781,0.86781,0.87410,0.35394,0.00000,0.07395,0.28906,0.00000,0.00000,0.10717,0.62509,0.00000,1,0,0
NMAP_XMAS_TREE_SCAN,1,0.79985,0.00000,0.08274,0.07517,0.88038,0.88038,0.88608,0.35394,0.00000,0.07395,0.28906,0.00000,0.00000,0.09903,0.62509,0.00000,1,0,0
NMAP_XMAS_TREE_SCAN,1,0.78691,0.00000,0.08274,0.07517,0.86781,0.86781,0.87410,0.35394,0.00000,0.07395,0.28906,0.00000,0.00000,0.10717,0.62509,0.00000,1,0,0
NMAP_XMAS_TREE_SCAN,1,0.93772,0.00000,0.08274,0.07517,0.85710,0.85710,0.86391,0.35394,0.00000,0.07395,0.28906,0.00000,0.00000,0.11427,0.62509,0.00000,1,0,0
NMAP_XMAS_TREE_SCAN,1,0.67920,0.00000,0.08274,0.07517,0.86781,0.86781,0.87410,0.35394,0.00000,0.07395,0.28906,0.00000,0.00000,0.10717,0.62509,0.00000,1,0,0
NMAP_XMAS_TREE_SCAN,1,0.67377,0.00000,0.08274,0.07517,0.86498,0.86498,0.87141,0.35394,0.00000,0.07395,0.28906,0.00000,0.00000,0.10903,0.62509,0.00000,1,0,0
NMAP_XMAS_TREE_SCAN,1,0.60035,0.00000,0.08274,0.07517,0.85710,0.85710,0.86391,0.35394,0.00000,0.07395,0.28906,0.00000,0.00000,0.11427,0.62509,0.00000,1,0,0
NMAP_XMAS_TREE_SCAN,1,0.82973,0.00000,0.08274,0.07517,0.86781,0.86781,0.87410,0.35394,0.00000,0.07395,0.28906,0.00000,0.00000,0.10717,0.62509,0.00000,1,0,0
NMAP_XMAS_TREE_SCAN,1,0.63377,0.00000,0.08274,0.07517,0.84563,0.84563,0.85298,0.35394,0.00000,0.07395,0.28906,0.00000,0.00000,0.12202,0.62509,0.00000,1,0,0
NMAP_XMAS_TREE_SCAN,1,0.63018,0.00000,0.08274,0.07517,0.85466,0.85466,0.86158,0.35394,0.00000,0.07395,0.28906,0.00000,0.00000,0.11591,0.62509,0.00000,1,0,0
NMAP_XMAS_TREE_SCAN,1,0.82110,0.00000,0.08274,0.07517,0.86498,0.86498,0.87141,0.35394,0.00000,0.07395,0.28906,0.00000,0.00000,0.10903,0.62509,0.00000,1,0,0
NMAP_XMAS_TREE_SCAN,1,0.68755,0.00000,0.08274,0.07517,0.85710,0.85710,0.86391,0.35394,0.00000,0.07395,0.28906,0.00000,0.00000,0.11427,0.62509,0.00000,1,0,0
NMAP_XMAS_TREE_SCAN,1,0.93929,0.00000,0.08274,0.07517,0.90000,0.90000,0.90476,0.35394,0.00000,0.07395,0.28906,0.00000,0.00000,0.08681,0.62509,0.00000,1,0,0
NMAP_XMAS_TREE_SCAN,1,0.82636,0.00000,0.08274,0.07517,0.85710,0.85710,0.86391,0.35394,0.00000,0.07395,0.28906,0.00000,0.00000,0.11427,0.62509,0.00000,1,0,0
NMAP_XMAS_TREE_SCAN,1,0.62263,0.00000,0.08274,0.07517,0.84778,0.84778,0.85503,0.35394,0.00000,0.07395,0.28906,0.00000,0.00000,0.12055,0.62509,0.00000,1,0,0
NMAP_XMAS_TREE_SCAN,1,0.62308,0.00000,0.08274,0.07517,0.74670,0.74670,0.75876,0.35394,0.00000,0.07395,0.28906,0.00000,0.00000,0.19305,0.62509,0.00000,1,0,0
NMAP_XMAS_TREE_SCAN,1,0.77337,0.00000,0.08274,0.07517,0.86498,0.86498,0.87141,0.35394,0.00000,0.07395,0.28906,0.00000,0.00000,0.10903,0.62509,0.00000,1,0,0
NMAP_XMAS_TREE_SCAN,1,0.97723,0.00000,0.08274,0.07517,0.86781,0.86781,0.87410,0.35394,0.00000,0.07395,0.28906,0.00000,0.00000,0.10717,0.62509,0.00000,1,0,0
NMAP_XMAS_TREE_SCAN,1,0.83087,0.00000,0.08274,0.07517,0.75347,0.75347,0.76520,0.35394,0.00000,0.07395,0.28906,0.00000,0.00000,0.18803,0.62509,0.00000,1,0,0
NMAP_XMAS_TREE_SCAN,1,0.62858,0.00000,0.08274,0.07517,0.85710,0.85710,0.86391,0.35394,0.00000,0.07395,0.28906,0.00000,0.00000,0.11427,0.62509,0.00000,1,0,0
NMAP_XMAS_TREE_SCAN,1,0.81150,0.00000,0.08274,0.07517,0.85466,0.85466,0.86158,0.35394,0.00000,0.07395,0.28906,0.00000,0.00000,0.11591,0.62509,0.00000,1,0,0
NMAP_XMAS_TREE_SCAN,1,0.62406,0.00000,0.08274,0.07517,0.85710,0.85710,0.86391,0.35394,0.00000,0.07395,0.28906,0.00000,0.00000,0.11427,0.62509,0.00000,1,0,0
NMAP_XMAS_TREE_SCAN,1,0.80953,0.00000,0.08274,0.07517,0.88038,0.88038,0.88608,0.35394,0.00000,0.07395,0.28906,0.00000,0.00000,0.09903,0.62509,0.00000,1,0,0
NMAP_XMAS_TREE_SCAN,1,0.79413,0.00000,0.08274,0.07517,0.84563,0.84563,0.85298,0.35394,0.00000,0.07395,0.28906,0.00000,0.00000,0.12202,0.62509,0.00000,1,0,0
NMAP_XMAS_TREE_SCAN,1,0.62513,0.00000,0.08274,0.07517,0.88038,0.88038,0.88608,0.35394,0.00000,0.07395,0.28906,0.00000,0.00000,0.09903,0.62509,0.00000,1,0,0
NMAP_XMAS_TREE_SCAN,1,0.73159,0.00000,0.08274,0.07517,0.77382,0.77382,0.78459,0.35394,0.00000,0.07395,0.28906,0.00000,0.00000,0.17304,0.62509,0.00000,1,0,0
NMAP_XMAS_TREE_SCAN,1,0.71966,0.00000,0.08274,0.07517,0.85710,0.85710,0.86391,0.35394,0.00000,0.07395,0.28906,0.00000,0.00000,0.11427,0.62509,0.00000,1,0,0
NMAP_XMAS_TREE_SCAN,1,0.87305,0.00000,0.08274,0.07517,0.85710,0.85710,0.86391,0.35394,0.00000,0.07395,0.28906,0.00000,0.00000,0.11427,0.62509,0.00000,1,0,0
NMAP_XMAS_TREE_SCAN,1,0.82156,0.00000,0.08274,0.07517,0.75406,0.75406,0.76577,0.35394,0.00000,0.07395,0.28906,0.00000,0.00000,0.18759,0.62509,0.00000,1,0,0
NMAP_XMAS_TREE_SCAN,1,0.76817,0.00000,0.08274,0.07517,0.86781,0.86781,0.87410,0.35394,0.00000,0.07395,0.28906,0.00000,0.00000,0.10717,0.62509,0.00000,1,0,0
NMAP_XMAS_TREE_SCAN,1,0.64217,0.00000,0.08274,0.07517,0.91498,0.91498,0.91903,0.35394,0.00000,0.07395,0.28906,0.00000,0.00000,0.07793,0.62509,0.00000,1,0,0
NMAP_XMAS_TREE_SCAN,1,0.82674,0.00000,0.08274,0.07517,0.86781,0.86781,0.87410,0.35394,0.00000,0.07395,0.28906,0.00000,0.00000,0.10717,0.62509,0.00000,1,0,0
NMAP_XMAS_TREE_SCAN,1,0.52596,0.00000,0.08274,0.07517,0.86781,0.86781,0.87410,0.35394,0.00000,0.07395,0.28906,0.00000,0.00000,0.10717,0.62509,0.00000,1,0,0
NMAP_XMAS_TREE_SCAN,1,0.20766,0.00000,0.08274,0.07517,0.85466,0.85466,0.86158,0.35394,0.00000,0.07395,0.28906,0.00000,0.00000,0.11591,0.62509,0.00000,1,0,0
NMAP_XMAS_TREE_SCAN,1,0.44306,0.00000,0.08274,0.07517,0.76429,0.76429,0.77551,0.35394,0.00000,0.07395,0.28906,0.00000,0.00000,0.18004,0.62509,0.00000,1,0,0
NMAP_XMAS_TREE_SCAN,1,0.71320,0.00000,0.08274,0.07517,0.88038,0.88038,0.88608,0.35394,0.00000,0.07395,0.28906,0.00000,0.00000,0.09903,0.62509,0.00000,1,0,0
NMAP_XMAS_TREE_SCAN,1,0.67910,0.00000,0.08274,0.07517,0.83760,0.83760,0.84534,0.35394,0.00000,0.07395,0.28906,0.00000,0.00000,0.12752,0.62509,0.00000,1,0,0
NMAP_XMAS_TREE_SCAN,1,0.77691,0.00000,0.08274,0.07517,0.86781,0.86781,0.87410,0.35394,0.00000,0.07395,0.28906,0.00000,0.00000,0.10717,0.62509,0.00000,1,0,0
NMAP_XMAS_TREE_SCAN,1,0.69373,0.00000,0.08274,0.07517,0.85466,0.85466,0.86158,0.35394,0.00000,0.07395,0.28906,0.00000,0.00000,0.11591,0.62509,0.00000,1,0,0
NMAP_XMAS_TREE_SCAN,1,0.93772,0.00000,0.08274,0.07517,0.75347,0.75347,0.76520,0.35394,0.00000,0.07395,0.28906,0.00000,0.00000,0.18803,0.62509,0.00000,1,0,0
NMAP_XMAS_TREE_SCAN,1,0.42392,0.00000,0.08274,0.07517,0.86781,0.86781,0.87410,0.35394,0.00000,0.07395,0.28906,0.00000,0.00000,0.10717,0.62509,0.00000,1,0,0
NMAP_XMAS_TREE_SCAN,1,0.82991,0.00000,0.08274,0.07517,0.86781,0.86781,0.87410,0.35394,0.00000,0.07395,0.28906,0.00000,0.00000,0.10717,0.62509,0.00000,1,0,0
NMAP_XMAS_TREE_SCAN,1,0.63943,0.00000,0.08274,0.07517,0.85466,0.85466,0.86158,0.35394,0.00000,0.07395,0.28906,0.00000,0.00000,0.11591,0.62509,0.00000,1,0,0
NMAP_XMAS_TREE_SCAN,1,0.78323,0.00000,0.08274,0.07517,0.86781,0.86781,0.87410,0.35394,0.00000,0.07395,0.28906,0.00000,0.00000,0.10717,0.62509,0.00000,1,0,0
NMAP_XMAS_TREE_SCAN,1,0.84016,0.00000,0.08274,0.07517,1.00000,1.00000,1.00000,0.35394,0.00000,0.07395,0.28906,0.00000,0.00000,0.03699,0.62509,0.00000,1,0,0
NMAP_XMAS_TREE_SCAN,1,0.62371,0.00000,0.08274,0.07517,0.86781,0.86781,0.87410,0.35394,0.00000,0.07395,0.28906,0.00000,0.00000,0.10717,0.62509,0.00000,1,0,0
NMAP_XMAS_TREE_SCAN,1,0.74529,0.00000,0.08274,0.07517,0.84563,0.84563,0.85298,0.35394,0.00000,0.07395,0.28906,0.00000,0.00000,0.12202,0.62509,0.00000,1,0,0
NMAP_XMAS_TREE_SCAN,1,0.81376,0.00000,0.08274,0.07517,0.77304,0.77304,0.78385,0.35394,0.00000,0.07395,0.28906,0.00000,0.00000,0.17361,0.62509,0.00000,1,0,0
NMAP_XMAS_TREE_SCAN,1,0.57601,0.00000,0.08274,0.07517,0.84778,0.84778,0.85503,0.35394,0.00000,0.07395,0.28906,0.00000,0.00000,0.12055,0.62509,0.00000,1,0,0
NMAP_XMAS_TREE_SCAN,1,0.62397,0.00000,0.08274,0.07517,0.84778,0.84778,0.85503,0.35394,0.00000,0.07395,0.28906,0.00000,0.00000,0.12055,0.62509,0.00000,1,0,0
NMAP_XMAS_TREE_SCAN,1,0.71293,0.00000,0.08274,0.07517,0.85710,0.85710,0.86391,0.35394,0.00000,0.07395,0.28906,0.00000,0.00000,0.11427,0.62509,0.00000,1,0,0
NMAP_XMAS_TREE_SCAN,1,0.67798,0.00000,0.08274,0.07517,0.94150,0.94150,0.94429,0.35394,0.00000,0.07395,0.28906,0.00000,0.00000,0.06331,0.62509,0.00000,1,0,0
NMAP_XMAS_TREE_SCAN,1,0.80983,0.00000,0.08274,0.07517,0.86781,0.86781,0.87410,0.35394,0.00000,0.07395,0.28906,0.00000,0.00000,0.10717,0.62509,0.00000,1,0,0
NMAP_XMAS_TREE_SCAN,1,0.78309,0.00000,0.08274,0.07517,0.84563,0.84563,0.85298,0.35394,0.00000,0.07395,0.28906,0.00000,0.00000,0.12202,0.62509,0.00000,1,0,0
NMAP_XMAS_TREE_SCAN,1,0.89319,0.00000,0.08274,0.07517,0.86781,0.86781,0.87410,0.35394,0.00000,0.07395,0.28906,0.00000,0.00000,0.10717,0.62509,0.00000,1,0,0
NMAP_XMAS_TREE_SCAN,1,0.79444,0.00000,0.08274,0.07517,0.86498,0.86498,0.87141,0.35394,0.00000,0.07395,0.28906,0.00000,0.00000,0.10903,0.62509,0.00000,1,0,0
NMAP_XMAS_TREE_SCAN,1,0.74303,0.00000,0.08274,0.07517,0.86781,0.86781,0.87410,0.35394,0.00000,0.07395,0.28906,0.00000,0.00000,0.10717,0.62509,0.00000,1,0,0
NMAP_XMAS_TREE_SCAN,1,0.70923,0.00000,0.08274,0.07517,0.85710,0.85710,0.86391,0.35394,0.00000,0.07395,0.28906,0.00000,0.00000,0.11427,0.62509,0.00000,1,0,0
NMAP_XMAS_TREE_SCAN,1,0.85743,0.00000,0.08274,0.07517,0.86781,0.86781,0.87410,0.35394,0.00000,0.07395,0.28906,0.00000,0.00000,0.10717,0.62509,0.00000,1,0,0
NMAP_XMAS_TREE_SCAN,1,0.59704,0.00000,0.08274,0.07517,0.77382,0.77382,0.78459,0.35394,0.00000,0.07395,0.28906,0.00000,0.00000,0.17304,0.62509,0.00000,1,0,0
NMAP_XMAS_TREE_SCAN,1,0.39632,0.00000,0.08274,0.00000,0.00000,0.00000,0.00000,0.00000,0.00000,0.00000,0.00000,0.00000,0.00000,0.00000,0.62509,0.00000,1,0,0
NMAP_XMAS_TREE_SCAN,1,0.46834,0.00000,0.08274,0.07517,0.86781,0.86781,0.87410,0.35394,0.00000,0.07395,0.28906,0.00000,0.00000,0.10717,0.62509,0.00000,1,0,0
NMAP_XMAS_TREE_SCAN,1,0.92141,0.00000,0.08274,0.07517,0.88038,0.88038,0.88608,0.35394,0.00000,0.07395,0.28906,0.00000,0.00000,0.09903,0.62509,0.00000,1,0,0
NMAP_XMAS_TREE_SCAN,1,0.63361,0.00000,0.08274,0.07517,0.86498,0.86498,0.87141,0.35394,0.00000,0.07395,0.28906,0.00000,0.00000,0.10903,0.62509,0.00000,1,0,0
NMAP_XMAS_TREE_SCAN,1,0.72231,0.00000,0.08274,0.07517,0.85710,0.85710,0.86391,0.35394,0.00000,0.07395,0.28906,0.00000,0.00000,0.11427,0.62509,0.00000,1,0,0
NMAP_XMAS_TREE_SCAN,1,0.66105,0.00000,0.08274,0.07517,0.77382,0.77382,0.78459,0.35394,0.00000,0.07395,0.28906,0.00000,0.00000,0.17304,0.62509,0.00000,1,0,0
NMAP_XMAS_TREE_SCAN,1,0.70566,0.00000,0.08274,0.07517,0.91498,0.91498,0.91903,0.35394,0.00000,0.07395,0.28906,0.00000,0.00000,0.07793,0.62509,0.00000,1,0,0
NMAP_XMAS_TREE_SCAN,1,0.56314,0.00000,0.08274,0.07517,0.86498,0.86498,0.87141,0.35394,0.00000,0.07395,0.28906,0.00000,0.00000,0.10903,0.62509,0.00000,1,0,0
NMAP_XMAS_TREE_SCAN,1,0.97580,0.00000,0.08274,0.07517,0.86781,0.86781,0.87410,0.35394,0.00000,0.07395,0.28906,0.00000,0.00000,0.10717,0.62509,0.00000,1,0,0
NMAP_XMAS_TREE_SCAN,1,0.33921,0.00000,0.08274,0.07517,0.85710,0.85710,0.86391,0.35394,0.00000,0.07395,0.28906,0.00000,0.00000,0.11427,0.62509,0.00000,1,0,0
NMAP_XMAS_TREE_SCAN,1,0.75999,0.00000,0.08274,0.07517,0.84563,0.84563,0.85298,0.35394,0.00000,0.07395,0.28906,0.00000,0.00000,0.12202,0.62509,0.00000,1,0,0
NMAP_XMAS_TREE_SCAN,1,0.79411,0.00000,0.08274,0.07517,0.86781,0.86781,0.87410,0.35394,0.00000,0.07395,0.28906,0.00000,0.00000,0.10717,0.62509,0.00000,1,0,0
NMAP_XMAS_TREE_SCAN,1,0.98931,0.00000,0.08274,0.07517,0.72343,0.72343,0.73660,0.35394,0.00000,0.07395,0.28906,0.00000,0.00000,0.21040,0.62509,0.00000,1,0,0
NMAP_XMAS_TREE_SCAN,1,0.81760,0.00000,0.08274,0.07517,0.81226,0.81226,0.82120,0.35394,0.00000,0.07395,0.28906,0.00000,0.00000,0.14528,0.62509,0.00000,1,0,0
NMAP_XMAS_TREE_SCAN,1,0.89416,0.00000,0.08274,0.07517,0.86781,0.86781,0.87410,0.35394,0.00000,0.07395,0.28906,0.00000,0.00000,0.10717,0.62509,0.00000,1,0,0
NMAP_XMAS_TREE_SCAN,1,0.68994,0.00000,0.08274,0.07517,0.77382,0.77382,0.78459,0.35394,0.00000,0.07395,0.28906,0.00000,0.00000,0.17304,0.62509,0.00000,1,0,0
NMAP_XMAS_TREE_SCAN,1,0.73129,0.00000,0.08274,0.07517,0.88038,0.88038,0.88608,0.35394,0.00000,0.07395,0.28906,0.00000,0.00000,0.09903,0.62509,0.00000,1,0,0
NMAP_XMAS_TREE_SCAN,1,0.62713,0.00000,0.08274,0.07517,0.77075,0.77075,0.78167,0.35394,0.00000,0.07395,0.28906,0.00000,0.00000,0.17529,0.62509,0.00000,1,0,0
NMAP_XMAS_TREE_SCAN,1,0.60150,0.00000,0.08274,0.07517,0.77304,0.77304,0.78385,0.35394,0.00000,0.07395,0.28906,0.00000,0.00000,0.17361,0.62509,0.00000,1,0,0
NMAP_XMAS_TREE_SCAN,1,0.81496,0.00000,0.08274,0.07517,0.85710,0.85710,0.86391,0.35394,0.00000,0.07395,0.28906,0.00000,0.00000,0.11427,0.62509,0.00000,1,0,0
NMAP_XMAS_TREE_SCAN,1,0.77756,0.00000,0.08274,0.07517,0.85710,0.85710,0.86391,0.35394,0.00000,0.07395,0.28906,0.00000,0.00000,0.11427,0.62509,0.00000,1,0,0
NMAP_XMAS_TREE_SCAN,1,0.82225,0.00000,0.08274,0.07517,0.86781,0.86781,0.87410,0.35394,0.00000,0.07395,0.28906,0.00000,0.00000,0.10717,0.62509,0.00000,1,0,0
NMAP_XMAS_TREE_SCAN,1,0.63935,0.00000,0.08274,0.07517,0.88038,0.88038,0.88608,0.35394,0.00000,0.07395,0.28906,0.00000,0.00000,0.09903,0.62509,0.00000,1,0,0
NMAP_XMAS_TREE_SCAN,1,0.81063,0.00000,0.08274,0.07517,0.84563,0.84563,0.85298,0.35394,0.00000,0.07395,0.28906,0.00000,0.00000,0.12202,0.62509,0.00000,1,0,0
NMAP_XMAS_TREE_SCAN,1,0.78398,0.00000,0.08274,0.07517,0.86781,0.86781,0.87410,0.35394,0.00000,0.07395,0.28906,0.00000,0.00000,0.10717,0.62509,0.00000,1,0,0
NMAP_XMAS_TREE_SCAN,1,0.63150,0.00000,0.08274,0.07517,0.86781,0.86781,0.87410,0.35394,0.00000,0.07395,0.28906,0.00000,0.00000,0.10717,0.62509,0.00000,1,0,0
NMAP_XMAS_TREE_SCAN,1,0.87304,0.00000,0.08274,0.07517,0.86781,0.86781,0.87410,0.35394,0.00000,0.07395,0.28906,0.00000,0.00000,0.10717,0.62509,0.00000,1,0,0
NMAP_XMAS_TREE_SCAN,1,0.99946,0.00000,0.08274,0.07517,0.85710,0.85710,0.86391,0.35394,0.00000,0.07395,0.28906,0.00000,0.00000,0.11427,0.62509,0.00000,1,0,0
NMAP_XMAS_TREE_SCAN,1,0.84710,0.00000,0.08274,0.07517,0.91498,0.91498,0.91903,0.35394,0.00000,0.07395,0.28906,0.00000,0.00000,0.07793,0.62509,0.00000,1,0,0
NMAP_XMAS_TREE_SCAN,1,0.62884,0.00000,0.08274,0.07517,0.84563,0.84563,0.85298,0.35394,0.00000,0.07395,0.28906,0.00000,0.00000,0.12202,0.62509,0.00000,1,0,0
NMAP_XMAS_TREE_SCAN,1,0.92140,0.00000,0.08274,0.07517,0.78390,0.78390,0.79419,0.35394,0.00000,0.07395,0.28906,0.00000,0.00000,0.16568,0.62509,0.00000,1,0,0
NMAP_XMAS_TREE_SCAN,1,0.67514,0.00000,0.08274,0.07517,0.85466,0.85466,0.86158,0.35394,0.00000,0.07395,0.28906,0.00000,0.00000,0.11591,0.62509,0.00000,1,0,0
NMAP_XMAS_TREE_SCAN,1,0.71617,0.00000,0.08274,0.07517,0.84778,0.84778,0.85503,0.35394,0.00000,0.07395,0.28906,0.00000,0.00000,0.12055,0.62509,0.00000,1,0,0
NMAP_XMAS_TREE_SCAN,1,0.74343,0.00000,0.08274,0.07517,0.86781,0.86781,0.87410,0.35394,0.00000,0.07395,0.28906,0.00000,0.00000,0.10717,0.62509,0.00000,1,0,0
NMAP_XMAS_TREE_SCAN,1,0.81706,0.00000,0.08274,0.07517,0.86781,0.86781,0.87410,0.35394,0.00000,0.07395,0.28906,0.00000,0.00000,0.10717,0.62509,0.00000,1,0,0
NMAP_XMAS_TREE_SCAN,1,0.97670,0.00000,0.08274,0.07517,0.86781,0.86781,0.87410,0.35394,0.00000,0.07395,0.28906,0.00000,0.00000,0.10717,0.62509,0.00000,1,0,0
NMAP_XMAS_TREE_SCAN,1,0.97227,0.00000,0.08274,0.07517,0.94150,0.94150,0.94429,0.35394,0.00000,0.07395,0.28906,0.00000,0.00000,0.06331,0.62509,0.00000,1,0,0
NMAP_XMAS_TREE_SCAN,1,0.48309,0.00000,0.08274,0.07517,0.85710,0.85710,0.86391,0.35394,0.00000,0.07395,0.28906,0.00000,0.00000,0.11427,0.62509,0.00000,1,0,0
NMAP_XMAS_TREE_SCAN,1,0.62652,0.00000,0.08274,0.07517,0.86781,0.86781,0.87410,0.35394,0.00000,0.07395,0.28906,0.00000,0.00000,0.10717,0.62509,0.00000,1,0,0
NMAP_XMAS_TREE_SCAN,1,0.83015,0.00000,0.08274,0.07517,0.85710,0.85710,0.86391,0.35394,0.00000,0.07395,0.28906,0.00000,0.00000,0.11427,0.62509,0.00000,1,0,0
NMAP_XMAS_TREE_SCAN,1,0.76925,0.00000,0.08274,0.07517,0.77382,0.77382,0.78459,0.35394,0.00000,0.07395,0.28906,0.00000,0.00000,0.17304,0.62509,0.00000,1,0,0
NMAP_XMAS_TREE_SCAN,1,0.77212,0.00000,0.08274,0.07517,0.84563,0.84563,0.85298,0.35394,0.00000,0.07395,0.28906,0.00000,0.00000,0.12202,0.62509,0.00000,1,0,0
NMAP_XMAS_TREE_SCAN,1,0.87368,0.00000,0.08274,0.07517,0.83760,0.83760,0.84534,0.35394,0.00000,0.07395,0.28906,0.00000,0.00000,0.12752,0.62509,0.00000,1,0,0
NMAP_XMAS_TREE_SCAN,1,0.62968,0.00000,0.08274,0.07517,0.75406,0.75406,0.76577,0.35394,0.00000,0.07395,0.28906,0.00000,0.00000,0.18759,0.62509,0.00000,1,0,0
NMAP_XMAS_TREE_SCAN,1,0.61478,0.00000,0.08274,0.07517,0.77382,0.77382,0.78459,0.35394,0.00000,0.07395,0.28906,0.00000,0.00000,0.17304,0.62509,0.00000,1,0,0
NMAP_XMAS_TREE_SCAN,1,0.39632,0.00000,0.08274,0.00000,0.00000,0.00000,0.00000,0.00000,0.00000,0.00000,0.00000,0.00000,0.00000,0.00000,0.62509,0.00000,1,0,0
NMAP_XMAS_TREE_SCAN,1,0.51500,0.00000,0.08274,0.07517,0.81781,0.81781,0.82648,0.35394,0.00000,0.07395,0.28906,0.00000,0.00000,0.14134,0.62509,0.00000,1,0,0
NMAP_XMAS_TREE_SCAN,1,0.62317,0.00000,0.08274,0.07517,0.77382,0.77382,0.78459,0.35394,0.00000,0.07395,0.28906,0.00000,0.00000,0.17304,0.62509,0.00000,1,0,0
NMAP_XMAS_TREE_SCAN,1,0.63684,0.00000,0.08274,0.07517,0.86781,0.86781,0.87410,0.35394,0.00000,0.07395,0.28906,0.00000,0.00000,0.10717,0.62509,0.00000,1,0,0
NMAP_XMAS_TREE_SCAN,1,0.76998,0.00000,0.08274,0.07517,0.85710,0.85710,0.86391,0.35394,0.00000,0.07395,0.28906,0.00000,0.00000,0.11427,0.62509,0.00000,1,0,0
NMAP_XMAS_TREE_SCAN,1,0.63001,0.00000,0.08274,0.07517,0.77304,0.77304,0.78385,0.35394,0.00000,0.07395,0.28906,0.00000,0.00000,0.17361,0.62509,0.00000,1,0,0
NMAP_XMAS_TREE_SCAN,1,0.50322,0.00000,0.08274,0.07517,0.86781,0.86781,0.87410,0.35394,0.00000,0.07395,0.28906,0.00000,0.00000,0.10717,0.62509,0.00000,1,0,0
NMAP_XMAS_TREE_SCAN,1,0.70134,0.00000,0.08274,0.07517,0.95000,0.95000,0.95238,0.35394,0.00000,0.07395,0.28906,0.00000,0.00000,0.05895,0.62509,0.00000,1,0,0
NMAP_XMAS_TREE_SCAN,1,0.81078,0.00000,0.08274,0.07517,0.86781,0.86781,0.87410,0.35394,0.00000,0.07395,0.28906,0.00000,0.00000,0.10717,0.62509,0.00000,1,0,0
NMAP_XMAS_TREE_SCAN,1,0.62600,0.00000,0.08274,0.07517,0.86781,0.86781,0.87410,0.35394,0.00000,0.07395,0.28906,0.00000,0.00000,0.10717,0.62509,0.00000,1,0,0
NMAP_XMAS_TREE_SCAN,1,0.64297,0.00000,0.08274,0.07517,0.86781,0.86781,0.87410,0.35394,0.00000,0.07395,0.28906,0.00000,0.00000,0.10717,0.62509,0.00000,1,0,0
NMAP_XMAS_TREE_SCAN,1,0.81988,0.00000,0.08274,0.07517,0.84778,0.84778,0.85503,0.35394,0.00000,0.07395,0.28906,0.00000,0.00000,0.12055,0.62509,0.00000,1,0,0
NMAP_XMAS_TREE_SCAN,1,0.68990,0.00000,0.08274,0.07517,0.85466,0.85466,0.86158,0.35394,0.00000,0.07395,0.28906,0.00000,0.00000,0.11591,0.62509,0.00000,1,0,0
NMAP_XMAS_TREE_SCAN,1,0.82117,0.00000,0.08274,0.07517,0.86498,0.86498,0.87141,0.35394,0.00000,0.07395,0.28906,0.00000,0.00000,0.10903,0.62509,0.00000,1,0,0
NMAP_XMAS_TREE_SCAN,1,0.98449,0.00000,0.08274,0.07517,0.84563,0.84563,0.85298,0.35394,0.00000,0.07395,0.28906,0.00000,0.00000,0.12202,0.62509,0.00000,1,0,0
NMAP_XMAS_TREE_SCAN,1,0.69084,0.00000,0.08274,0.07517,0.86781,0.86781,0.87410,0.35394,0.00000,0.07395,0.28906,0.00000,0.00000,0.10717,0.62509,0.00000,1,0,0
NMAP_XMAS_TREE_SCAN,1,0.89245,0.00000,0.08274,0.07517,0.83038,0.83038,0.83846,0.35394,0.00000,0.07395,0.28906,0.00000,0.00000,0.13252,0.62509,0.00000,1,0,0
NMAP_XMAS_TREE_SCAN,1,0.72365,0.00000,0.08274,0.07517,0.85710,0.85710,0.86391,0.35394,0.00000,0.07395,0.28906,0.00000,0.00000,0.11427,0.62509,0.00000,1,0,0
NMAP_XMAS_TREE_SCAN,1,0.97427,0.00000,0.08274,0.07517,0.86781,0.86781,0.87410,0.35394,0.00000,0.07395,0.28906,0.00000,0.00000,0.10717,0.62509,0.00000,1,0,0
NMAP_XMAS_TREE_SCAN,1,0.88417,0.00000,0.08274,0.07517,0.83760,0.83760,0.84534,0.35394,0.00000,0.07395,0.28906,0.00000,0.00000,0.12752,0.62509,0.00000,1,0,0
NMAP_XMAS_TREE_SCAN,1,0.81267,0.00000,0.08274,0.07517,0.85710,0.85710,0.86391,0.35394,0.00000,0.07395,0.28906,0.00000,0.00000,0.11427,0.62509,0.00000,1,0,0
NMAP_XMAS_TREE_SCAN,1,0.62397,0.00000,0.08274,0.07517,0.86781,0.86781,0.87410,0.35394,0.00000,0.07395,0.28906,0.00000,0.00000,0.10717,0.62509,0.00000,1,0,0
NMAP_XMAS_TREE_SCAN,1,0.79271,0.00000,0.08274,0.07517,0.84778,0.84778,0.85503,0.35394,0.00000,0.07395,0.28906,0.00000,0.00000,0.12055,0.62509,0.00000,1,0,0
NMAP_XMAS_TREE_SCAN,1,0.67610,0.00000,0.08274,0.07517,0.75347,0.75347,0.76520,0.35394,0.00000,0.07395,0.28906,0.00000,0.00000,0.18803,0.62509,0.00000,1,0,0
NMAP_XMAS_TREE_SCAN,1,0.68742,0.00000,0.08274,0.07517,0.86781,0.86781,0.87410,0.35394,0.00000,0.07395,0.28906,0.00000,0.00000,0.10717,0.62509,0.00000,1,0,0
NMAP_XMAS_TREE_SCAN,1,0.70130,0.00000,0.08274,0.07517,0.85466,0.85466,0.86158,0.35394,0.00000,0.07395,0.28906,0.00000,0.00000,0.11591,0.62509,0.00000,1,0,0
NMAP_XMAS_TREE_SCAN,1,0.75081,0.00000,0.08274,0.07517,0.86781,0.86781,0.87410,0.35394,0.00000,0.07395,0.28906,0.00000,0.00000,0.10717,0.62509,0.00000,1,0,0
NMAP_XMAS_TREE_SCAN,1,0.61368,0.00000,0.08274,0.07517,0.86781,0.86781,0.87410,0.35394,0.00000,0.07395,0.28906,0.00000,0.00000,0.10717,0.62509,0.00000,1,0,0
NMAP_XMAS_TREE_SCAN,1,0.62317,0.00000,0.08274,0.07517,0.78039,0.78039,0.79084,0.35394,0.00000,0.07395,0.28906,0.00000,0.00000,0.16824,0.62509,0.00000,1,0,0
NMAP_XMAS_TREE_SCAN,1,0.48352,0.00000,0.08274,0.07517,0.77382,0.77382,0.78459,0.35394,0.00000,0.07395,0.28906,0.00000,0.00000,0.17304,0.62509,0.00000,1,0,0
NMAP_XMAS_TREE_SCAN,1,0.39852,0.00000,0.08274,0.07517,0.86781,0.86781,0.87410,0.35394,0.00000,0.07395,0.28906,0.00000,0.00000,0.10717,0.62509,0.00000,1,0,0
NMAP_XMAS_TREE_SCAN,1,0.76537,0.00000,0.08274,0.07517,1.00000,1.00000,1.00000,0.35394,0.00000,0.07395,0.28906,0.00000,0.00000,0.03699,0.62509,0.00000,1,0,0
NMAP_XMAS_TREE_SCAN,1,0.83605,0.00000,0.08274,0.07517,0.84778,0.84778,0.85503,0.35394,0.00000,0.07395,0.28906,0.00000,0.00000,0.12055,0.62509,0.00000,1,0,0
NMAP_XMAS_TREE_SCAN,1,0.77288,0.00000,0.08274,0.07517,0.77075,0.77075,0.78167,0.35394,0.00000,0.07395,0.28906,0.00000,0.00000,0.17529,0.62509,0.00000,1,0,0
NMAP_XMAS_TREE_SCAN,1,0.76631,0.00000,0.08274,0.07517,0.83760,0.83760,0.84534,0.35394,0.00000,0.07395,0.28906,0.00000,0.00000,0.12752,0.62509,0.00000,1,0,0
NMAP_XMAS_TREE_SCAN,1,0.72204,0.00000,0.08274,0.07517,0.85466,0.85466,0.86158,0.35394,0.00000,0.07395,0.28906,0.00000,0.00000,0.11591,0.62509,0.00000,1,0,0
NMAP_XMAS_TREE_SCAN,1,0.80403,0.00000,0.08274,0.07517,0.84563,0.84563,0.85298,0.35394,0.00000,0.07395,0.28906,0.00000,0.00000,0.12202,0.62509,0.00000,1,0,0
NMAP_XMAS_TREE_SCAN,1,0.71263,0.00000,0.08274,0.07517,0.92075,0.92075,0.92453,0.35394,0.00000,0.07395,0.28906,0.00000,0.00000,0.07462,0.62509,0.00000,1,0,0
NMAP_XMAS_TREE_SCAN,1,0.97429,0.00000,0.08274,0.07517,0.85710,0.85710,0.86391,0.35394,0.00000,0.07395,0.28906,0.00000,0.00000,0.11427,0.62509,0.00000,1,0,0
NMAP_XMAS_TREE_SCAN,1,0.54432,0.00000,0.08274,0.07517,0.86781,0.86781,0.87410,0.35394,0.00000,0.07395,0.28906,0.00000,0.00000,0.10717,0.62509,0.00000,1,0,0
NMAP_XMAS_TREE_SCAN,1,0.69007,0.00000,0.08274,0.07517,0.88038,0.88038,0.88608,0.35394,0.00000,0.07395,0.28906,0.00000,0.00000,0.09903,0.62509,0.00000,1,0,0
NMAP_XMAS_TREE_SCAN,1,0.63199,0.00000,0.08274,0.07517,0.75406,0.75406,0.76577,0.35394,0.00000,0.07395,0.28906,0.00000,0.00000,0.18759,0.62509,0.00000,1,0,0
NMAP_XMAS_TREE_SCAN,1,0.68724,0.00000,0.08274,0.07517,0.85466,0.85466,0.86158,0.35394,0.00000,0.07395,0.28906,0.00000,0.00000,0.11591,0.62509,0.00000,1,0,0
NMAP_XMAS_TREE_SCAN,1,0.81913,0.00000,0.08274,0.07517,0.86781,0.86781,0.87410,0.35394,0.00000,0.07395,0.28906,0.00000,0.00000,0.10717,0.62509,0.00000,1,0,0
NMAP_XMAS_TREE_SCAN,1,0.66543,0.00000,0.08274,0.07517,0.85710,0.85710,0.86391,0.35394,0.00000,0.07395,0.28906,0.00000,0.00000,0.11427,0.62509,0.00000,1,0,0
NMAP_XMAS_TREE_SCAN,1,0.82156,0.00000,0.08274,0.07517,0.85466,0.85466,0.86158,0.35394,0.00000,0.07395,0.28906,0.00000,0.00000,0.11591,0.62509,0.00000,1,0,0
NMAP_XMAS_TREE_SCAN,1,0.80621,0.00000,0.08274,0.07517,0.86781,0.86781,0.87410,0.35394,0.00000,0.07395,0.28906,0.00000,0.00000,0.10717,0.62509,0.00000,1,0,0
NMAP_XMAS_TREE_SCAN,1,0.75545,0.00000,0.08274,0.07517,0.71890,0.71890,0.73228,0.35394,0.00000,0.07395,0.28906,0.00000,0.00000,0.21380,0.62509,0.00000,1,0,0
NMAP_XMAS_TREE_SCAN,1,0.68568,0.00000,0.08274,0.07517,0.74888,0.74888,0.76084,0.35394,0.00000,0.07395,0.28906,0.00000,0.00000,0.19143,0.62509,0.00000,1,0,0
NMAP_XMAS_TREE_SCAN,1,0.45007,0.00000,0.08274,0.07517,0.86781,0.86781,0.87410,0.35394,0.00000,0.07395,0.28906,0.00000,0.00000,0.10717,0.62509,0.00000,1,0,0
NMAP_XMAS_TREE_SCAN,1,0.92416,0.00000,0.08274,0.07517,0.86498,0.86498,0.87141,0.35394,0.00000,0.07395,0.28906,0.00000,0.00000,0.10903,0.62509,0.00000,1,0,0
NMAP_XMAS_TREE_SCAN,1,0.82692,0.00000,0.08274,0.07517,0.85710,0.85710,0.86391,0.35394,0.00000,0.07395,0.28906,0.00000,0.00000,0.11427,0.62509,0.00000,1,0,0
NMAP_XMAS_TREE_SCAN,1,0.81762,0.00000,0.08274,0.07517,0.85710,0.85710,0.86391,0.35394,0.00000,0.07395,0.28906,0.00000,0.00000,0.11427,0.62509,0.00000,1,0,0
NMAP_XMAS_TREE_SCAN,1,0.68586,0.00000,0.08274,0.07517,0.85466,0.85466,0.86158,0.35394,0.00000,0.07395,0.28906,0.00000,0.00000,0.11591,0.62509,0.00000,1,0,0
NMAP_XMAS_TREE_SCAN,1,0.31803,0.00000,0.08274,0.07517,0.86498,0.86498,0.87141,0.35394,0.00000,0.07395,0.28906,0.00000,0.00000,0.10903,0.62509,0.00000,1,0,0
NMAP_XMAS_TREE_SCAN,1,0.39520,0.00000,0.08274,0.07517,0.77703,0.77703,0.78765,0.35394,0.00000,0.07395,0.28906,0.00000,0.00000,0.17069,0.62509,0.00000,1,0,0
NMAP_XMAS_TREE_SCAN,1,0.64581,0.00000,0.08274,0.07517,0.77382,0.77382,0.78459,0.35394,0.00000,0.07395,0.28906,0.00000,0.00000,0.17304,0.62509,0.00000,1,0,0
NMAP_XMAS_TREE_SCAN,1,0.75295,0.00000,0.08274,0.07517,0.92075,0.92075,0.92453,0.35394,0.00000,0.07395,0.28906,0.00000,0.00000,0.07462,0.62509,0.00000,1,0,0
NMAP_XMAS_TREE_SCAN,1,0.82333,0.00000,0.08274,0.07517,0.85710,0.85710,0.86391,0.35394,0.00000,0.07395,0.28906,0.00000,0.00000,0.11427,0.62509,0.00000,1,0,0
NMAP_XMAS_TREE_SCAN,1,0.82166,0.00000,0.08274,0.07517,0.86781,0.86781,0.87410,0.35394,0.00000,0.07395,0.28906,0.00000,0.00000,0.10717,0.62509,0.00000,1,0,0
NMAP_XMAS_TREE_SCAN,1,0.96518,0.00000,0.08274,0.07517,0.86781,0.86781,0.87410,0.35394,0.00000,0.07395,0.28906,0.00000,0.00000,0.10717,0.62509,0.00000,1,0,0
NMAP_XMAS_TREE_SCAN,1,0.92973,0.00000,0.08274,0.07517,0.86781,0.86781,0.87410,0.35394,0.00000,0.07395,0.28906,0.00000,0.00000,0.10717,0.62509,0.00000,1,0,0
NMAP_XMAS_TREE_SCAN,1,0.88417,0.00000,0.08274,0.07517,0.85710,0.85710,0.86391,0.35394,0.00000,0.07395,0.28906,0.00000,0.00000,0.11427,0.62509,0.00000,1,0,0
NMAP_XMAS_TREE_SCAN,1,0.82955,0.00000,0.08274,0.07517,0.83953,0.83953,0.84717,0.35394,0.00000,0.07395,0.28906,0.00000,0.00000,0.12619,0.62509,0.00000,1,0,0
NMAP_XMAS_TREE_SCAN,1,0.78171,0.00000,0.08274,0.07517,0.71709,0.71709,0.73056,0.35394,0.00000,0.07395,0.28906,0.00000,0.00000,0.21515,0.62509,0.00000,1,0,0
NMAP_XMAS_TREE_SCAN,1,0.74621,0.00000,0.08274,0.07517,0.84563,0.84563,0.85298,0.35394,0.00000,0.07395,0.28906,0.00000,0.00000,0.12202,0.62509,0.00000,1,0,0
NMAP_XMAS_TREE_SCAN,1,0.79855,0.00000,0.08274,0.07517,0.75114,0.75114,0.76299,0.35394,0.00000,0.07395,0.28906,0.00000,0.00000,0.18976,0.62509,0.00000,1,0,0
NMAP_XMAS_TREE_SCAN,1,0.69904,0.00000,0.08274,0.07517,0.86781,0.86781,0.87410,0.35394,0.00000,0.07395,0.28906,0.00000,0.00000,0.10717,0.62509,0.00000,1,0,0
NMAP_XMAS_TREE_SCAN,1,0.73669,0.00000,0.08274,0.07517,0.88038,0.88038,0.88608,0.35394,0.00000,0.07395,0.28906,0.00000,0.00000,0.09903,0.62509,0.00000,1,0,0
NMAP_XMAS_TREE_SCAN,1,0.81153,0.00000,0.08274,0.07517,0.86781,0.86781,0.87410,0.35394,0.00000,0.07395,0.28906,0.00000,0.00000,0.10717,0.62509,0.00000,1,0,0
NMAP_XMAS_TREE_SCAN,1,0.77782,0.00000,0.08274,0.07517,0.74670,0.74670,0.75876,0.35394,0.00000,0.07395,0.28906,0.00000,0.00000,0.19305,0.62509,0.00000,1,0,0
NMAP_XMAS_TREE_SCAN,1,0.54191,0.00000,0.08274,0.07517,0.85710,0.85710,0.86391,0.35394,0.00000,0.07395,0.28906,0.00000,0.00000,0.11427,0.62509,0.00000,1,0,0
NMAP_XMAS_TREE_SCAN,1,0.28278,0.00000,0.08274,0.00000,0.00000,0.00000,0.00000,0.00000,0.00000,0.00000,0.00000,0.00000,0.00000,0.00000,0.62509,0.00000,1,0,0
NMAP_XMAS_TREE_SCAN,1,0.75965,0.00000,0.08274,0.07517,0.95000,0.95000,0.95238,0.35394,0.00000,0.07395,0.28906,0.00000,0.00000,0.05895,0.62509,0.00000,1,0,0
NMAP_XMAS_TREE_SCAN,1,0.73022,0.00000,0.08274,0.07517,0.85710,0.85710,0.86391,0.35394,0.00000,0.07395,0.28906,0.00000,0.00000,0.11427,0.62509,0.00000,1,0,0
NMAP_XMAS_TREE_SCAN,1,0.81600,0.00000,0.08274,0.07517,0.86781,0.86781,0.87410,0.35394,0.00000,0.07395,0.28906,0.00000,0.00000,0.10717,0.62509,0.00000,1,0,0
NMAP_XMAS_TREE_SCAN,1,0.70944,0.00000,0.08274,0.07517,0.85710,0.85710,0.86391,0.35394,0.00000,0.07395,0.28906,0.00000,0.00000,0.11427,0.62509,0.00000,1,0,0
NMAP_XMAS_TREE_SCAN,1,0.78459,0.00000,0.08274,0.07517,0.85710,0.85710,0.86391,0.35394,0.00000,0.07395,0.28906,0.00000,0.00000,0.11427,0.62509,0.00000,1,0,0
NMAP_XMAS_TREE_SCAN,1,0.73349,0.00000,0.08274,0.07517,0.85710,0.85710,0.86391,0.35394,0.00000,0.07395,0.28906,0.00000,0.00000,0.11427,0.62509,0.00000,1,0,0
NMAP_XMAS_TREE_SCAN,1,0.67407,0.00000,0.08274,0.07517,0.85710,0.85710,0.86391,0.35394,0.00000,0.07395,0.28906,0.00000,0.00000,0.11427,0.62509,0.00000,1,0,0
NMAP_XMAS_TREE_SCAN,1,0.50322,0.00000,0.08274,0.07517,0.85466,0.85466,0.86158,0.35394,0.00000,0.07395,0.28906,0.00000,0.00000,0.11591,0.62509,0.00000,1,0,0
NMAP_XMAS_TREE_SCAN,1,0.62548,0.00000,0.08274,0.07517,0.85710,0.85710,0.86391,0.35394,0.00000,0.07395,0.28906,0.00000,0.00000,0.11427,0.62509,0.00000,1,0,0
NMAP_XMAS_TREE_SCAN,1,0.42474,0.00000,0.08274,0.07517,0.84563,0.84563,0.85298,0.35394,0.00000,0.07395,0.28906,0.00000,0.00000,0.12202,0.62509,0.00000,1,0,0
NMAP_XMAS_TREE_SCAN,1,0.67798,0.00000,0.08274,0.07517,0.83760,0.83760,0.84534,0.35394,0.00000,0.07395,0.28906,0.00000,0.00000,0.12752,0.62509,0.00000,1,0,0
NMAP_XMAS_TREE_SCAN,1,0.67190,0.00000,0.08274,0.07517,0.77382,0.77382,0.78459,0.35394,0.00000,0.07395,0.28906,0.00000,0.00000,0.17304,0.62509,0.00000,1,0,0
NMAP_XMAS_TREE_SCAN,1,0.40481,0.00000,0.08274,0.07517,0.74616,0.74616,0.75825,0.35394,0.00000,0.07395,0.28906,0.00000,0.00000,0.19345,0.62509,0.00000,1,0,0
NMAP_XMAS_TREE_SCAN,1,0.71588,0.00000,0.08274,0.07517,0.80587,0.80587,0.81511,0.35394,0.00000,0.07395,0.28906,0.00000,0.00000,0.14983,0.62509,0.00000,1,0,0
NMAP_XMAS_TREE_SCAN,1,0.69181,0.00000,0.08274,0.07517,0.88038,0.88038,0.88608,0.35394,0.00000,0.07395,0.28906,0.00000,0.00000,0.09903,0.62509,0.00000,1,0,0
NMAP_XMAS_TREE_SCAN,1,0.71343,0.00000,0.08274,0.07517,0.88390,0.88390,0.88943,0.35394,0.00000,0.07395,0.28906,0.00000,0.00000,0.09680,0.62509,0.00000,1,0,0
NMAP_XMAS_TREE_SCAN,1,0.64734,0.00000,0.08274,0.07517,0.79251,0.79251,0.80239,0.35394,0.00000,0.07395,0.28906,0.00000,0.00000,0.15943,0.62509,0.00000,1,0,0
NMAP_XMAS_TREE_SCAN,1,0.74341,0.00000,0.08274,0.07517,0.88038,0.88038,0.88608,0.35394,0.00000,0.07395,0.28906,0.00000,0.00000,0.09903,0.62509,0.00000,1,0,0
NMAP_XMAS_TREE_SCAN,1,0.62244,0.00000,0.08274,0.07517,0.74458,0.74458,0.75674,0.35394,0.00000,0.07395,0.28906,0.00000,0.00000,0.19463,0.62509,0.00000,1,0,0
NMAP_XMAS_TREE_SCAN,1,0.83562,0.00000,0.08274,0.07517,0.95000,0.95000,0.95238,0.35394,0.00000,0.07395,0.28906,0.00000,0.00000,0.05895,0.62509,0.00000,1,0,0
NMAP_XMAS_TREE_SCAN,1,0.78441,0.00000,0.08274,0.07517,0.73808,0.73808,0.75055,0.35394,0.00000,0.07395,0.28906,0.00000,0.00000,0.19946,0.62509,0.00000,1,0,0
NMAP_XMAS_TREE_SCAN,1,0.35975,0.00001,0.08274,0.07517,0.71293,0.71293,0.72660,0.35394,0.00000,0.07395,0.28906,0.00000,0.00000,0.21828,0.62509,0.00000,1,0,0
NMAP_XMAS_TREE_SCAN,1,0.79695,0.00000,0.08274,0.07517,0.94150,0.94150,0.94429,0.35394,0.00000,0.07395,0.28906,0.00000,0.00000,0.06331,0.62509,0.00000,1,0,0
NMAP_XMAS_TREE_SCAN,1,0.56296,0.00000,0.08274,0.07517,0.86781,0.86781,0.87410,0.35394,0.00000,0.07395,0.28906,0.00000,0.00000,0.10717,0.62509,0.00000,1,0,0
NMAP_XMAS_TREE_SCAN,1,0.72984,0.00000,0.08274,0.07517,0.74670,0.74670,0.75876,0.35394,0.00000,0.07395,0.28906,0.00000,0.00000,0.19305,0.62509,0.00000,1,0,0
NMAP_XMAS_TREE_SCAN,1,0.58660,0.00000,0.08274,0.07517,0.84563,0.84563,0.85298,0.35394,0.00000,0.07395,0.28906,0.00000,0.00000,0.12202,0.62509,0.00000,1,0,0
NMAP_XMAS_TREE_SCAN,1,0.98887,0.00000,0.08274,0.07517,0.86781,0.86781,0.87410,0.35394,0.00000,0.07395,0.28906,0.00000,0.00000,0.10717,0.62509,0.00000,1,0,0
NMAP_XMAS_TREE_SCAN,1,0.14515,0.00000,0.08274,0.07517,0.84778,0.84778,0.85503,0.35394,0.00000,0.07395,0.28906,0.00000,0.00000,0.12055,0.62509,0.00000,1,0,0
NMAP_XMAS_TREE_SCAN,1,0.99452,0.00000,0.08274,0.07517,0.76159,0.76159,0.77294,0.35394,0.00000,0.07395,0.28906,0.00000,0.00000,0.18203,0.62509,0.00000,1,0,0
NMAP_XMAS_TREE_SCAN,1,0.38444,0.00000,0.08274,0.07517,0.86781,0.86781,0.87410,0.35394,0.00000,0.07395,0.28906,0.00000,0.00000,0.10717,0.62509,0.00000,1,0,0
NMAP_XMAS_TREE_SCAN,1,0.83613,0.00000,0.08274,0.07517,0.86781,0.86781,0.87410,0.35394,0.00000,0.07395,0.28906,0.00000,0.00000,0.10717,0.62509,0.00000,1,0,0
NMAP_XMAS_TREE_SCAN,1,0.63409,0.00000,0.08274,0.07517,0.90000,0.90000,0.90476,0.35394,0.00000,0.07395,0.28906,0.00000,0.00000,0.08681,0.62509,0.00000,1,0,0
NMAP_XMAS_TREE_SCAN,1,0.56841,0.00000,0.08274,0.07517,0.85710,0.85710,0.86391,0.35394,0.00000,0.07395,0.28906,0.00000,0.00000,0.11427,0.62509,0.00000,1,0,0
NMAP_XMAS_TREE_SCAN,1,0.68856,0.00000,0.08274,0.07517,0.85710,0.85710,0.86391,0.35394,0.00000,0.07395,0.28906,0.00000,0.00000,0.11427,0.62509,0.00000,1,0,0
NMAP_XMAS_TREE_SCAN,1,0.82187,0.00000,0.08274,0.07517,0.74670,0.74670,0.75876,0.35394,0.00000,0.07395,0.28906,0.00000,0.00000,0.19305,0.62509,0.00000,1,0,0
NMAP_XMAS_TREE_SCAN,1,0.65687,0.00000,0.08274,0.07517,0.86781,0.86781,0.87410,0.35394,0.00000,0.07395,0.28906,0.00000,0.00000,0.10717,0.62509,0.00000,1,0,0
NMAP_XMAS_TREE_SCAN,1,0.29724,0.00000,0.08274,0.07517,0.85466,0.85466,0.86158,0.35394,0.00000,0.07395,0.28906,0.00000,0.00000,0.11591,0.62509,0.00000,1,0,0
NMAP_XMAS_TREE_SCAN,1,0.63166,0.00000,0.08274,0.07517,0.86781,0.86781,0.87410,0.35394,0.00000,0.07395,0.28906,0.00000,0.00000,0.10717,0.62509,0.00000,1,0,0
NMAP_XMAS_TREE_SCAN,1,0.93774,0.00000,0.08274,0.07517,0.95000,0.95000,0.95238,0.35394,0.00000,0.07395,0.28906,0.00000,0.00000,0.05895,0.62509,0.00000,1,0,0
NMAP_XMAS_TREE_SCAN,1,0.68649,0.00000,0.08274,0.07517,0.85710,0.85710,0.86391,0.35394,0.00000,0.07395,0.28906,0.00000,0.00000,0.11427,0.62509,0.00000,1,0,0
NMAP_XMAS_TREE_SCAN,1,0.66864,0.00000,0.08274,0.07517,0.94150,0.94150,0.94429,0.35394,0.00000,0.07395,0.28906,0.00000,0.00000,0.06331,0.62509,0.00000,1,0,0
NMAP_XMAS_TREE_SCAN,1,0.55717,0.00000,0.08274,0.07517,0.86781,0.86781,0.87410,0.35394,0.00000,0.07395,0.28906,0.00000,0.00000,0.10717,0.62509,0.00000,1,0,0
NMAP_XMAS_TREE_SCAN,1,0.69397,0.00000,0.08274,0.07517,0.85710,0.85710,0.86391,0.35394,0.00000,0.07395,0.28906,0.00000,0.00000,0.11427,0.62509,0.00000,1,0,0
NMAP_XMAS_TREE_SCAN,1,0.62764,0.00000,0.08274,0.07517,0.95000,0.95000,0.95238,0.35394,0.00000,0.07395,0.28906,0.00000,0.00000,0.05895,0.62509,0.00000,1,0,0
NMAP_XMAS_TREE_SCAN,1,0.64476,0.00000,0.08274,0.07517,0.85466,0.85466,0.86158,0.35394,0.00000,0.07395,0.28906,0.00000,0.00000,0.11591,0.62509,0.00000,1,0,0
NMAP_XMAS_TREE_SCAN,1,0.63583,0.00000,0.08274,0.07517,0.78039,0.78039,0.79084,0.35394,0.00000,0.07395,0.28906,0.00000,0.00000,0.16824,0.62509,0.00000,1,0,0
NMAP_XMAS_TREE_SCAN,1,0.67195,0.00000,0.08274,0.07517,0.75347,0.75347,0.76520,0.35394,0.00000,0.07395,0.28906,0.00000,0.00000,0.18803,0.62509,0.00000,1,0,0
NMAP_XMAS_TREE_SCAN,1,0.80467,0.00000,0.08274,0.07517,0.86781,0.86781,0.87410,0.35394,0.00000,0.07395,0.28906,0.00000,0.00000,0.10717,0.62509,0.00000,1,0,0
NMAP_XMAS_TREE_SCAN,1,0.73537,0.00000,0.08274,0.07517,0.85710,0.85710,0.86391,0.35394,0.00000,0.07395,0.28906,0.00000,0.00000,0.11427,0.62509,0.00000,1,0,0
NMAP_XMAS_TREE_SCAN,1,0.56331,0.00000,0.08274,0.07517,0.84563,0.84563,0.85298,0.35394,0.00000,0.07395,0.28906,0.00000,0.00000,0.12202,0.62509,0.00000,1,0,0
NMAP_XMAS_TREE_SCAN,1,0.92416,0.00000,0.08274,0.07517,0.88038,0.88038,0.88608,0.35394,0.00000,0.07395,0.28906,0.00000,0.00000,0.09903,0.62509,0.00000,1,0,0
NMAP_XMAS_TREE_SCAN,1,0.74904,0.00000,0.08274,0.07517,0.76781,0.76781,0.77886,0.35394,0.00000,0.07395,0.28906,0.00000,0.00000,0.17745,0.62509,0.00000,1,0,0
NMAP_XMAS_TREE_SCAN,1,0.68423,0.00000,0.08274,0.07517,0.85466,0.85466,0.86158,0.35394,0.00000,0.07395,0.28906,0.00000,0.00000,0.11591,0.62509,0.00000,1,0,0
NMAP_XMAS_TREE_SCAN,1,0.64864,0.00000,0.08274,0.07517,0.88038,0.88038,0.88608,0.35394,0.00000,0.07395,0.28906,0.00000,0.00000,0.09903,0.62509,0.00000,1,0,0
NMAP_XMAS_TREE_SCAN,1,0.93280,0.00000,0.08274,0.07517,0.86781,0.86781,0.87410,0.35394,0.00000,0.07395,0.28906,0.00000,0.00000,0.10717,0.62509,0.00000,1,0,0
NMAP_XMAS_TREE_SCAN,1,0.62135,0.00000,0.08274,0.07517,0.77382,0.77382,0.78459,0.35394,0.00000,0.07395,0.28906,0.00000,0.00000,0.17304,0.62509,0.00000,1,0,0
NMAP_XMAS_TREE_SCAN,1,1.00000,0.00000,0.08274,0.07517,0.86781,0.86781,0.87410,0.35394,0.00000,0.07395,0.28906,0.00000,0.00000,0.10717,0.62509,0.00000,1,0,0
NMAP_XMAS_TREE_SCAN,1,0.63158,0.00000,0.08274,0.07517,0.85710,0.85710,0.86391,0.35394,0.00000,0.07395,0.28906,0.00000,0.00000,0.11427,0.62509,0.00000,1,0,0
NMAP_XMAS_TREE_SCAN,1,0.56891,0.00000,0.08274,0.07517,0.85710,0.85710,0.86391,0.35394,0.00000,0.07395,0.28906,0.00000,0.00000,0.11427,0.62509,0.00000,1,0,0
NMAP_XMAS_TREE_SCAN,1,0.63353,0.00000,0.08274,0.07517,0.84563,0.84563,0.85298,0.35394,0.00000,0.07395,0.28906,0.00000,0.00000,0.12202,0.62509,0.00000,1,0,0
NMAP_XMAS_TREE_SCAN,1,0.59159,0.00000,0.08274,0.07517,0.85710,0.85710,0.86391,0.35394,0.00000,0.07395,0.28906,0.00000,0.00000,0.11427,0.62509,0.00000,1,0,0
NMAP_XMAS_TREE_SCAN,1,0.62926,0.00000,0.08274,0.07517,0.86781,0.86781,0.87410,0.35394,0.00000,0.07395,0.28906,0.00000,0.00000,0.10717,0.62509,0.00000,1,0,0
NMAP_XMAS_TREE_SCAN,1,0.74529,0.00000,0.08274,0.07517,0.88038,0.88038,0.88608,0.35394,0.00000,0.07395,0.28906,0.00000,0.00000,0.09903,0.62509,0.00000,1,0,0
NMAP_XMAS_TREE_SCAN,1,0.62799,0.00000,0.08274,0.07517,0.85710,0.85710,0.86391,0.35394,0.00000,0.07395,0.28906,0.00000,0.00000,0.11427,0.62509,0.00000,1,0,0
NMAP_XMAS_TREE_SCAN,1,0.98329,0.00000,0.08274,0.07517,0.84563,0.84563,0.85298,0.35394,0.00000,0.07395,0.28906,0.00000,0.00000,0.12202,0.62509,0.00000,1,0,0
NMAP_XMAS_TREE_SCAN,1,0.80800,0.00000,0.08274,0.07517,0.85710,0.85710,0.86391,0.35394,0.00000,0.07395,0.28906,0.00000,0.00000,0.11427,0.62509,0.00000,1,0,0
NMAP_XMAS_TREE_SCAN,1,0.62609,0.00000,0.08274,0.07517,0.88038,0.88038,0.88608,0.35394,0.00000,0.07395,0.28906,0.00000,0.00000,0.09903,0.62509,0.00000,1,0,0
NMAP_XMAS_TREE_SCAN,1,0.81154,0.00000,0.08274,0.07517,0.86781,0.86781,0.87410,0.35394,0.00000,0.07395,0.28906,0.00000,0.00000,0.10717,0.62509,0.00000,1,0,0
NMAP_XMAS_TREE_SCAN,1,0.62968,0.00000,0.08274,0.07517,0.88038,0.88038,0.88608,0.35394,0.00000,0.07395,0.28906,0.00000,0.00000,0.09903,0.62509,0.00000,1,0,0
NMAP_XMAS_TREE_SCAN,1,0.64581,0.00000,0.08274,0.07517,0.86781,0.86781,0.87410,0.35394,0.00000,0.07395,0.28906,0.00000,0.00000,0.10717,0.62509,0.00000,1,0,0
NMAP_XMAS_TREE_SCAN,1,0.74617,0.00000,0.08274,0.07517,0.86781,0.86781,0.87410,0.35394,0.00000,0.07395,0.28906,0.00000,0.00000,0.10717,0.62509,0.00000,1,0,0
NMAP_XMAS_TREE_SCAN,1,0.69767,0.00000,0.08274,0.07517,0.85466,0.85466,0.86158,0.35394,0.00000,0.07395,0.28906,0.00000,0.00000,0.11591,0.62509,0.00000,1,0,0
NMAP_XMAS_TREE_SCAN,1,0.56314,0.00000,0.08274,0.07517,0.86781,0.86781,0.87410,0.35394,0.00000,0.07395,0.28906,0.00000,0.00000,0.10717,0.62509,0.00000,1,0,0
NMAP_XMAS_TREE_SCAN,1,0.67026,0.00000,0.08274,0.07517,0.85710,0.85710,0.86391,0.35394,0.00000,0.07395,0.28906,0.00000,0.00000,0.11427,0.62509,0.00000,1,0,0
NMAP_XMAS_TREE_SCAN,1,0.79241,0.00000,0.08274,0.07517,1.00000,1.00000,1.00000,0.35394,0.00000,0.07395,0.28906,0.00000,0.00000,0.03699,0.62509,0.00000,1,0,0
NMAP_XMAS_TREE_SCAN,1,0.61378,0.00000,0.08274,0.07517,0.83760,0.83760,0.84534,0.35394,0.00000,0.07395,0.28906,0.00000,0.00000,0.12752,0.62509,0.00000,1,0,0
NMAP_XMAS_TREE_SCAN,1,0.63134,0.00000,0.08274,0.07517,0.85710,0.85710,0.86391,0.35394,0.00000,0.07395,0.28906,0.00000,0.00000,0.11427,0.62509,0.00000,1,0,0
NMAP_XMAS_TREE_SCAN,1,0.73250,0.00000,0.08274,0.07517,0.75347,0.75347,0.76520,0.35394,0.00000,0.07395,0.28906,0.00000,0.00000,0.18803,0.62509,0.00000,1,0,0
